time,current,total_pv,total_user,online_anchor
12:04:48,2832,9032,9032,2832
12:04:49,2914,9211,9211,2914
12:04:49,3005,9624,9624,3005
12:04:51,2914,9211,9211,2914
12:04:52,3005,9624,9624,3005
12:04:56,3096,1.0万,1万+,3096
12:04:58,3058,1.0万,1万+,3058
12:05:06,3153,1.1万,1万+,3153
12:05:08,3227,1.1万,1万+,3227
12:05:16,3058,1.0万,1万+,3058
12:05:18,3407,1.2万,1万+,3407
12:05:20,3096,1.0万,1万+,3096
12:05:30,3576,1.3万,1万+,3576
12:05:40,3602,1.3万,1万+,3602
12:05:46,3576,1.3万,1万+,3576
12:05:50,3648,1.3万,1万+,3648
12:05:52,3804,1.5万,1万+,3804
12:05:58,3748,1.4万,1万+,3748
12:06:02,3804,1.5万,1万+,3804
12:06:08,3850,1.6万,1万+,3850
12:06:18,3993,1.7万,1万+,3993
12:06:20,3993,1.7万,1万+,3993
12:06:23,4040,1.7万,1万+,4040
12:06:25,4040,1.7万,1万+,4040
12:06:28,3962,1.6万,1万+,3962
12:06:30,4040,1.7万,1万+,4040
12:06:34,4040,1.7万,1万+,4040
12:06:44,4299,1.9万,1万+,4299
12:06:52,4324,1.9万,1万+,4324
12:06:54,4351,1.9万,1万+,4351
12:06:58,4351,1.9万,1万+,4351
12:07:00,4378,1.9万,1万+,4378
12:07:08,4455,2.0万,1万+,4455
12:07:18,4663,2.1万,2万+,4663
12:09:46,5375,2.8万,2万+,5375
12:09:48,5393,2.9万,2万+,5393
12:09:48,5413,2.9万,2万+,5413
12:09:48,5413,2.9万,2万+,5413
12:09:52,5423,3.0万,2万+,5423
12:09:58,5423,3.0万,2万+,5423
12:10:08,5479,3.0万,3万+,5479
12:10:14,5537,3.1万,3万+,5537
12:10:22,5608,3.1万,3万+,5608
12:10:28,5693,3.2万,3万+,5693
12:10:38,5741,3.2万,3万+,5741
12:10:48,5789,3.2万,3万+,5789
12:10:50,5879,3.3万,3万+,5879
12:10:52,5830,3.3万,3万+,5830
12:10:56,5879,3.3万,3万+,5879
12:11:02,5930,3.3万,3万+,5930
12:11:04,5879,3.3万,3万+,5879
12:11:08,5991,3.4万,3万+,5991
12:11:12,6001,3.4万,3万+,6001
12:11:22,5979,3.4万,3万+,5979
12:11:28,6047,3.5万,3万+,6047
12:11:36,6073,3.5万,3万+,6073
12:11:38,6031,3.5万,3万+,6031
12:11:44,6073,3.5万,3万+,6073
12:11:46,6105,3.5万,3万+,6105
12:11:52,6124,3.6万,3万+,6124
12:11:54,6223,3.7万,3万+,6223
12:11:56,6031,3.5万,3万+,6031
12:11:58,6223,3.7万,3万+,6223
12:12:04,6223,3.7万,3万+,6223
12:12:10,6259,3.7万,3万+,6259
12:12:20,6259,3.7万,3万+,6259
12:12:22,6319,3.7万,3万+,6319
12:12:28,6274,3.7万,3万+,6274
12:12:38,6429,3.8万,3万+,6429
12:12:48,6595,3.9万,3万+,6595
12:12:52,6643,4.0万,3万+,6643
12:12:58,6595,3.9万,3万+,6595
12:13:08,6643,4.0万,3万+,6643
12:13:14,6767,4.1万,4万+,6767
12:13:18,6612,3.9万,3万+,6612
12:13:22,6643,4.0万,3万+,6643
12:13:24,6796,4.1万,4万+,6796
12:13:28,6845,4.1万,4万+,6845
12:13:34,6887,4.2万,4万+,6887
12:13:38,6845,4.1万,4万+,6845
12:13:48,6887,4.2万,4万+,6887
12:13:50,6916,4.2万,4万+,6916
12:13:52,6922,4.2万,4万+,6922
12:13:58,6916,4.2万,4万+,6916
12:14:00,6946,4.3万,4万+,6946
12:14:08,7014,4.3万,4万+,7014
12:14:10,7031,4.4万,4万+,7031
12:14:18,6946,4.3万,4万+,6946
12:14:22,7093,4.4万,4万+,7093
12:14:24,7031,4.4万,4万+,7031
12:14:26,7093,4.4万,4万+,7093
12:14:28,7093,4.4万,4万+,7093
12:14:34,7178,4.5万,4万+,7178
12:14:44,7216,4.5万,4万+,7216
12:14:52,7277,4.5万,4万+,7277
12:15:00,7311,4.5万,4万+,7311
12:15:10,7359,4.6万,4万+,7359
12:15:18,7319,4.6万,4万+,7319
12:15:20,7440,4.7万,4万+,7440
12:15:22,7440,4.7万,4万+,7440
12:15:28,7482,4.7万,4万+,7482
12:15:38,7482,4.7万,4万+,7482
12:15:48,7602,4.8万,4万+,7602
12:15:50,7584,4.8万,4万+,7584
12:15:52,7584,4.8万,4万+,7584
12:15:54,7584,4.8万,4万+,7584
12:15:58,7614,4.9万,4万+,7614
12:16:08,7634,4.9万,4万+,7634
12:16:18,7658,5.0万,4万+,7658
12:16:22,7658,5.0万,4万+,7658
12:16:28,7658,5.0万,4万+,7658
12:16:34,7658,5.0万,4万+,7658
12:16:38,7676,5.0万,5万+,7676
12:16:48,7702,5.1万,5万+,7702
12:16:50,7658,5.0万,4万+,7658
12:16:52,7762,5.1万,5万+,7762
12:16:54,7802,5.1万,5万+,7802
12:16:56,7762,5.1万,5万+,7762
12:16:58,7742,5.1万,5万+,7742
12:17:00,7742,5.1万,5万+,7742
12:17:10,7802,5.1万,5万+,7802
12:17:18,7891,5.2万,5万+,7891
12:17:22,7928,5.3万,5万+,7928
12:17:24,7920,5.3万,5万+,7920
12:17:28,7928,5.3万,5万+,7928
12:17:30,7922,5.3万,5万+,7922
12:17:34,7936,5.3万,5万+,7936
12:17:44,7894,5.4万,5万+,7894
12:17:52,7879,5.4万,5万+,7879
12:18:02,7831,5.4万,5万+,7831
12:18:14,7799,5.5万,5万+,7799
12:18:20,7799,5.5万,5万+,7799
12:18:22,7820,5.5万,5万+,7820
12:18:28,7820,5.5万,5万+,7820
12:18:38,7846,5.6万,5万+,7846
12:18:48,7921,5.6万,5万+,7921
12:18:52,7823,5.6万,5万+,7823
12:18:54,7950,5.7万,5万+,7950
12:18:58,8005,5.7万,5万+,8005
12:19:08,8005,5.7万,5万+,8005
12:19:18,8094,5.8万,5万+,8094
12:19:22,8094,5.8万,5万+,8094
12:19:28,8136,5.8万,5万+,8136
12:19:38,8337,5.9万,5万+,8337
12:19:48,8291,5.9万,5万+,8291
12:19:50,8384,5.9万,5万+,8384
12:19:52,8384,5.9万,5万+,8384
12:19:54,8384,5.9万,5万+,8384
12:19:58,8367,5.9万,5万+,8367
12:20:08,8589,6.0万,5万+,8589
12:20:10,8589,6.0万,5万+,8589
12:20:16,8478,6.0万,5万+,8478
12:20:20,8729,6.1万,6万+,8729
12:20:22,8647,6.0万,6万+,8647
12:20:24,8647,6.0万,6万+,8647
12:20:32,8689,6.1万,6万+,8689
12:20:34,8798,6.1万,6万+,8798
12:20:38,8752,6.1万,6万+,8752
12:20:48,8861,6.2万,6万+,8861
12:20:50,8906,6.2万,6万+,8906
12:20:52,8798,6.1万,6万+,8798
12:20:54,8861,6.2万,6万+,8861
12:20:58,8906,6.2万,6万+,8906
12:21:08,8906,6.2万,6万+,8906
12:21:18,9106,6.3万,6万+,9106
12:21:24,8972,6.2万,6万+,8972
12:21:28,9173,6.3万,6万+,9173
12:21:30,9038,6.2万,6万+,9038
12:21:34,9173,6.3万,6万+,9173
12:21:36,9173,6.3万,6万+,9173
12:21:46,9297,6.4万,6万+,9297
12:21:49,9253,6.4万,6万+,9253
12:21:52,9314,6.4万,6万+,9314
12:21:56,9297,6.4万,6万+,9297
12:21:58,9314,6.4万,6万+,9314
12:22:02,9314,6.4万,6万+,9314
12:22:04,9345,6.5万,6万+,9345
12:22:06,9314,6.4万,6万+,9314
12:22:12,9441,6.5万,6万+,9441
12:22:18,9441,6.5万,6万+,9441
12:22:20,9422,6.5万,6万+,9422
12:22:22,9474,6.5万,6万+,9474
12:22:28,9500,6.6万,6万+,9500
12:22:38,9611,6.6万,6万+,9611
12:22:42,9543,6.6万,6万+,9543
12:22:44,9611,6.6万,6万+,9611
12:22:48,9611,6.6万,6万+,9611
12:22:52,9668,6.7万,6万+,9668
12:22:54,9668,6.7万,6万+,9668
12:22:56,9757,6.7万,6万+,9757
12:22:58,9791,6.7万,6万+,9791
12:23:08,9994,6.8万,6万+,9994
12:23:18,9994,6.8万,6万+,9994
12:23:22,10087,6.8万,6万+,1.0万
12:23:28,10087,6.8万,6万+,1.0万
12:23:30,10124,6.8万,6万+,1.0万
12:23:34,10124,6.8万,6万+,1.0万
12:23:40,10145,6.9万,6万+,1.0万
12:23:48,10145,6.9万,6万+,1.0万
12:23:50,10234,6.9万,6万+,1.0万
12:23:52,10213,6.9万,6万+,1.0万
12:23:58,10234,6.9万,6万+,1.0万
12:24:08,10289,7.0万,6万+,1.0万
12:24:18,10364,7.0万,7万+,1.0万
12:24:20,10402,7.1万,7万+,1.0万
12:24:22,10402,7.1万,7万+,1.0万
12:24:28,10402,7.1万,7万+,1.0万
12:24:38,10402,7.1万,7万+,1.0万
12:24:40,10623,7.1万,7万+,1.1万
12:24:48,10746,7.2万,7万+,1.1万
12:24:52,10785,7.2万,7万+,1.1万
12:24:58,10986,7.3万,7万+,1.1万
12:25:08,11016,7.3万,7万+,1.1万
12:25:18,11089,7.3万,7万+,1.1万
12:25:22,11242,7.3万,7万+,1.1万
12:25:28,11242,7.3万,7万+,1.1万
12:25:38,11284,7.3万,7万+,1.1万
12:25:48,11420,7.4万,7万+,1.1万
12:25:52,11270,7.3万,7万+,1.1万
12:25:54,11399,7.4万,7万+,1.1万
12:25:58,11420,7.4万,7万+,1.1万
12:26:08,11539,7.5万,7万+,1.2万
12:26:10,11539,7.5万,7万+,1.2万
12:26:18,11584,7.6万,7万+,1.2万
12:26:22,11561,7.6万,7万+,1.2万
12:26:28,11595,7.6万,7万+,1.2万
12:26:30,11612,7.6万,7万+,1.2万
12:26:38,11634,7.6万,7万+,1.2万
12:26:40,11671,7.7万,7万+,1.2万
12:26:48,11671,7.7万,7万+,1.2万
12:26:50,11671,7.7万,7万+,1.2万
12:26:52,11690,7.7万,7万+,1.2万
12:26:54,11703,7.7万,7万+,1.2万
12:26:58,11703,7.7万,7万+,1.2万
12:27:04,11703,7.7万,7万+,1.2万
12:27:14,11851,7.8万,7万+,1.2万
12:27:18,11803,7.8万,7万+,1.2万
12:27:20,11851,7.8万,7万+,1.2万
12:27:22,11928,7.8万,7万+,1.2万
12:27:24,12006,7.9万,7万+,1.2万
12:27:28,12006,7.9万,7万+,1.2万
12:27:34,12006,7.9万,7万+,1.2万
12:27:40,11851,7.8万,7万+,1.2万
12:27:48,12072,7.9万,7万+,1.2万
12:27:54,12095,8.0万,7万+,1.2万
12:27:58,12118,8.0万,8万+,1.2万
12:28:00,12106,8.0万,7万+,1.2万
12:28:08,12148,8.0万,8万+,1.2万
12:28:22,12138,8.1万,8万+,1.2万
12:28:30,12151,8.1万,8万+,1.2万
12:28:40,12151,8.1万,8万+,1.2万
12:28:48,12185,8.2万,8万+,1.2万
12:28:50,12149,8.2万,8万+,1.2万
12:28:52,12185,8.2万,8万+,1.2万
12:28:58,12193,8.3万,8万+,1.2万
12:29:00,12193,8.3万,8万+,1.2万
12:29:04,12175,8.3万,8万+,1.2万
12:29:08,12143,8.3万,8万+,1.2万
12:29:16,12134,8.3万,8万+,1.2万
12:29:20,12134,8.3万,8万+,1.2万
12:29:22,12138,8.4万,8万+,1.2万
12:29:24,12138,8.4万,8万+,1.2万
12:29:30,12181,8.4万,8万+,1.2万
12:29:40,12152,8.5万,8万+,1.2万
12:29:50,12177,8.5万,8万+,1.2万
12:29:52,12177,8.5万,8万+,1.2万
12:29:54,12177,8.5万,8万+,1.2万
12:29:56,12166,8.5万,8万+,1.2万
12:29:58,12187,8.6万,8万+,1.2万
12:30:04,12186,8.6万,8万+,1.2万
12:30:12,12213,8.6万,8万+,1.2万
12:30:22,12553,8.7万,8万+,1.3万
12:30:24,12340,8.7万,8万+,1.2万
12:30:28,12553,8.7万,8万+,1.3万
12:30:38,12982,8.8万,8万+,1.3万
12:30:48,12982,8.8万,8万+,1.3万
12:30:52,12935,8.8万,8万+,1.3万
12:30:54,12977,8.8万,8万+,1.3万
12:30:56,12696,8.8万,8万+,1.3万
12:30:58,12696,8.8万,8万+,1.3万
12:31:08,12826,8.8万,8万+,1.3万
12:31:14,12391,8.9万,8万+,1.2万
12:31:16,11826,8.9万,8万+,1.2万
12:31:20,11572,8.9万,8万+,1.2万
12:31:22,11826,8.9万,8万+,1.2万
12:31:28,11826,8.9万,8万+,1.2万
12:31:36,10843,9.0万,9万+,1.1万
12:31:38,10843,9.0万,9万+,1.1万
12:31:40,10677,9.0万,9万+,1.1万
12:31:44,10603,9.1万,9万+,1.1万
12:31:46,10603,9.1万,9万+,1.1万
12:31:52,10603,9.1万,9万+,1.1万
12:31:54,10603,9.1万,9万+,1.1万
12:31:56,10603,9.1万,9万+,1.1万
12:31:58,10549,9.1万,9万+,1.1万
12:32:00,10469,9.1万,9万+,1.0万
12:32:02,10549,9.1万,9万+,1.1万
12:32:10,10337,9.1万,9万+,1.0万
12:32:22,10252,9.1万,9万+,1.0万
12:32:28,10256,9.2万,9万+,1.0万
12:32:30,10170,9.2万,9万+,1.0万
12:32:38,10063,9.2万,9万+,1.0万
12:32:48,10055,9.3万,9万+,1.0万
12:32:50,10055,9.3万,9万+,1.0万
12:32:52,10050,9.3万,9万+,1.0万
12:32:58,10068,9.3万,9万+,1.0万
12:33:04,10068,9.3万,9万+,1.0万
12:33:08,10081,9.4万,9万+,1.0万
12:33:18,10092,9.4万,9万+,1.0万
12:33:22,10143,9.5万,9万+,1.0万
12:33:28,10143,9.5万,9万+,1.0万
12:33:40,10159,9.5万,9万+,1.0万
12:33:48,10199,9.6万,9万+,1.0万
12:33:50,10137,9.5万,9万+,1.0万
12:33:52,10237,9.6万,9万+,1.0万
12:33:54,10225,9.6万,9万+,1.0万
12:33:56,10225,9.6万,9万+,1.0万
12:33:58,10199,9.6万,9万+,1.0万
12:34:00,10237,9.6万,9万+,1.0万
12:34:04,10237,9.6万,9万+,1.0万
12:34:14,10300,9.7万,9万+,1.0万
12:34:20,10300,9.7万,9万+,1.0万
12:34:22,10359,9.7万,9万+,1.0万
12:34:24,10359,9.7万,9万+,1.0万
12:34:28,10358,9.7万,9万+,1.0万
12:34:38,10395,9.8万,9万+,1.0万
12:34:48,10394,9.8万,9万+,1.0万
12:34:50,10421,9.8万,9万+,1.0万
12:34:52,10414,9.9万,9万+,1.0万
12:34:58,10414,9.9万,9万+,1.0万
12:35:08,10504,9.9万,9万+,1.1万
12:35:18,10527,10.0万,9万+,1.1万
12:35:20,10606,10.0万,10万+,1.1万
12:35:22,10577,10.0万,9万+,1.1万
12:35:28,10606,10.0万,10万+,1.1万
12:35:38,10606,10.0万,10万+,1.1万
12:35:48,10670,10.1万,10万+,1.1万
12:35:52,10799,10.2万,10万+,1.1万
12:35:54,10670,10.1万,10万+,1.1万
12:35:58,10728,10.2万,10万+,1.1万
12:36:08,10964,10.2万,10万+,1.1万
12:36:18,10964,10.2万,10万+,1.1万
12:36:22,11079,10.3万,10万+,1.1万
12:36:24,11158,10.3万,10万+,1.1万
12:36:26,11158,10.3万,10万+,1.1万
12:36:28,11158,10.3万,10万+,1.1万
12:36:30,11210,10.3万,10万+,1.1万
12:36:32,11106,10.3万,10万+,1.1万
12:36:34,11210,10.3万,10万+,1.1万
12:36:44,11213,10.4万,10万+,1.1万
12:36:46,11221,10.4万,10万+,1.1万
12:36:50,11221,10.4万,10万+,1.1万
12:36:52,11217,10.4万,10万+,1.1万
12:36:58,11221,10.4万,10万+,1.1万
12:37:08,11217,10.5万,10万+,1.1万
12:37:10,11224,10.5万,10万+,1.1万
12:37:18,11232,10.5万,10万+,1.1万
12:37:22,11212,10.6万,10万+,1.1万
12:37:28,11217,10.5万,10万+,1.1万
12:37:40,11212,10.6万,10万+,1.1万
12:37:44,11247,10.6万,10万+,1.1万
12:37:48,11251,10.7万,10万+,1.1万
12:37:52,11308,10.7万,10万+,1.1万
12:37:58,11271,10.7万,10万+,1.1万
12:38:08,11389,10.8万,10万+,1.1万
12:38:18,11551,10.9万,10万+,1.2万
12:38:20,11433,10.8万,10万+,1.1万
12:38:22,11598,10.9万,10万+,1.2万
12:38:28,11598,10.9万,10万+,1.2万
12:38:38,11526,10.8万,10万+,1.2万
12:38:48,11623,10.9万,10万+,1.2万
12:38:50,11692,11.0万,10万+,1.2万
12:38:52,11773,11.0万,10万+,1.2万
12:38:54,11692,11.0万,10万+,1.2万
12:39:02,11987,11.1万,10万+,1.2万
12:39:04,12024,11.1万,10万+,1.2万
12:39:08,12024,11.1万,10万+,1.2万
12:39:18,12129,11.1万,10万+,1.2万
12:39:22,12174,11.2万,10万+,1.2万
12:39:28,12174,11.2万,10万+,1.2万
12:39:38,12174,11.2万,10万+,1.2万
12:39:48,12140,11.3万,10万+,1.2万
12:39:52,12177,11.2万,10万+,1.2万
12:39:58,12134,11.3万,10万+,1.2万
12:40:06,12205,11.3万,10万+,1.2万
12:40:08,12193,11.4万,10万+,1.2万
12:40:10,12193,11.4万,10万+,1.2万
12:40:16,12140,11.3万,10万+,1.2万
12:40:18,12193,11.4万,10万+,1.2万
12:40:20,12193,11.4万,10万+,1.2万
12:40:22,12178,11.4万,10万+,1.2万
12:40:29,12178,11.4万,10万+,1.2万
12:40:30,12192,11.4万,10万+,1.2万
12:40:34,12187,11.5万,10万+,1.2万
12:40:40,12192,11.4万,10万+,1.2万
12:40:50,12156,11.5万,10万+,1.2万
12:40:52,12082,11.5万,10万+,1.2万
12:40:58,12060,11.5万,10万+,1.2万
12:41:00,12032,11.6万,10万+,1.2万
12:41:04,12032,11.6万,10万+,1.2万
12:41:14,11977,11.6万,10万+,1.2万
12:41:16,11977,11.6万,10万+,1.2万
12:41:22,11965,11.7万,10万+,1.2万
12:41:24,11961,11.7万,10万+,1.2万
12:41:26,11965,11.7万,10万+,1.2万
12:41:28,11958,11.7万,10万+,1.2万
12:41:38,11958,11.7万,10万+,1.2万
12:41:48,12024,11.8万,10万+,1.2万
12:41:50,12058,11.8万,10万+,1.2万
12:41:52,12087,11.8万,10万+,1.2万
12:41:54,12043,11.8万,10万+,1.2万
12:42:04,12095,11.9万,10万+,1.2万
12:42:12,12087,11.8万,10万+,1.2万
12:42:14,12078,11.9万,10万+,1.2万
12:42:16,12059,12.0万,10万+,1.2万
12:42:18,12090,11.9万,10万+,1.2万
12:42:22,12059,12.0万,10万+,1.2万
12:42:24,12078,11.9万,10万+,1.2万
12:42:28,12019,12.0万,10万+,1.2万
12:42:30,12019,12.0万,10万+,1.2万
12:42:40,12002,12.1万,10万+,1.2万
12:42:48,12010,12.0万,10万+,1.2万
12:42:50,12002,12.1万,10万+,1.2万
12:42:54,12002,12.1万,10万+,1.2万
12:43:00,11992,12.1万,10万+,1.2万
12:43:06,11984,12.2万,10万+,1.2万
12:43:14,11968,12.2万,10万+,1.2万
12:43:16,11984,12.2万,10万+,1.2万
12:43:22,11984,12.2万,10万+,1.2万
12:43:24,11968,12.2万,10万+,1.2万
12:43:26,11968,12.2万,10万+,1.2万
12:43:30,11962,12.3万,10万+,1.2万
12:43:34,11970,12.3万,10万+,1.2万
12:43:44,11956,12.3万,10万+,1.2万
12:43:46,12003,12.3万,10万+,1.2万
12:43:48,12017,12.4万,10万+,1.2万
12:43:52,12017,12.4万,10万+,1.2万
12:43:54,12036,12.4万,10万+,1.2万
12:43:56,12036,12.4万,10万+,1.2万
12:44:00,12075,12.4万,10万+,1.2万
12:44:02,12075,12.4万,10万+,1.2万
12:44:10,12036,12.4万,10万+,1.2万
12:44:20,12104,12.5万,10万+,1.2万
12:44:22,12115,12.5万,10万+,1.2万
12:44:24,12113,12.5万,10万+,1.2万
12:44:26,12113,12.5万,10万+,1.2万
12:44:30,12094,12.6万,10万+,1.2万
12:44:34,12121,12.5万,10万+,1.2万
12:44:44,12084,12.6万,10万+,1.2万
12:44:54,12082,12.6万,10万+,1.2万
12:44:56,12075,12.6万,10万+,1.2万
12:45:04,12066,12.7万,10万+,1.2万
12:45:06,12065,12.7万,10万+,1.2万
12:45:14,12067,12.7万,10万+,1.2万
12:45:16,12065,12.7万,10万+,1.2万
12:45:22,12084,12.8万,10万+,1.2万
12:45:24,12102,12.8万,10万+,1.2万
12:45:28,12083,12.7万,10万+,1.2万
12:45:30,12084,12.8万,10万+,1.2万
12:45:40,12098,12.9万,10万+,1.2万
12:45:50,12099,12.9万,10万+,1.2万
12:45:54,12098,12.9万,10万+,1.2万
12:45:56,12099,12.9万,10万+,1.2万
12:45:58,12099,12.9万,10万+,1.2万
12:46:02,12099,12.9万,10万+,1.2万
12:46:10,12123,12.9万,10万+,1.2万
12:46:12,12172,13.0万,10万+,1.2万
12:46:20,12172,13.0万,10万+,1.2万
12:46:26,12164,13.0万,10万+,1.2万
12:46:32,12214,13.1万,10万+,1.2万
12:46:42,12167,13.2万,10万+,1.2万
12:46:44,12167,13.2万,10万+,1.2万
12:46:52,12167,13.2万,10万+,1.2万
12:46:54,12148,13.2万,10万+,1.2万
12:46:56,12139,13.2万,10万+,1.2万
12:47:04,12124,13.2万,10万+,1.2万
12:47:14,12115,13.2万,10万+,1.2万
12:47:22,12113,13.3万,10万+,1.2万
12:47:24,12093,13.3万,10万+,1.2万
12:47:26,12113,13.3万,10万+,1.2万
12:47:32,12093,13.3万,10万+,1.2万
12:47:40,12087,13.4万,10万+,1.2万
12:47:50,12140,13.4万,10万+,1.2万
12:47:52,12173,13.4万,10万+,1.2万
12:47:54,12140,13.4万,10万+,1.2万
12:48:00,12255,13.5万,10万+,1.2万
12:48:10,12271,13.5万,10万+,1.2万
12:48:20,12271,13.5万,10万+,1.2万
12:48:22,12328,13.6万,10万+,1.2万
12:48:24,12335,13.6万,10万+,1.2万
12:48:30,12328,13.6万,10万+,1.2万
12:48:32,12335,13.6万,10万+,1.2万
12:48:40,12445,13.7万,10万+,1.2万
12:48:42,12374,13.6万,10万+,1.2万
12:48:50,12471,13.7万,10万+,1.2万
12:48:52,12548,13.7万,10万+,1.3万
12:48:54,12506,13.7万,10万+,1.3万
12:48:56,12567,13.7万,10万+,1.3万
12:49:00,12667,13.7万,10万+,1.3万
12:49:04,12667,13.7万,10万+,1.3万
12:49:14,12634,13.7万,10万+,1.3万
12:49:22,12839,13.8万,10万+,1.3万
12:49:24,12839,13.8万,10万+,1.3万
12:49:26,12839,13.8万,10万+,1.3万
12:49:34,12903,13.9万,10万+,1.3万
12:49:44,13070,13.9万,10万+,1.3万
12:49:52,13095,14.0万,10万+,1.3万
12:49:54,13106,13.9万,10万+,1.3万
12:49:56,13070,13.9万,10万+,1.3万
12:50:00,13095,14.0万,10万+,1.3万
12:50:06,13119,14.0万,10万+,1.3万
12:50:24,13141,14.1万,10万+,1.3万
12:50:26,13127,14.1万,10万+,1.3万
12:50:32,13148,14.1万,10万+,1.3万
12:50:40,13140,14.1万,10万+,1.3万
12:50:46,13136,14.1万,10万+,1.3万
12:50:54,13181,14.2万,10万+,1.3万
12:50:56,13164,14.1万,10万+,1.3万
12:51:00,13181,14.2万,10万+,1.3万
12:51:12,13165,14.3万,10万+,1.3万
12:51:20,13141,14.3万,10万+,1.3万
12:51:24,13167,14.3万,10万+,1.3万
12:51:26,13167,14.3万,10万+,1.3万
12:51:28,13179,14.3万,10万+,1.3万
12:51:30,13179,14.3万,10万+,1.3万
12:51:32,13179,14.3万,10万+,1.3万
12:51:36,13193,14.4万,10万+,1.3万
12:51:46,13193,14.4万,10万+,1.3万
12:51:54,13301,14.4万,10万+,1.3万
12:51:56,13244,14.4万,10万+,1.3万
12:52:00,13325,14.4万,10万+,1.3万
12:52:02,13341,14.5万,10万+,1.3万
12:52:06,13341,14.5万,10万+,1.3万
12:52:16,13341,14.5万,10万+,1.3万
12:52:22,13324,14.5万,10万+,1.3万
12:52:24,13367,14.6万,10万+,1.3万
12:52:26,13367,14.6万,10万+,1.3万
12:52:30,13377,14.6万,10万+,1.3万
12:52:34,13377,14.6万,10万+,1.3万
12:52:44,13386,14.6万,10万+,1.3万
12:52:54,13403,14.6万,10万+,1.3万
12:52:56,13453,14.7万,10万+,1.3万
12:53:00,13386,14.6万,10万+,1.3万
12:53:10,13482,14.7万,10万+,1.3万
12:53:20,13536,14.8万,10万+,1.4万
12:53:22,13548,14.8万,10万+,1.4万
12:53:24,13536,14.8万,10万+,1.4万
12:53:30,13532,14.8万,10万+,1.4万
12:53:40,13600,14.9万,10万+,1.4万
12:53:50,13581,14.9万,10万+,1.4万
12:53:52,13626,14.9万,10万+,1.4万
12:53:54,13626,14.9万,10万+,1.4万
12:54:00,13645,15.0万,10万+,1.4万
12:54:10,13697,15.0万,10万+,1.4万
12:54:20,13773,15.1万,10万+,1.4万
12:54:24,13784,15.1万,10万+,1.4万
12:54:26,13741,15.1万,10万+,1.4万
12:54:30,13773,15.1万,10万+,1.4万
12:54:34,13784,15.1万,10万+,1.4万
12:54:54,13916,15.2万,10万+,1.4万
12:54:56,13876,15.2万,10万+,1.4万
12:55:02,13933,15.3万,10万+,1.4万
12:55:10,13933,15.3万,10万+,1.4万
12:55:12,13915,15.2万,10万+,1.4万
12:55:16,13947,15.3万,10万+,1.4万
12:55:22,13947,15.3万,10万+,1.4万
12:55:24,13956,15.4万,10万+,1.4万
12:55:26,13956,15.4万,10万+,1.4万
12:55:30,13947,15.3万,10万+,1.4万
12:55:34,13956,15.4万,10万+,1.4万
12:55:40,13974,15.5万,10万+,1.4万
12:55:42,13974,15.5万,10万+,1.4万
12:55:46,13974,15.5万,10万+,1.4万
12:55:50,13974,15.5万,10万+,1.4万
12:55:52,14030,15.5万,10万+,1.4万
12:55:54,14030,15.5万,10万+,1.4万
12:56:00,13974,15.5万,10万+,1.4万
12:56:10,14030,15.5万,10万+,1.4万
12:56:20,14083,15.6万,10万+,1.4万
12:56:22,14127,15.6万,10万+,1.4万
12:56:24,14083,15.6万,10万+,1.4万
12:56:30,14160,15.7万,10万+,1.4万
12:56:36,14133,15.7万,10万+,1.4万
12:56:44,14190,15.7万,10万+,1.4万
12:56:54,14244,15.8万,10万+,1.4万
12:56:56,14244,15.8万,10万+,1.4万
12:57:00,14292,15.9万,10万+,1.4万
12:57:02,14292,15.9万,10万+,1.4万
12:57:10,14385,15.9万,10万+,1.4万
12:57:16,14448,15.9万,10万+,1.4万
12:57:18,14518,16.0万,10万+,1.5万
12:57:22,14448,15.9万,10万+,1.4万
12:57:24,14533,16.0万,10万+,1.5万
12:57:26,14385,15.9万,10万+,1.4万
12:57:32,14560,16.0万,10万+,1.5万
12:57:40,14600,16.0万,10万+,1.5万
12:57:42,14632,16.1万,10万+,1.5万
12:57:50,14714,16.2万,10万+,1.5万
12:57:52,14632,16.1万,10万+,1.5万
12:57:54,14714,16.2万,10万+,1.5万
12:57:56,14743,16.2万,10万+,1.5万
12:58:00,14743,16.2万,10万+,1.5万
12:58:10,14794,16.2万,10万+,1.5万
12:58:22,14801,16.3万,10万+,1.5万
12:58:24,14810,16.3万,10万+,1.5万
12:58:30,14810,16.3万,10万+,1.5万
12:58:40,14813,16.3万,10万+,1.5万
12:58:42,14813,16.3万,10万+,1.5万
12:58:50,14866,16.4万,10万+,1.5万
12:58:52,14885,16.4万,10万+,1.5万
12:58:54,14866,16.4万,10万+,1.5万
12:58:56,14967,16.5万,10万+,1.5万
12:59:00,14967,16.5万,10万+,1.5万
12:59:10,14930,16.4万,10万+,1.5万
12:59:20,14967,16.5万,10万+,1.5万
12:59:22,15035,16.6万,10万+,1.5万
12:59:24,15010,16.6万,10万+,1.5万
12:59:26,15065,16.6万,10万+,1.5万
12:59:30,15065,16.6万,10万+,1.5万
12:59:40,15148,16.7万,10万+,1.5万
12:59:42,15208,16.7万,10万+,1.5万
12:59:50,15319,16.8万,10万+,1.5万
12:59:52,15319,16.8万,10万+,1.5万
12:59:54,15148,16.7万,10万+,1.5万
12:59:56,15363,16.8万,10万+,1.5万
13:00:00,15429,16.8万,10万+,1.5万
13:00:10,15363,16.8万,10万+,1.5万
13:00:20,15660,16.9万,10万+,1.6万
13:00:22,15756,17.0万,10万+,1.6万
13:00:24,15660,16.9万,10万+,1.6万
13:00:26,15846,17.1万,10万+,1.6万
13:00:30,15741,17.0万,10万+,1.6万
13:00:40,15856,17.1万,10万+,1.6万
13:00:50,15920,17.2万,10万+,1.6万
13:00:54,15920,17.2万,10万+,1.6万
13:00:56,15928,17.3万,10万+,1.6万
13:01:00,15918,17.2万,10万+,1.6万
13:01:10,15928,17.3万,10万+,1.6万
13:01:20,16001,17.4万,10万+,1.6万
13:01:22,16051,17.5万,10万+,1.6万
13:01:24,16051,17.5万,10万+,1.6万
13:01:26,16051,17.5万,10万+,1.6万
13:01:30,16110,17.5万,10万+,1.6万
13:01:32,16051,17.5万,10万+,1.6万
13:01:40,16097,17.5万,10万+,1.6万
13:01:52,16250,17.6万,10万+,1.6万
13:01:54,16274,17.6万,10万+,1.6万
13:01:56,16274,17.6万,10万+,1.6万
13:02:00,16274,17.6万,10万+,1.6万
13:02:10,16400,17.8万,10万+,1.6万
13:02:20,16485,17.8万,10万+,1.6万
13:02:22,16485,17.8万,10万+,1.6万
13:02:24,16485,17.8万,10万+,1.6万
13:02:26,16400,17.8万,10万+,1.6万
13:02:30,16400,17.8万,10万+,1.6万
13:02:40,16544,17.9万,10万+,1.7万
13:02:48,16580,18.0万,10万+,1.7万
13:02:50,16599,18.1万,10万+,1.7万
13:02:52,16580,18.0万,10万+,1.7万
13:02:54,16606,18.1万,10万+,1.7万
13:02:56,16599,18.1万,10万+,1.7万
13:03:00,16606,18.1万,10万+,1.7万
13:03:02,16606,18.1万,10万+,1.7万
13:03:12,16769,18.2万,10万+,1.7万
13:03:14,16749,18.2万,10万+,1.7万
13:03:22,16728,18.1万,10万+,1.7万
13:03:24,16859,18.3万,10万+,1.7万
13:03:26,16859,18.3万,10万+,1.7万
13:03:28,16843,18.3万,10万+,1.7万
13:03:32,16769,18.2万,10万+,1.7万
13:03:38,16883,18.3万,10万+,1.7万
13:03:46,17118,18.4万,10万+,1.7万
13:03:52,18439,18.5万,10万+,1.8万
13:03:54,18729,18.5万,10万+,1.9万
13:03:56,18688,18.5万,10万+,1.9万
13:04:00,18879,18.6万,10万+,1.9万
13:04:02,18780,18.5万,10万+,1.9万
13:04:04,17118,18.4万,10万+,1.7万
13:04:06,18729,18.5万,10万+,1.9万
13:04:08,18729,18.5万,10万+,1.9万
13:04:10,18879,18.6万,10万+,1.9万
13:04:22,18944,18.6万,10万+,1.9万
13:04:24,18988,18.7万,10万+,1.9万
13:04:26,18906,18.7万,10万+,1.9万
13:04:28,18906,18.7万,10万+,1.9万
13:04:30,18906,18.7万,10万+,1.9万
13:04:36,18906,18.7万,10万+,1.9万
13:04:38,18906,18.7万,10万+,1.9万
13:04:40,18981,18.6万,10万+,1.9万
13:04:46,18738,18.7万,10万+,1.9万
13:04:48,17916,18.8万,10万+,1.8万
13:04:52,17432,18.8万,10万+,1.7万
13:04:54,17432,18.8万,10万+,1.7万
13:04:56,17224,18.8万,10万+,1.7万
13:05:02,16788,18.9万,10万+,1.7万
13:05:10,16927,18.8万,10万+,1.7万
13:05:20,16788,18.9万,10万+,1.7万
13:05:22,16224,18.9万,10万+,1.6万
13:05:24,16337,18.9万,10万+,1.6万
13:05:30,16094,19.0万,10万+,1.6万
13:05:40,15984,19.0万,10万+,1.6万
13:05:50,14982,19.0万,10万+,1.5万
13:05:52,14551,19.1万,10万+,1.5万
13:05:54,14982,19.0万,10万+,1.5万
13:05:56,14551,19.1万,10万+,1.5万
13:06:02,14127,19.1万,10万+,1.4万
13:06:10,13312,19.2万,10万+,1.3万
13:06:20,13047,19.2万,10万+,1.3万
13:06:22,13047,19.2万,10万+,1.3万
13:06:24,13047,19.2万,10万+,1.3万
13:06:28,12846,19.2万,10万+,1.3万
13:06:34,12598,19.2万,10万+,1.3万
13:06:44,12531,19.3万,10万+,1.3万
13:06:52,12598,19.2万,10万+,1.3万
13:06:54,12562,19.3万,10万+,1.3万
13:06:56,12531,19.3万,10万+,1.3万
13:06:58,12531,19.3万,10万+,1.3万
13:07:00,12431,19.4万,10万+,1.2万
13:07:02,12431,19.4万,10万+,1.2万
13:07:04,12339,19.4万,10万+,1.2万
13:07:06,12303,19.4万,10万+,1.2万
13:07:08,12372,19.4万,10万+,1.2万
13:07:14,12431,19.4万,10万+,1.2万
13:07:16,12303,19.4万,10万+,1.2万
13:07:22,12224,19.5万,10万+,1.2万
13:07:26,12230,19.5万,10万+,1.2万
13:07:28,12230,19.5万,10万+,1.2万
13:07:30,12230,19.5万,10万+,1.2万
13:07:32,12218,19.6万,10万+,1.2万
13:07:40,12230,19.5万,10万+,1.2万
13:07:50,12180,19.6万,10万+,1.2万
13:07:52,12180,19.6万,10万+,1.2万
13:07:54,12120,19.7万,10万+,1.2万
13:07:56,12137,19.6万,10万+,1.2万
13:08:03,12111,19.7万,10万+,1.2万
13:08:06,12137,19.6万,10万+,1.2万
13:08:16,12144,19.6万,10万+,1.2万
13:08:24,12074,19.7万,10万+,1.2万
13:08:26,11978,19.8万,10万+,1.2万
13:08:32,12023,19.8万,10万+,1.2万
13:08:36,11931,19.8万,10万+,1.2万
13:08:46,11889,20.0万,10万+,1.2万
13:08:52,11889,20.0万,10万+,1.2万
13:08:54,11912,20.0万,10万+,1.2万
13:08:56,11889,20.0万,10万+,1.2万
13:09:02,11920,20.0万,10万+,1.2万
13:09:10,11951,20.0万,10万+,1.2万
13:09:12,11889,20.0万,10万+,1.2万
13:09:14,11889,20.0万,10万+,1.2万
13:09:16,11941,20.0万,10万+,1.2万
13:09:24,11963,20.1万,10万+,1.2万
13:09:26,11951,20.0万,10万+,1.2万
13:09:32,12081,20.2万,10万+,1.2万
13:09:40,12115,20.2万,10万+,1.2万
13:09:50,12115,20.2万,10万+,1.2万
13:09:54,12120,20.2万,10万+,1.2万
13:09:56,12081,20.2万,10万+,1.2万
13:10:00,12138,20.3万,10万+,1.2万
13:10:10,12148,20.4万,10万+,1.2万
13:10:20,12144,20.3万,10万+,1.2万
13:10:24,12132,20.4万,10万+,1.2万
13:10:26,12141,20.4万,10万+,1.2万
13:10:32,12088,20.4万,10万+,1.2万
13:10:40,12086,20.5万,10万+,1.2万
13:10:42,12065,20.5万,10万+,1.2万
13:10:44,12120,20.4万,10万+,1.2万
13:10:50,12080,20.5万,10万+,1.2万
13:10:52,11976,20.6万,10万+,1.2万
13:10:54,12012,20.5万,10万+,1.2万
13:11:00,12065,20.5万,10万+,1.2万
13:11:10,11935,20.6万,10万+,1.2万
13:11:20,11897,20.6万,10万+,1.2万
13:11:22,11840,20.7万,10万+,1.2万
13:11:24,11854,20.7万,10万+,1.2万
13:11:26,11840,20.7万,10万+,1.2万
13:11:30,11787,20.7万,10万+,1.2万
13:11:32,11787,20.7万,10万+,1.2万
13:11:40,11830,20.8万,10万+,1.2万
13:11:42,11830,20.8万,10万+,1.2万
13:11:50,11854,20.8万,10万+,1.2万
13:11:52,11891,20.8万,10万+,1.2万
13:11:54,11891,20.8万,10万+,1.2万
13:11:56,11830,20.8万,10万+,1.2万
13:12:00,11891,20.8万,10万+,1.2万
13:12:10,11892,20.9万,10万+,1.2万
13:12:20,11868,21.0万,10万+,1.2万
13:12:22,11868,21.0万,10万+,1.2万
13:12:24,11847,21.0万,10万+,1.2万
13:12:26,11891,20.9万,10万+,1.2万
13:12:30,11831,21.0万,10万+,1.2万
13:12:32,11831,21.0万,10万+,1.2万
13:12:34,11868,21.0万,10万+,1.2万
13:12:40,11843,21.1万,10万+,1.2万
13:12:50,11834,21.0万,10万+,1.2万
13:12:54,11843,21.1万,10万+,1.2万
13:12:56,11837,21.1万,10万+,1.2万
13:13:02,11841,21.1万,10万+,1.2万
13:13:10,11854,21.1万,10万+,1.2万
13:13:12,11873,21.2万,10万+,1.2万
13:13:20,11873,21.2万,10万+,1.2万
13:13:22,11876,21.2万,10万+,1.2万
13:13:24,11876,21.2万,10万+,1.2万
13:13:26,11876,21.2万,10万+,1.2万
13:13:34,11882,21.2万,10万+,1.2万
13:13:46,11882,21.3万,10万+,1.2万
13:13:52,11877,21.3万,10万+,1.2万
13:13:54,11867,21.3万,10万+,1.2万
13:13:56,11867,21.3万,10万+,1.2万
13:14:00,11877,21.3万,10万+,1.2万
13:14:02,11867,21.3万,10万+,1.2万
13:14:04,11877,21.3万,10万+,1.2万
13:14:16,11801,21.4万,10万+,1.2万
13:14:22,11808,21.4万,10万+,1.2万
13:14:24,11808,21.4万,10万+,1.2万
13:14:26,11808,21.4万,10万+,1.2万
13:14:28,11808,21.4万,10万+,1.2万
13:14:40,11784,21.5万,10万+,1.2万
13:14:48,11814,21.5万,10万+,1.2万
13:14:50,11800,21.5万,10万+,1.2万
13:14:54,11800,21.5万,10万+,1.2万
13:14:56,11810,21.5万,10万+,1.2万
13:15:06,11798,21.6万,10万+,1.2万
13:15:16,11810,21.5万,10万+,1.2万
13:15:24,11875,21.7万,10万+,1.2万
13:15:26,11875,21.7万,10万+,1.2万
13:15:30,11905,21.7万,10万+,1.2万
13:15:32,11920,21.7万,10万+,1.2万
13:15:36,11920,21.7万,10万+,1.2万
13:15:46,11923,21.8万,10万+,1.2万
13:15:52,11952,21.8万,10万+,1.2万
13:15:54,11952,21.8万,10万+,1.2万
13:15:56,11958,21.8万,10万+,1.2万
13:16:02,11958,21.8万,10万+,1.2万
13:16:04,11993,21.9万,10万+,1.2万
13:16:06,11975,21.8万,10万+,1.2万
13:16:16,12015,21.9万,10万+,1.2万
13:16:18,12014,21.9万,10万+,1.2万
13:16:20,12014,21.9万,10万+,1.2万
13:16:22,11995,21.9万,10万+,1.2万
13:16:24,12014,21.9万,10万+,1.2万
13:16:26,11995,21.9万,10万+,1.2万
13:16:44,11992,21.9万,10万+,1.2万
13:16:54,12010,22.0万,10万+,1.2万
13:16:56,12002,22.0万,10万+,1.2万
13:17:00,12010,22.0万,10万+,1.2万
13:17:10,12011,22.1万,10万+,1.2万
13:17:12,12011,22.1万,10万+,1.2万
13:17:20,11976,22.1万,10万+,1.2万
13:17:24,11969,22.1万,10万+,1.2万
13:17:26,11945,22.2万,10万+,1.2万
13:17:30,11976,22.1万,10万+,1.2万
13:17:40,11941,22.2万,10万+,1.2万
13:17:50,11948,22.3万,10万+,1.2万
13:17:52,11950,22.2万,10万+,1.2万
13:17:54,11950,22.2万,10万+,1.2万
13:17:57,11941,22.2万,10万+,1.2万
13:17:58,11950,22.3万,10万+,1.2万
13:18:00,11948,22.3万,10万+,1.2万
13:18:10,11997,22.3万,10万+,1.2万
13:18:12,11950,22.3万,10万+,1.2万
13:18:20,12068,22.4万,10万+,1.2万
13:18:24,12042,22.3万,10万+,1.2万
13:18:26,12042,22.3万,10万+,1.2万
13:18:28,12110,22.4万,10万+,1.2万
13:18:36,11963,22.3万,10万+,1.2万
13:18:40,12213,22.4万,10万+,1.2万
13:18:52,12232,22.4万,10万+,1.2万
13:18:54,12221,22.5万,10万+,1.2万
13:18:56,12232,22.4万,10万+,1.2万
13:19:00,12221,22.5万,10万+,1.2万
13:19:10,12145,22.5万,10万+,1.2万
13:19:20,12137,22.5万,10万+,1.2万
13:19:26,12134,22.6万,10万+,1.2万
13:19:28,12151,22.5万,10万+,1.2万
13:19:34,12133,22.6万,10万+,1.2万
13:19:42,12151,22.5万,10万+,1.2万
13:19:44,12165,22.6万,10万+,1.2万
13:19:52,12162,22.7万,10万+,1.2万
13:19:54,12172,22.6万,10万+,1.2万
13:19:56,12147,22.7万,10万+,1.2万
13:20:02,12162,22.7万,10万+,1.2万
13:20:04,12162,22.7万,10万+,1.2万
13:20:12,12147,22.7万,10万+,1.2万
13:20:14,12162,22.7万,10万+,1.2万
13:20:22,12090,22.7万,10万+,1.2万
13:20:26,12142,22.7万,10万+,1.2万
13:20:28,12142,22.7万,10万+,1.2万
13:20:32,12090,22.7万,10万+,1.2万
13:20:34,12090,22.7万,10万+,1.2万
13:20:44,12317,22.8万,10万+,1.2万
13:20:52,12309,22.8万,10万+,1.2万
13:20:56,12287,22.8万,10万+,1.2万
13:20:58,12305,22.8万,10万+,1.2万
13:21:02,12300,22.9万,10万+,1.2万
13:21:12,12304,22.9万,10万+,1.2万
13:21:22,12264,22.9万,10万+,1.2万
13:21:24,12248,22.9万,10万+,1.2万
13:21:26,12248,22.9万,10万+,1.2万
13:21:28,12211,22.9万,10万+,1.2万
13:21:32,12191,23.0万,10万+,1.2万
13:21:38,12201,23.0万,10万+,1.2万
13:21:48,12304,22.9万,10万+,1.2万
13:21:50,12201,23.0万,10万+,1.2万
13:21:56,12230,23.0万,10万+,1.2万
13:21:58,12230,23.0万,10万+,1.2万
13:22:02,12217,23.0万,10万+,1.2万
13:22:12,12230,23.0万,10万+,1.2万
13:22:22,12277,23.1万,10万+,1.2万
13:22:26,12307,23.1万,10万+,1.2万
13:22:28,12323,23.1万,10万+,1.2万
13:22:32,12323,23.1万,10万+,1.2万
13:22:44,12411,23.2万,10万+,1.2万
13:22:52,12411,23.2万,10万+,1.2万
13:22:56,12433,23.3万,10万+,1.2万
13:22:58,12411,23.2万,10万+,1.2万
13:23:06,12444,23.3万,10万+,1.2万
13:23:08,12428,23.2万,10万+,1.2万
13:23:16,12462,23.3万,10万+,1.2万
13:23:20,12440,23.3万,10万+,1.2万
13:23:26,12491,23.3万,10万+,1.2万
13:23:28,12492,23.4万,10万+,1.2万
13:23:30,12491,23.3万,10万+,1.2万
13:23:32,12491,23.3万,10万+,1.2万
13:23:42,12524,23.4万,10万+,1.3万
13:23:50,12525,23.4万,10万+,1.3万
13:23:52,12552,23.4万,10万+,1.3万
13:23:54,12587,23.4万,10万+,1.3万
13:23:56,12568,23.4万,10万+,1.3万
13:23:58,12524,23.4万,10万+,1.3万
13:24:04,12587,23.4万,10万+,1.3万
13:24:14,12659,23.5万,10万+,1.3万
13:24:22,12756,23.5万,10万+,1.3万
13:24:24,12784,23.5万,10万+,1.3万
13:24:26,12784,23.5万,10万+,1.3万
13:24:29,12780,23.6万,10万+,1.3万
13:24:32,12780,23.6万,10万+,1.3万
13:24:42,12796,23.6万,10万+,1.3万
13:24:52,12796,23.6万,10万+,1.3万
13:24:56,12814,23.6万,10万+,1.3万
13:24:58,12837,23.6万,10万+,1.3万
13:25:00,12837,23.6万,10万+,1.3万
13:25:02,12837,23.6万,10万+,1.3万
13:25:12,12721,23.7万,10万+,1.3万
13:25:22,12737,23.7万,10万+,1.3万
13:25:26,12776,23.7万,10万+,1.3万
13:25:28,12776,23.7万,10万+,1.3万
13:25:30,12737,23.7万,10万+,1.3万
13:25:32,12737,23.7万,10万+,1.3万
13:25:44,12787,23.8万,10万+,1.3万
13:25:52,12771,23.8万,10万+,1.3万
13:25:54,12774,23.8万,10万+,1.3万
13:25:56,12771,23.8万,10万+,1.3万
13:25:58,12780,23.8万,10万+,1.3万
13:26:08,12760,23.8万,10万+,1.3万
13:26:10,12774,23.8万,10万+,1.3万
13:26:14,12776,23.9万,10万+,1.3万
13:26:18,12776,23.9万,10万+,1.3万
13:26:26,12769,23.9万,10万+,1.3万
13:26:28,12769,23.9万,10万+,1.3万
13:26:32,12813,23.9万,10万+,1.3万
13:26:42,12813,23.9万,10万+,1.3万
13:26:52,12893,24.0万,10万+,1.3万
13:26:56,12860,24.0万,10万+,1.3万
13:26:58,12885,24.0万,10万+,1.3万
13:27:06,12899,24.0万,10万+,1.3万
13:27:16,12882,24.0万,10万+,1.3万
13:27:28,12854,24.1万,10万+,1.3万
13:27:34,12847,24.1万,10万+,1.3万
13:27:42,12812,24.2万,10万+,1.3万
13:27:44,12815,24.2万,10万+,1.3万
13:27:52,12823,24.2万,10万+,1.3万
13:27:54,12812,24.2万,10万+,1.3万
13:27:56,12816,24.1万,10万+,1.3万
13:27:58,12815,24.2万,10万+,1.3万
13:28:04,12815,24.2万,10万+,1.3万
13:28:08,12819,24.2万,10万+,1.3万
13:28:18,12831,24.3万,10万+,1.3万
13:28:26,12886,24.3万,10万+,1.3万
13:28:28,12831,24.3万,10万+,1.3万
13:28:32,12885,24.3万,10万+,1.3万
13:28:34,12931,24.3万,10万+,1.3万
13:28:44,12931,24.3万,10万+,1.3万
13:28:52,12950,24.4万,10万+,1.3万
13:28:56,12950,24.4万,10万+,1.3万
13:28:58,12982,24.4万,10万+,1.3万
13:29:02,12950,24.4万,10万+,1.3万
13:29:12,13022,24.5万,10万+,1.3万
13:29:22,13036,24.5万,10万+,1.3万
13:29:26,13081,24.5万,10万+,1.3万
13:29:28,13036,24.5万,10万+,1.3万
13:29:32,13109,24.5万,10万+,1.3万
13:29:42,13109,24.5万,10万+,1.3万
13:29:52,13148,24.6万,10万+,1.3万
13:29:54,13169,24.6万,10万+,1.3万
13:29:56,13169,24.6万,10万+,1.3万
13:29:58,13169,24.6万,10万+,1.3万
13:30:04,13169,24.6万,10万+,1.3万
13:30:12,13200,24.6万,10万+,1.3万
13:30:14,13205,24.7万,10万+,1.3万
13:30:16,13205,24.7万,10万+,1.3万
13:30:22,13209,24.7万,10万+,1.3万
13:30:24,13209,24.7万,10万+,1.3万
13:30:26,13163,24.7万,10万+,1.3万
13:30:28,13184,24.7万,10万+,1.3万
13:30:32,13163,24.7万,10万+,1.3万
13:30:34,13163,24.7万,10万+,1.3万
13:30:42,13177,24.8万,10万+,1.3万
13:30:44,13168,24.8万,10万+,1.3万
13:30:52,13156,24.8万,10万+,1.3万
13:30:56,13156,24.8万,10万+,1.3万
13:30:58,13160,24.8万,10万+,1.3万
13:31:02,13160,24.8万,10万+,1.3万
13:31:12,13163,24.9万,10万+,1.3万
13:31:22,13164,24.9万,10万+,1.3万
13:31:26,13175,24.9万,10万+,1.3万
13:31:28,13160,24.8万,10万+,1.3万
13:31:32,13147,25.0万,10万+,1.3万
13:31:34,13147,25.0万,10万+,1.3万
13:31:42,13104,25.0万,10万+,1.3万
13:31:46,13125,25.0万,10万+,1.3万
13:31:48,13120,25.1万,10万+,1.3万
13:31:58,13119,25.1万,10万+,1.3万
13:32:02,13110,25.0万,10万+,1.3万
13:32:12,13137,25.1万,10万+,1.3万
13:32:26,13136,25.2万,10万+,1.3万
13:32:28,13112,25.1万,10万+,1.3万
13:32:32,13136,25.2万,10万+,1.3万
13:32:42,13136,25.2万,10万+,1.3万
13:32:50,13167,25.3万,10万+,1.3万
13:32:54,13167,25.3万,10万+,1.3万
13:32:56,13159,25.2万,10万+,1.3万
13:32:58,13246,25.4万,10万+,1.3万
13:33:02,13181,25.3万,10万+,1.3万
13:33:12,13271,25.4万,10万+,1.3万
13:33:22,13280,25.4万,10万+,1.3万
13:33:24,13278,25.4万,10万+,1.3万
13:33:26,13280,25.4万,10万+,1.3万
13:33:32,13280,25.4万,10万+,1.3万
13:33:34,13279,25.5万,10万+,1.3万
13:33:42,13313,25.5万,10万+,1.3万
13:33:52,13327,25.5万,10万+,1.3万
13:33:56,13464,25.6万,10万+,1.3万
13:33:58,13464,25.6万,10万+,1.3万
13:34:00,13372,25.5万,10万+,1.3万
13:34:06,13542,25.6万,10万+,1.4万
13:34:16,13664,25.6万,10万+,1.4万
13:34:24,13716,25.7万,10万+,1.4万
13:34:26,13806,25.7万,10万+,1.4万
13:34:32,13716,25.7万,10万+,1.4万
13:34:42,13806,25.7万,10万+,1.4万
13:34:52,13902,25.8万,10万+,1.4万
13:34:56,13944,25.8万,10万+,1.4万
13:34:58,13944,25.8万,10万+,1.4万
13:35:06,13946,25.8万,10万+,1.4万
13:35:14,14021,25.9万,10万+,1.4万
13:35:22,14060,25.9万,10万+,1.4万
13:35:26,14085,25.9万,10万+,1.4万
13:35:28,14077,26.0万,10万+,1.4万
13:35:30,14060,25.9万,10万+,1.4万
13:35:36,14085,25.9万,10万+,1.4万
13:35:46,14171,26.0万,10万+,1.4万
13:35:56,14229,26.1万,10万+,1.4万
13:35:58,14187,26.0万,10万+,1.4万
13:36:06,14229,26.1万,10万+,1.4万
13:36:16,14239,26.1万,10万+,1.4万
13:36:18,14239,26.1万,10万+,1.4万
13:36:22,14253,26.1万,10万+,1.4万
13:36:26,14346,26.2万,10万+,1.4万
13:36:32,14380,26.2万,10万+,1.4万
13:36:42,14379,26.2万,10万+,1.4万
13:36:52,14543,26.3万,10万+,1.5万
13:36:54,14543,26.3万,10万+,1.5万
13:36:56,14515,26.3万,10万+,1.5万
13:37:02,14620,26.4万,10万+,1.5万
13:37:08,14705,26.4万,10万+,1.5万
13:37:16,14728,26.4万,10万+,1.5万
13:37:22,14772,26.5万,10万+,1.5万
13:37:24,14791,26.5万,10万+,1.5万
13:37:26,14772,26.5万,10万+,1.5万
13:37:28,14829,26.5万,10万+,1.5万
13:37:34,14772,26.5万,10万+,1.5万
13:37:42,14829,26.5万,10万+,1.5万
13:37:44,14829,26.5万,10万+,1.5万
13:37:52,14920,26.6万,10万+,1.5万
13:37:56,14920,26.6万,10万+,1.5万
13:37:58,14920,26.6万,10万+,1.5万
13:38:04,14950,26.7万,10万+,1.5万
13:38:16,14920,26.6万,10万+,1.5万
13:38:24,14983,26.8万,10万+,1.5万
13:38:26,14982,26.7万,10万+,1.5万
13:38:28,14975,26.8万,10万+,1.5万
13:38:34,15035,26.8万,10万+,1.5万
13:38:44,14983,26.8万,10万+,1.5万
13:38:46,15245,26.9万,10万+,1.5万
13:38:54,15256,26.9万,10万+,1.5万
13:38:56,15158,26.9万,10万+,1.5万
13:38:58,15241,27.0万,10万+,1.5万
13:39:00,15145,27.0万,10万+,1.5万
13:39:02,15256,26.9万,10万+,1.5万
13:39:04,15241,27.0万,10万+,1.5万
13:39:12,15145,27.0万,10万+,1.5万
13:39:14,15145,27.0万,10万+,1.5万
13:39:22,14436,27.1万,10万+,1.4万
13:39:26,14662,27.0万,10万+,1.5万
13:39:28,14436,27.1万,10万+,1.4万
13:39:32,14454,27.1万,10万+,1.4万
13:39:42,14589,27.1万,10万+,1.5万
13:39:44,14502,27.1万,10万+,1.5万
13:39:52,14589,27.1万,10万+,1.5万
13:39:56,14523,27.2万,10万+,1.5万
13:40:02,14314,27.2万,10万+,1.4万
13:40:14,13766,27.3万,10万+,1.4万
13:40:22,13766,27.3万,10万+,1.4万
13:40:24,13470,27.3万,10万+,1.3万
13:40:26,13766,27.3万,10万+,1.4万
13:40:28,13208,27.3万,10万+,1.3万
13:40:32,13470,27.3万,10万+,1.3万
13:40:38,12381,27.3万,10万+,1.2万
13:40:40,12959,27.3万,10万+,1.3万
13:40:48,12381,27.3万,10万+,1.2万
13:40:50,12085,27.4万,10万+,1.2万
13:40:56,12085,27.4万,10万+,1.2万
13:40:58,12085,27.4万,10万+,1.2万
13:41:02,11464,27.4万,10万+,1.1万
13:41:06,11799,27.4万,10万+,1.2万
13:41:16,11398,27.5万,10万+,1.1万
13:41:22,11387,27.5万,10万+,1.1万
13:41:26,11410,27.5万,10万+,1.1万
13:41:28,11387,27.5万,10万+,1.1万
13:41:36,11324,27.5万,10万+,1.1万
13:41:46,11288,27.6万,10万+,1.1万
13:41:54,11288,27.6万,10万+,1.1万
13:41:56,11324,27.5万,10万+,1.1万
13:42:02,11214,27.6万,10万+,1.1万
13:42:13,11263,27.6万,10万+,1.1万
13:42:14,11197,27.7万,10万+,1.1万
13:42:16,11208,27.6万,10万+,1.1万
13:42:28,11182,27.7万,10万+,1.1万
13:42:32,11153,27.7万,10万+,1.1万
13:42:34,11116,27.7万,10万+,1.1万
13:42:42,11110,27.8万,10万+,1.1万
13:42:44,11153,27.7万,10万+,1.1万
13:42:48,11088,27.8万,10万+,1.1万
13:42:52,11153,27.7万,10万+,1.1万
13:42:54,11088,27.8万,10万+,1.1万
13:42:56,11088,27.8万,10万+,1.1万
13:42:58,11091,27.8万,10万+,1.1万
13:43:00,11088,27.8万,10万+,1.1万
13:43:04,11091,27.8万,10万+,1.1万
13:43:08,11088,27.8万,10万+,1.1万
13:43:18,11065,27.9万,10万+,1.1万
13:43:26,11064,27.9万,10万+,1.1万
13:43:28,11064,27.9万,10万+,1.1万
13:43:34,11101,27.9万,10万+,1.1万
13:43:42,11143,28.0万,10万+,1.1万
13:43:52,11143,28.0万,10万+,1.1万
13:43:56,11157,28.0万,10万+,1.1万
13:43:58,11143,28.0万,10万+,1.1万
13:44:02,11206,28.1万,10万+,1.1万
13:44:12,11215,28.1万,10万+,1.1万
13:44:24,11231,28.2万,10万+,1.1万
13:44:26,11220,28.2万,10万+,1.1万
13:44:28,11210,28.2万,10万+,1.1万
13:44:42,11276,28.3万,10万+,1.1万
13:44:48,11215,28.1万,10万+,1.1万
13:44:56,11279,28.3万,10万+,1.1万
13:44:58,11396,28.4万,10万+,1.1万
13:45:00,11363,28.4万,10万+,1.1万
13:45:02,11363,28.4万,10万+,1.1万
13:45:04,11363,28.4万,10万+,1.1万
13:45:08,11396,28.4万,10万+,1.1万
13:45:10,11396,28.4万,10万+,1.1万
13:45:20,11499,28.5万,10万+,1.1万
13:45:24,11470,28.5万,10万+,1.1万
13:45:26,11463,28.5万,10万+,1.1万
13:45:28,11499,28.5万,10万+,1.1万
13:45:32,11532,28.5万,10万+,1.2万
13:45:42,11532,28.5万,10万+,1.2万
13:45:52,11540,28.5万,10万+,1.2万
13:45:54,11544,28.6万,10万+,1.2万
13:45:56,11540,28.5万,10万+,1.2万
13:45:58,11544,28.6万,10万+,1.2万
13:46:02,11521,28.6万,10万+,1.2万
13:46:04,11553,28.6万,10万+,1.2万
13:46:12,11521,28.6万,10万+,1.2万
13:46:14,11544,28.6万,10万+,1.2万
13:46:22,11534,28.7万,10万+,1.2万
13:46:26,11521,28.7万,10万+,1.2万
13:46:28,11534,28.7万,10万+,1.2万
13:46:34,11534,28.7万,10万+,1.2万
13:46:44,11547,28.7万,10万+,1.2万
13:46:48,11596,28.8万,10万+,1.2万
13:46:56,11622,28.8万,10万+,1.2万
13:46:58,11622,28.8万,10万+,1.2万
13:47:02,11648,28.8万,10万+,1.2万
13:47:04,11596,28.8万,10万+,1.2万
13:47:12,11798,28.9万,10万+,1.2万
13:47:14,11596,28.8万,10万+,1.2万
13:47:22,11798,28.9万,10万+,1.2万
13:47:24,11798,28.9万,10万+,1.2万
13:47:26,11813,29.0万,10万+,1.2万
13:47:32,11862,29.0万,10万+,1.2万
13:47:42,11888,29.0万,10万+,1.2万
13:47:52,11888,29.0万,10万+,1.2万
13:47:56,11883,29.0万,10万+,1.2万
13:47:58,11883,29.0万,10万+,1.2万
13:48:02,11877,29.1万,10万+,1.2万
13:48:08,11877,29.1万,10万+,1.2万
13:48:18,11871,29.2万,10万+,1.2万
13:48:26,11871,29.2万,10万+,1.2万
13:48:28,11854,29.2万,10万+,1.2万
13:48:32,11818,29.2万,10万+,1.2万
13:48:42,11816,29.3万,10万+,1.2万
13:48:44,11792,29.2万,10万+,1.2万
13:48:52,11813,29.3万,10万+,1.2万
13:48:54,11805,29.2万,10万+,1.2万
13:48:56,11809,29.3万,10万+,1.2万
13:48:58,11816,29.3万,10万+,1.2万
13:49:02,11821,29.3万,10万+,1.2万
13:49:08,11803,29.3万,10万+,1.2万
13:49:18,11817,29.3万,10万+,1.2万
13:49:20,11828,29.4万,10万+,1.2万
13:49:22,11828,29.4万,10万+,1.2万
13:49:24,11817,29.3万,10万+,1.2万
13:49:26,11835,29.4万,10万+,1.2万
13:49:28,11828,29.4万,10万+,1.2万
13:49:32,11820,29.4万,10万+,1.2万
13:49:42,11764,29.5万,10万+,1.2万
13:49:52,11764,29.5万,10万+,1.2万
13:49:54,11767,29.5万,10万+,1.2万
13:49:56,11760,29.4万,10万+,1.2万
13:49:58,11764,29.5万,10万+,1.2万
13:50:02,11770,29.5万,10万+,1.2万
13:50:12,11767,29.5万,10万+,1.2万
13:50:14,11775,29.5万,10万+,1.2万
13:50:22,11767,29.5万,10万+,1.2万
13:50:26,11795,29.6万,10万+,1.2万
13:50:28,11790,29.6万,10万+,1.2万
13:50:36,11807,29.6万,10万+,1.2万
13:50:42,11780,29.5万,10万+,1.2万
13:50:52,11867,29.7万,10万+,1.2万
13:50:54,11854,29.7万,10万+,1.2万
13:50:56,11829,29.7万,10万+,1.2万
13:51:02,11854,29.7万,10万+,1.2万
13:51:12,11899,29.7万,10万+,1.2万
13:51:22,11900,29.7万,10万+,1.2万
13:51:26,11922,29.8万,10万+,1.2万
13:51:28,11899,29.7万,10万+,1.2万
13:51:34,11922,29.8万,10万+,1.2万
13:51:38,11928,29.8万,10万+,1.2万
13:51:48,11889,29.9万,10万+,1.2万
13:51:50,11921,29.8万,10万+,1.2万
13:51:58,11873,29.9万,10万+,1.2万
13:52:02,11900,29.9万,10万+,1.2万
13:52:12,11856,29.9万,10万+,1.2万
13:52:22,11873,30.0万,10万+,1.2万
13:52:26,11873,30.0万,10万+,1.2万
13:52:28,11852,30.0万,10万+,1.2万
13:52:38,11852,30.0万,10万+,1.2万
13:52:46,11855,30.0万,10万+,1.2万
13:52:56,11859,30.0万,10万+,1.2万
13:52:58,11842,30.1万,10万+,1.2万
13:53:04,11877,30.1万,10万+,1.2万
13:53:12,11857,30.1万,10万+,1.2万
13:53:22,11863,30.1万,10万+,1.2万
13:53:26,11867,30.1万,10万+,1.2万
13:53:28,11867,30.1万,10万+,1.2万
13:53:32,11867,30.1万,10万+,1.2万
13:53:44,11865,30.2万,10万+,1.2万
13:53:52,11754,30.2万,10万+,1.2万
13:53:54,11828,30.2万,10万+,1.2万
13:53:56,11754,30.2万,10万+,1.2万
13:54:02,11765,30.3万,10万+,1.2万
13:54:12,11784,30.3万,10万+,1.2万
13:54:14,11775,30.3万,10万+,1.2万
13:54:22,11774,30.3万,10万+,1.2万
13:54:26,11772,30.3万,10万+,1.2万
13:54:28,11772,30.3万,10万+,1.2万
13:54:32,11784,30.3万,10万+,1.2万
13:54:42,11849,30.4万,10万+,1.2万
13:54:44,11997,30.4万,10万+,1.2万
13:54:52,11997,30.4万,10万+,1.2万
13:54:56,11997,30.4万,10万+,1.2万
13:54:58,12004,30.5万,10万+,1.2万
13:55:02,11997,30.4万,10万+,1.2万
13:55:12,12055,30.5万,10万+,1.2万
13:55:18,12055,30.5万,10万+,1.2万
13:55:21,12019,30.5万,10万+,1.2万
13:55:22,12037,30.5万,10万+,1.2万
13:55:24,12037,30.5万,10万+,1.2万
13:55:26,12055,30.5万,10万+,1.2万
13:55:32,12037,30.5万,10万+,1.2万
13:55:42,12029,30.6万,10万+,1.2万
13:55:44,12029,30.6万,10万+,1.2万
13:55:52,12050,30.7万,10万+,1.2万
13:55:56,12050,30.7万,10万+,1.2万
13:55:58,12059,30.7万,10万+,1.2万
13:56:04,12065,30.7万,10万+,1.2万
13:56:14,12059,30.7万,10万+,1.2万
13:56:24,12040,30.7万,10万+,1.2万
13:56:26,12040,30.7万,10万+,1.2万
13:56:28,12040,30.7万,10万+,1.2万
13:56:34,12048,30.8万,10万+,1.2万
13:56:42,12059,30.8万,10万+,1.2万
13:56:52,12076,30.9万,10万+,1.2万
13:56:56,12076,30.9万,10万+,1.2万
13:56:58,12102,30.9万,10万+,1.2万
13:57:02,12102,30.9万,10万+,1.2万
13:57:04,12075,30.8万,10万+,1.2万
13:57:12,12206,30.9万,10万+,1.2万
13:57:22,12210,30.9万,10万+,1.2万
13:57:26,12196,30.9万,10万+,1.2万
13:57:28,12258,31.0万,10万+,1.2万
13:57:39,12258,31.0万,10万+,1.2万
13:57:46,12285,31.1万,10万+,1.2万
13:57:52,12332,31.1万,10万+,1.2万
13:57:56,12312,31.1万,10万+,1.2万
13:57:58,12285,31.1万,10万+,1.2万
13:58:02,12324,31.1万,10万+,1.2万
13:58:12,12405,31.1万,10万+,1.2万
13:58:14,12504,31.2万,10万+,1.3万
13:58:24,12462,31.2万,10万+,1.2万
13:58:28,12405,31.1万,10万+,1.2万
13:58:34,12595,31.2万,10万+,1.3万
13:58:40,12595,31.2万,10万+,1.3万
13:58:44,12537,31.2万,10万+,1.3万
13:58:46,12648,31.3万,10万+,1.3万
13:58:54,12648,31.3万,10万+,1.3万
13:58:56,12670,31.3万,10万+,1.3万
13:58:58,12670,31.3万,10万+,1.3万
13:59:02,12689,31.3万,10万+,1.3万
13:59:12,12705,31.3万,10万+,1.3万
13:59:18,12695,31.4万,10万+,1.3万
13:59:28,12674,31.4万,10万+,1.3万
13:59:30,12685,31.4万,10万+,1.3万
13:59:38,12704,31.5万,10万+,1.3万
13:59:44,12704,31.5万,10万+,1.3万
13:59:54,12740,31.5万,10万+,1.3万
13:59:58,12744,31.5万,10万+,1.3万
14:00:00,12731,31.5万,10万+,1.3万
14:00:02,12731,31.5万,10万+,1.3万
14:00:04,12740,31.5万,10万+,1.3万
14:00:10,12881,31.6万,10万+,1.3万
14:00:12,12814,31.6万,10万+,1.3万
14:00:20,12814,31.6万,10万+,1.3万
14:00:28,12949,31.6万,10万+,1.3万
14:00:36,13081,31.7万,10万+,1.3万
14:00:46,13117,31.7万,10万+,1.3万
14:00:56,13132,31.7万,10万+,1.3万
14:00:58,13132,31.7万,10万+,1.3万
14:01:00,13081,31.7万,10万+,1.3万
14:01:04,13132,31.7万,10万+,1.3万
14:01:14,13132,31.7万,10万+,1.3万
14:01:20,13146,31.8万,10万+,1.3万
14:01:30,13172,31.8万,10万+,1.3万
14:01:32,13192,31.8万,10万+,1.3万
14:01:36,13124,31.8万,10万+,1.3万
14:01:42,13096,31.8万,10万+,1.3万
14:01:52,13007,31.9万,10万+,1.3万
14:01:58,13007,31.9万,10万+,1.3万
14:02:00,13007,31.9万,10万+,1.3万
14:02:02,12964,31.9万,10万+,1.3万
14:02:06,12908,31.9万,10万+,1.3万
14:02:16,12844,32.0万,10万+,1.3万
14:02:26,12769,32.0万,10万+,1.3万
14:02:28,12804,32.0万,10万+,1.3万
14:02:30,12804,32.0万,10万+,1.3万
14:02:36,12769,32.0万,10万+,1.3万
14:02:46,12759,32.1万,10万+,1.3万
14:02:48,12746,32.0万,10万+,1.3万
14:02:56,12757,32.1万,10万+,1.3万
14:03:00,12757,32.1万,10万+,1.3万
14:03:02,12757,32.1万,10万+,1.3万
14:03:04,12757,32.1万,10万+,1.3万
14:03:06,12757,32.1万,10万+,1.3万
14:03:12,12780,32.1万,10万+,1.3万
14:03:22,12910,32.2万,10万+,1.3万
14:03:24,12964,32.2万,10万+,1.3万
14:03:28,12910,32.2万,10万+,1.3万
14:03:30,12964,32.2万,10万+,1.3万
14:03:32,12964,32.2万,10万+,1.3万
14:03:34,13030,32.2万,10万+,1.3万
14:03:36,13081,32.3万,10万+,1.3万
14:03:46,13110,32.3万,10万+,1.3万
14:03:52,13102,32.3万,10万+,1.3万
14:03:54,13102,32.3万,10万+,1.3万
14:03:58,13102,32.3万,10万+,1.3万
14:04:00,13102,32.3万,10万+,1.3万
14:04:06,13081,32.3万,10万+,1.3万
14:04:08,13145,32.4万,10万+,1.3万
14:04:16,13127,32.3万,10万+,1.3万
14:04:26,13167,32.4万,10万+,1.3万
14:04:30,13214,32.5万,10万+,1.3万
14:04:32,13248,32.5万,10万+,1.3万
14:04:34,13257,32.5万,10万+,1.3万
14:04:36,13257,32.5万,10万+,1.3万
14:04:38,13257,32.5万,10万+,1.3万
14:04:46,13290,32.5万,10万+,1.3万
14:04:56,13267,32.5万,10万+,1.3万
14:04:58,13290,32.5万,10万+,1.3万
14:05:00,13295,32.6万,10万+,1.3万
14:05:02,13311,32.6万,10万+,1.3万
14:05:04,13257,32.5万,10万+,1.3万
14:05:06,13413,32.6万,10万+,1.3万
14:05:12,13295,32.6万,10万+,1.3万
14:05:14,13484,32.7万,10万+,1.3万
14:05:22,13580,32.7万,10万+,1.4万
14:05:28,13624,32.7万,10万+,1.4万
14:05:30,13484,32.7万,10万+,1.3万
14:05:32,13580,32.7万,10万+,1.4万
14:05:36,13624,32.7万,10万+,1.4万
14:05:46,13704,32.7万,10万+,1.4万
14:05:48,13849,32.8万,10万+,1.4万
14:05:58,13936,32.8万,10万+,1.4万
14:06:00,13887,32.8万,10万+,1.4万
14:06:06,13934,32.8万,10万+,1.4万
14:06:12,13956,32.9万,10万+,1.4万
14:06:22,13887,32.8万,10万+,1.4万
14:06:26,13951,32.9万,10万+,1.4万
14:06:28,13950,32.9万,10万+,1.4万
14:06:30,13965,32.9万,10万+,1.4万
14:06:36,13951,32.9万,10万+,1.4万
14:06:38,13950,32.9万,10万+,1.4万
14:06:40,13978,33.0万,10万+,1.4万
14:06:46,13996,33.0万,10万+,1.4万
14:06:56,14045,33.0万,10万+,1.4万
14:07:00,14092,33.0万,10万+,1.4万
14:07:02,14092,33.0万,10万+,1.4万
14:07:08,14119,33.1万,10万+,1.4万
14:07:16,14119,33.1万,10万+,1.4万
14:07:26,14136,33.1万,10万+,1.4万
14:07:28,14172,33.1万,10万+,1.4万
14:07:30,14136,33.1万,10万+,1.4万
14:07:32,14136,33.1万,10万+,1.4万
14:07:36,14191,33.1万,10万+,1.4万
14:07:46,14191,33.1万,10万+,1.4万
14:07:56,14272,33.2万,10万+,1.4万
14:08:00,14328,33.3万,10万+,1.4万
14:08:02,14328,33.3万,10万+,1.4万
14:08:06,14336,33.3万,10万+,1.4万
14:08:10,14401,33.3万,10万+,1.4万
14:08:20,14336,33.3万,10万+,1.4万
14:08:22,14401,33.3万,10万+,1.4万
14:08:28,14401,33.3万,10万+,1.4万
14:08:30,14401,33.3万,10万+,1.4万
14:08:32,14401,33.3万,10万+,1.4万
14:08:36,14540,33.3万,10万+,1.5万
14:08:46,14709,33.4万,10万+,1.5万
14:08:48,14401,33.3万,10万+,1.4万
14:08:58,14709,33.4万,10万+,1.5万
14:09:00,14721,33.5万,10万+,1.5万
14:09:06,14709,33.4万,10万+,1.5万
14:09:16,14815,33.5万,10万+,1.5万
14:09:18,14815,33.5万,10万+,1.5万
14:09:26,14851,33.6万,10万+,1.5万
14:09:28,14880,33.6万,10万+,1.5万
14:09:30,14880,33.6万,10万+,1.5万
14:09:32,14954,33.6万,10万+,1.5万
14:09:36,14927,33.6万,10万+,1.5万
14:09:46,15015,33.7万,10万+,1.5万
14:09:58,15088,33.7万,10万+,1.5万
14:10:00,15127,33.7万,10万+,1.5万
14:10:02,15088,33.7万,10万+,1.5万
14:10:06,15015,33.7万,10万+,1.5万
14:10:08,15127,33.7万,10万+,1.5万
14:10:12,15127,33.7万,10万+,1.5万
14:10:22,15204,33.8万,10万+,1.5万
14:10:28,15230,33.8万,10万+,1.5万
14:10:30,15230,33.8万,10万+,1.5万
14:10:32,15151,33.7万,10万+,1.5万
14:10:40,15248,33.8万,10万+,1.5万
14:10:46,15248,33.8万,10万+,1.5万
14:10:48,15304,33.9万,10万+,1.5万
14:10:56,15280,33.8万,10万+,1.5万
14:11:02,15288,33.9万,10万+,1.5万
14:11:08,15280,33.8万,10万+,1.5万
14:11:12,15299,33.9万,10万+,1.5万
14:11:22,15288,33.9万,10万+,1.5万
14:11:28,15383,34.0万,10万+,1.5万
14:11:32,15454,34.0万,10万+,1.5万
14:11:34,15454,34.0万,10万+,1.5万
14:11:40,15454,34.0万,10万+,1.5万
14:11:44,15383,34.0万,10万+,1.5万
14:11:46,15491,34.0万,10万+,1.5万
14:11:54,15597,34.1万,10万+,1.6万
14:12:04,15653,34.1万,10万+,1.6万
14:12:10,15577,34.1万,10万+,1.6万
14:12:18,15653,34.1万,10万+,1.6万
14:12:28,15901,34.2万,10万+,1.6万
14:12:32,15978,34.2万,10万+,1.6万
14:12:34,15752,34.2万,10万+,1.6万
14:12:38,15978,34.2万,10万+,1.6万
14:12:48,16103,34.2万,10万+,1.6万
14:12:50,16129,34.2万,10万+,1.6万
14:12:52,16100,34.3万,10万+,1.6万
14:12:56,16062,34.3万,10万+,1.6万
14:13:00,16100,34.3万,10万+,1.6万
14:13:02,15936,34.3万,10万+,1.6万
14:13:04,15667,34.3万,10万+,1.6万
14:13:08,15667,34.3万,10万+,1.6万
14:13:18,15667,34.3万,10万+,1.6万
14:13:24,15068,34.3万,10万+,1.5万
14:13:30,14459,34.3万,10万+,1.4万
14:13:32,13956,34.3万,10万+,1.4万
14:13:34,13700,34.4万,10万+,1.4万
14:13:38,15264,34.3万,10万+,1.5万
14:13:48,13583,34.4万,10万+,1.4万
14:13:58,13700,34.4万,10万+,1.4万
14:14:02,13103,34.4万,10万+,1.3万
14:14:04,12565,34.4万,10万+,1.3万
14:14:10,12662,34.4万,10万+,1.3万
14:14:18,12336,34.4万,10万+,1.2万
14:14:28,12271,34.4万,10万+,1.2万
14:14:30,12441,34.4万,10万+,1.2万
14:14:32,12271,34.4万,10万+,1.2万
14:14:34,12336,34.4万,10万+,1.2万
14:14:40,12133,34.5万,10万+,1.2万
14:14:50,11788,34.5万,10万+,1.2万
14:14:58,11564,34.5万,10万+,1.2万
14:15:00,11788,34.5万,10万+,1.2万
14:15:02,11409,34.5万,10万+,1.1万
14:15:04,11564,34.5万,10万+,1.2万
14:15:06,11278,34.6万,10万+,1.1万
14:15:08,11564,34.5万,10万+,1.2万
14:15:14,11409,34.5万,10万+,1.1万
14:15:24,11177,34.6万,10万+,1.1万
14:15:26,11139,34.6万,10万+,1.1万
14:15:30,11177,34.6万,10万+,1.1万
14:15:32,11139,34.6万,10万+,1.1万
14:15:34,11127,34.6万,10万+,1.1万
14:15:38,11177,34.6万,10万+,1.1万
14:15:48,11092,34.6万,10万+,1.1万
14:15:54,11088,34.6万,10万+,1.1万
14:16:02,11035,34.7万,10万+,1.1万
14:16:04,11084,34.6万,10万+,1.1万
14:16:08,11052,34.7万,10万+,1.1万
14:16:14,11035,34.7万,10万+,1.1万
14:16:22,11029,34.7万,10万+,1.1万
14:16:32,11032,34.7万,10万+,1.1万
14:16:34,11010,34.7万,10万+,1.1万
14:16:38,11032,34.7万,10万+,1.1万
14:16:46,10971,34.8万,10万+,1.1万
14:16:54,10927,34.8万,10万+,1.1万
14:17:02,10927,34.8万,10万+,1.1万
14:17:04,10927,34.8万,10万+,1.1万
14:17:08,10894,34.8万,10万+,1.1万
14:17:10,10927,34.8万,10万+,1.1万
14:17:18,10893,34.9万,10万+,1.1万
14:17:28,10915,34.9万,10万+,1.1万
14:17:30,10930,34.9万,10万+,1.1万
14:17:32,10915,34.9万,10万+,1.1万
14:17:34,10945,34.9万,10万+,1.1万
14:17:36,10915,34.9万,10万+,1.1万
14:17:40,10930,34.9万,10万+,1.1万
14:17:42,10945,34.9万,10万+,1.1万
14:17:46,10945,34.9万,10万+,1.1万
14:17:50,10938,34.9万,10万+,1.1万
14:17:52,10938,34.9万,10万+,1.1万
14:17:56,10945,34.9万,10万+,1.1万
14:18:02,10920,35.0万,10万+,1.1万
14:18:04,10925,34.9万,10万+,1.1万
14:18:08,10964,35.0万,10万+,1.1万
14:18:14,10941,35.0万,10万+,1.1万
14:18:22,10941,35.0万,10万+,1.1万
14:18:29,10975,35.0万,10万+,1.1万
14:18:33,10975,35.0万,10万+,1.1万
14:18:34,10999,35.0万,10万+,1.1万
14:18:38,10973,35.0万,10万+,1.1万
14:18:44,10973,35.0万,10万+,1.1万
14:18:54,10961,35.1万,10万+,1.1万
14:19:00,10946,35.1万,10万+,1.1万
14:19:02,10946,35.1万,10万+,1.1万
14:19:04,10946,35.1万,10万+,1.1万
14:19:06,10956,35.1万,10万+,1.1万
14:19:18,10949,35.1万,10万+,1.1万
14:19:20,10959,35.1万,10万+,1.1万
14:19:28,10949,35.1万,10万+,1.1万
14:19:30,10951,35.2万,10万+,1.1万
14:19:32,10951,35.2万,10万+,1.1万
14:19:34,10959,35.1万,10万+,1.1万
14:19:44,10954,35.2万,10万+,1.1万
14:19:46,10951,35.2万,10万+,1.1万
14:19:54,10955,35.2万,10万+,1.1万
14:19:58,10933,35.2万,10万+,1.1万
14:20:02,10950,35.2万,10万+,1.1万
14:20:04,10942,35.2万,10万+,1.1万
14:20:08,10970,35.2万,10万+,1.1万
14:20:14,10961,35.2万,10万+,1.1万
14:20:24,10990,35.3万,10万+,1.1万
14:20:26,10990,35.3万,10万+,1.1万
14:20:28,10980,35.3万,10万+,1.1万
14:20:30,10942,35.2万,10万+,1.1万
14:20:32,11004,35.3万,10万+,1.1万
14:20:34,10942,35.2万,10万+,1.1万
14:20:38,11041,35.3万,10万+,1.1万
14:20:48,11041,35.3万,10万+,1.1万
14:20:50,11084,35.3万,10万+,1.1万
14:20:58,11055,35.3万,10万+,1.1万
14:21:02,11072,35.3万,10万+,1.1万
14:21:04,11062,35.3万,10万+,1.1万
14:21:08,11049,35.3万,10万+,1.1万
14:21:18,11094,35.4万,10万+,1.1万
14:21:20,11094,35.4万,10万+,1.1万
14:21:28,11144,35.4万,10万+,1.1万
14:21:30,11118,35.4万,10万+,1.1万
14:21:32,11144,35.4万,10万+,1.1万
14:21:34,11118,35.4万,10万+,1.1万
14:21:38,11118,35.4万,10万+,1.1万
14:21:48,11144,35.4万,10万+,1.1万
14:21:54,11165,35.4万,10万+,1.1万
14:22:02,11178,35.4万,10万+,1.1万
14:22:04,11178,35.4万,10万+,1.1万
14:22:08,11136,35.5万,10万+,1.1万
14:22:18,11105,35.5万,10万+,1.1万
14:22:28,11105,35.5万,10万+,1.1万
14:22:32,11091,35.5万,10万+,1.1万
14:22:34,11090,35.5万,10万+,1.1万
14:22:38,11105,35.5万,10万+,1.1万
14:22:42,11164,35.6万,10万+,1.1万
14:22:44,11105,35.5万,10万+,1.1万
14:22:52,11164,35.6万,10万+,1.1万
14:22:54,11168,35.6万,10万+,1.1万
14:23:02,11175,35.6万,10万+,1.1万
14:23:04,11175,35.6万,10万+,1.1万
14:23:08,11168,35.6万,10万+,1.1万
14:23:18,11234,35.6万,10万+,1.1万
14:23:28,11232,35.6万,10万+,1.1万
14:23:30,11234,35.6万,10万+,1.1万
14:23:32,11249,35.7万,10万+,1.1万
14:23:34,11312,35.7万,10万+,1.1万
14:23:38,11249,35.7万,10万+,1.1万
14:23:50,11232,35.6万,10万+,1.1万
14:23:58,11440,35.7万,10万+,1.1万
14:24:02,11485,35.7万,10万+,1.1万
14:24:04,11345,35.7万,10万+,1.1万
14:24:10,11440,35.7万,10万+,1.1万
14:24:20,11516,35.7万,10万+,1.2万
14:24:30,11573,35.8万,10万+,1.2万
14:24:32,11634,35.8万,10万+,1.2万
14:24:34,11606,35.8万,10万+,1.2万
14:24:40,11664,35.8万,10万+,1.2万
14:24:52,11698,35.8万,10万+,1.2万
14:25:00,11664,35.8万,10万+,1.2万
14:25:02,11634,35.8万,10万+,1.2万
14:25:04,11653,35.8万,10万+,1.2万
14:25:10,11682,35.8万,10万+,1.2万
14:25:20,11724,35.9万,10万+,1.2万
14:25:30,11724,35.9万,10万+,1.2万
14:25:32,11724,35.9万,10万+,1.2万
14:25:34,11740,35.9万,10万+,1.2万
14:25:38,11771,35.9万,10万+,1.2万
14:25:40,11771,35.9万,10万+,1.2万
14:25:50,11771,35.9万,10万+,1.2万
14:25:58,11631,36.0万,10万+,1.2万
14:26:00,11665,36.0万,10万+,1.2万
14:26:04,11595,36.0万,10万+,1.2万
14:26:06,11631,36.0万,10万+,1.2万
14:26:10,11570,36.0万,10万+,1.2万
14:26:16,11551,36.0万,10万+,1.2万
14:26:18,11556,36.0万,10万+,1.2万
14:26:22,11551,36.0万,10万+,1.2万
14:26:26,11631,36.0万,10万+,1.2万
14:26:34,11498,36.0万,10万+,1.1万
14:26:36,11510,36.0万,10万+,1.2万
14:26:42,11507,36.0万,10万+,1.2万
14:26:46,11490,36.0万,10万+,1.1万
14:26:56,11480,36.1万,10万+,1.1万
14:27:04,11480,36.1万,10万+,1.1万
14:27:06,11480,36.1万,10万+,1.1万
14:27:08,11495,36.1万,10万+,1.1万
14:27:10,11490,36.0万,10万+,1.1万
14:27:20,11523,36.1万,10万+,1.2万
14:27:30,11509,36.1万,10万+,1.2万
14:27:34,11525,36.2万,10万+,1.2万
14:27:40,11533,36.2万,10万+,1.2万
14:27:44,11529,36.2万,10万+,1.2万
14:27:50,11529,36.2万,10万+,1.2万
14:28:00,11584,36.2万,10万+,1.2万
14:28:02,11557,36.2万,10万+,1.2万
14:28:04,11529,36.2万,10万+,1.2万
14:28:14,11529,36.2万,10万+,1.2万
14:28:24,11594,36.2万,10万+,1.2万
14:28:26,11590,36.3万,10万+,1.2万
14:28:34,11594,36.2万,10万+,1.2万
14:28:40,11598,36.3万,10万+,1.2万
14:28:46,11590,36.3万,10万+,1.2万
14:28:56,11634,36.3万,10万+,1.2万
14:29:04,11634,36.3万,10万+,1.2万
14:29:06,11634,36.3万,10万+,1.2万
14:29:10,11632,36.3万,10万+,1.2万
14:29:12,11617,36.3万,10万+,1.2万
14:29:20,11595,36.4万,10万+,1.2万
14:29:22,11608,36.4万,10万+,1.2万
14:29:30,11630,36.4万,10万+,1.2万
14:29:34,11623,36.4万,10万+,1.2万
14:29:36,11630,36.4万,10万+,1.2万
14:29:40,11617,36.3万,10万+,1.2万
14:29:50,11601,36.4万,10万+,1.2万
14:30:02,11616,36.4万,10万+,1.2万
14:30:04,11625,36.4万,10万+,1.2万
14:30:10,11625,36.4万,10万+,1.2万
14:30:20,11636,36.5万,10万+,1.2万
14:30:30,11643,36.5万,10万+,1.2万
14:30:32,11666,36.5万,10万+,1.2万
14:30:34,11655,36.5万,10万+,1.2万
14:30:40,11660,36.5万,10万+,1.2万
14:30:46,11660,36.5万,10万+,1.2万
14:30:56,11653,36.5万,10万+,1.2万
14:31:04,11654,36.6万,10万+,1.2万
14:31:10,11660,36.5万,10万+,1.2万
14:31:12,11658,36.6万,10万+,1.2万
14:31:20,11658,36.6万,10万+,1.2万
14:31:30,11654,36.6万,10万+,1.2万
14:31:34,11660,36.6万,10万+,1.2万
14:31:36,11649,36.6万,10万+,1.2万
14:31:42,11658,36.6万,10万+,1.2万
14:31:44,11660,36.6万,10万+,1.2万
14:31:48,11660,36.6万,10万+,1.2万
14:31:52,11654,36.7万,10万+,1.2万
14:31:54,11676,36.6万,10万+,1.2万
14:32:02,11654,36.7万,10万+,1.2万
14:32:04,11709,36.7万,10万+,1.2万
14:32:10,11681,36.7万,10万+,1.2万
14:32:18,11681,36.7万,10万+,1.2万
14:32:28,11674,36.6万,10万+,1.2万
14:32:34,11734,36.7万,10万+,1.2万
14:32:36,11762,36.7万,10万+,1.2万
14:32:40,11734,36.7万,10万+,1.2万
14:32:50,11773,36.7万,10万+,1.2万
14:32:56,11773,36.7万,10万+,1.2万
14:33:02,11795,36.8万,10万+,1.2万
14:33:04,11773,36.7万,10万+,1.2万
14:33:14,11810,36.8万,10万+,1.2万
14:33:26,11817,36.8万,10万+,1.2万
14:33:34,11780,36.8万,10万+,1.2万
14:33:36,11768,36.8万,10万+,1.2万
14:33:40,11791,36.8万,10万+,1.2万
14:33:46,11750,36.8万,10万+,1.2万
14:33:48,11763,36.8万,10万+,1.2万
14:33:50,11748,36.8万,10万+,1.2万
14:33:52,11780,36.8万,10万+,1.2万
14:33:56,11748,36.8万,10万+,1.2万
14:33:58,11763,36.8万,10万+,1.2万
14:34:02,11750,36.8万,10万+,1.2万
14:34:04,11771,36.9万,10万+,1.2万
14:34:14,11784,36.9万,10万+,1.2万
14:34:16,11771,36.9万,10万+,1.2万
14:34:26,11815,36.9万,10万+,1.2万
14:34:30,11818,36.9万,10万+,1.2万
14:34:34,11811,36.9万,10万+,1.2万
14:34:40,11750,36.8万,10万+,1.2万
14:34:46,11830,36.9万,10万+,1.2万
14:34:50,11829,36.9万,10万+,1.2万
14:34:52,11901,36.9万,10万+,1.2万
14:35:00,11901,36.9万,10万+,1.2万
14:35:06,11869,36.9万,10万+,1.2万
14:35:08,11900,37.0万,10万+,1.2万
14:35:13,11834,36.9万,10万+,1.2万
14:35:22,11928,37.0万,10万+,1.2万
14:35:34,11925,37.0万,10万+,1.2万
14:35:36,11925,37.0万,10万+,1.2万
14:35:38,11936,37.0万,10万+,1.2万
14:35:42,11925,37.0万,10万+,1.2万
14:35:52,12058,37.0万,10万+,1.2万
14:36:02,12058,37.0万,10万+,1.2万
14:36:06,12135,37.0万,10万+,1.2万
14:36:08,12144,37.1万,10万+,1.2万
14:36:14,12151,37.1万,10万+,1.2万
14:36:22,12151,37.1万,10万+,1.2万
14:36:34,12152,37.1万,10万+,1.2万
14:36:40,12160,37.1万,10万+,1.2万
14:36:44,12160,37.1万,10万+,1.2万
14:36:50,12156,37.1万,10万+,1.2万
14:37:00,12158,37.1万,10万+,1.2万
14:37:08,12154,37.1万,10万+,1.2万
14:37:10,12158,37.1万,10万+,1.2万
14:37:21,12161,37.1万,10万+,1.2万
14:37:28,12178,37.2万,10万+,1.2万
14:37:38,12158,37.2万,10万+,1.2万
14:37:40,12158,37.2万,10万+,1.2万
14:37:44,12158,37.2万,10万+,1.2万
14:37:54,12159,37.2万,10万+,1.2万
14:38:04,12175,37.2万,10万+,1.2万
14:38:08,12149,37.2万,10万+,1.2万
14:38:10,12131,37.2万,10万+,1.2万
14:38:14,12146,37.2万,10万+,1.2万
14:38:16,12172,37.2万,10万+,1.2万
14:38:24,12159,37.2万,10万+,1.2万
14:38:34,12159,37.2万,10万+,1.2万
14:38:38,12257,37.3万,10万+,1.2万
14:38:44,12257,37.3万,10万+,1.2万
14:38:54,12286,37.3万,10万+,1.2万
14:38:56,12315,37.3万,10万+,1.2万
14:38:58,12315,37.3万,10万+,1.2万
14:39:04,12390,37.3万,10万+,1.2万
14:39:08,12315,37.3万,10万+,1.2万
14:39:10,12444,37.3万,10万+,1.2万
14:39:18,12390,37.3万,10万+,1.2万
14:39:24,12476,37.3万,10万+,1.2万
14:39:27,12487,37.3万,10万+,1.2万
14:39:30,12543,37.4万,10万+,1.3万
14:39:40,12487,37.3万,10万+,1.2万
14:39:42,12556,37.4万,10万+,1.3万
14:39:44,12556,37.4万,10万+,1.3万
14:39:46,12556,37.4万,10万+,1.3万
14:39:52,12556,37.4万,10万+,1.3万
14:40:02,12546,37.4万,10万+,1.3万
14:40:10,12540,37.4万,10万+,1.3万
14:40:12,12723,37.4万,10万+,1.3万
14:40:16,12723,37.4万,10万+,1.3万
14:40:28,12723,37.4万,10万+,1.3万
14:40:36,12676,37.4万,10万+,1.3万
14:40:38,12653,37.4万,10万+,1.3万
14:40:40,12723,37.4万,10万+,1.3万
14:40:42,12653,37.4万,10万+,1.3万
14:40:44,12697,37.4万,10万+,1.3万
14:40:46,12653,37.4万,10万+,1.3万
14:40:48,12620,37.5万,10万+,1.3万
14:40:58,12638,37.4万,10万+,1.3万
14:41:08,12619,37.5万,10万+,1.3万
14:41:10,12619,37.5万,10万+,1.3万
14:41:12,12614,37.5万,10万+,1.3万
14:41:14,12619,37.5万,10万+,1.3万
14:41:20,12629,37.5万,10万+,1.3万
14:41:24,12629,37.5万,10万+,1.3万
14:41:34,12727,37.5万,10万+,1.3万
14:41:36,12629,37.5万,10万+,1.3万
14:41:40,12754,37.5万,10万+,1.3万
14:41:43,12754,37.5万,10万+,1.3万
14:41:44,12754,37.5万,10万+,1.3万
14:41:46,12806,37.6万,10万+,1.3万
14:41:48,12754,37.5万,10万+,1.3万
14:41:56,12754,37.5万,10万+,1.3万
14:42:02,12835,37.6万,10万+,1.3万
14:42:06,12853,37.6万,10万+,1.3万
14:42:08,12835,37.6万,10万+,1.3万
14:42:10,12853,37.6万,10万+,1.3万
14:42:12,12853,37.6万,10万+,1.3万
14:42:14,12806,37.6万,10万+,1.3万
14:42:20,12902,37.6万,10万+,1.3万
14:42:30,12917,37.6万,10万+,1.3万
14:42:40,13008,37.6万,10万+,1.3万
14:42:44,12984,37.6万,10万+,1.3万
14:42:46,13008,37.6万,10万+,1.3万
14:42:52,13008,37.6万,10万+,1.3万
14:42:54,13008,37.6万,10万+,1.3万
14:43:02,13054,37.7万,10万+,1.3万
14:43:08,13073,37.7万,10万+,1.3万
14:43:12,13043,37.7万,10万+,1.3万
14:43:14,13073,37.7万,10万+,1.3万
14:43:22,13085,37.7万,10万+,1.3万
14:43:30,13060,37.7万,10万+,1.3万
14:43:40,13060,37.7万,10万+,1.3万
14:43:44,13053,37.7万,10万+,1.3万
14:43:46,13076,37.7万,10万+,1.3万
14:43:50,13076,37.7万,10万+,1.3万
14:44:00,13118,37.7万,10万+,1.3万
14:44:10,13188,37.8万,10万+,1.3万
14:44:14,13221,37.8万,10万+,1.3万
14:44:16,13168,37.8万,10万+,1.3万
14:44:18,13221,37.8万,10万+,1.3万
14:44:20,13188,37.8万,10万+,1.3万
14:44:30,13259,37.8万,10万+,1.3万
14:44:34,13278,37.8万,10万+,1.3万
14:44:38,13317,37.8万,10万+,1.3万
14:44:40,13317,37.8万,10万+,1.3万
14:44:42,13259,37.8万,10万+,1.3万
14:44:44,13258,37.8万,10万+,1.3万
14:44:46,13278,37.8万,10万+,1.3万
14:44:50,13350,37.9万,10万+,1.3万
14:44:56,13350,37.9万,10万+,1.3万
14:45:00,13361,37.9万,10万+,1.3万
14:45:10,13377,37.9万,10万+,1.3万
14:45:14,13377,37.9万,10万+,1.3万
14:45:16,13413,37.9万,10万+,1.3万
14:45:26,13438,37.9万,10万+,1.3万
14:45:28,13438,37.9万,10万+,1.3万
14:45:34,13430,37.9万,10万+,1.3万
14:45:36,13430,37.9万,10万+,1.3万
14:45:38,13430,37.9万,10万+,1.3万
14:45:44,13461,37.9万,10万+,1.3万
14:45:50,13548,37.9万,10万+,1.4万
14:45:52,13548,37.9万,10万+,1.4万
14:46:00,13601,38.0万,10万+,1.4万
14:46:10,13548,37.9万,10万+,1.4万
14:46:14,13601,38.0万,10万+,1.4万
14:46:16,13597,38.0万,10万+,1.4万
14:46:26,13634,38.0万,10万+,1.4万
14:46:36,13634,38.0万,10万+,1.4万
14:46:42,13631,38.0万,10万+,1.4万
14:46:44,13634,38.0万,10万+,1.4万
14:46:46,13619,38.0万,10万+,1.4万
14:46:50,13638,38.0万,10万+,1.4万
14:47:00,13654,38.1万,10万+,1.4万
14:47:10,13641,38.1万,10万+,1.4万
14:47:14,13666,38.1万,10万+,1.4万
14:47:20,13652,38.1万,10万+,1.4万
14:47:30,13466,38.1万,10万+,1.3万
14:47:40,13608,38.1万,10万+,1.4万
14:47:44,13412,38.1万,10万+,1.3万
14:47:46,13504,38.1万,10万+,1.4万
14:47:52,13367,38.1万,10万+,1.3万
14:47:54,13367,38.1万,10万+,1.3万
14:48:02,13357,38.2万,10万+,1.3万
14:48:12,13376,38.2万,10万+,1.3万
14:48:14,13350,38.2万,10万+,1.3万
14:48:16,13376,38.2万,10万+,1.3万
14:48:24,13396,38.2万,10万+,1.3万
14:48:26,13494,38.2万,10万+,1.3万
14:48:34,13521,38.2万,10万+,1.4万
14:48:36,13396,38.2万,10万+,1.3万
14:48:38,13494,38.2万,10万+,1.3万
14:48:42,13489,38.2万,10万+,1.3万
14:48:44,13521,38.2万,10万+,1.4万
14:48:48,13489,38.2万,10万+,1.3万
14:48:50,13489,38.2万,10万+,1.3万
14:48:52,13489,38.2万,10万+,1.3万
14:48:58,13158,38.3万,10万+,1.3万
14:49:10,13158,38.3万,10万+,1.3万
14:49:14,12619,38.3万,10万+,1.3万
14:49:16,12379,38.3万,10万+,1.2万
14:49:20,13158,38.3万,10万+,1.3万
14:49:22,11948,38.3万,10万+,1.2万
14:49:24,12167,38.3万,10万+,1.2万
14:49:30,12167,38.3万,10万+,1.2万
14:49:40,11718,38.3万,10万+,1.2万
14:49:44,11948,38.3万,10万+,1.2万
14:49:46,13158,38.3万,10万+,1.3万
14:49:56,11594,38.3万,10万+,1.2万
14:50:04,11161,38.3万,10万+,1.1万
14:50:14,10408,38.3万,10万+,1.0万
14:50:16,10720,38.3万,10万+,1.1万
14:50:22,10092,38.3万,10万+,1.0万
14:50:24,10092,38.3万,10万+,1.0万
14:50:28,10092,38.3万,10万+,1.0万
14:50:30,8316,38.4万,10万+,8316
14:50:32,9300,38.4万,10万+,9300
14:50:36,9300,38.4万,10万+,9300
14:50:44,8017,38.4万,10万+,8017
14:50:46,7556,38.4万,10万+,7556
14:50:48,7176,38.4万,10万+,7176
14:50:52,7176,38.4万,10万+,7176
14:50:58,6646,38.4万,10万+,6646
14:51:02,6425,38.4万,10万+,6425
14:51:12,6136,38.4万,10万+,6136
14:51:14,6425,38.4万,10万+,6425
14:51:16,6136,38.4万,10万+,6136
14:51:20,5767,38.4万,10万+,5767
14:51:32,5767,38.4万,10万+,5767
14:51:40,5417,38.4万,10万+,5417
14:51:44,5497,38.4万,10万+,5497
14:51:46,5303,38.4万,10万+,5303
14:51:48,5417,38.4万,10万+,5417
14:51:50,5624,38.4万,10万+,5624
14:52:00,5157,38.5万,10万+,5157
14:52:10,5103,38.5万,10万+,5103
14:52:12,5028,38.5万,10万+,5028
14:52:14,5071,38.5万,10万+,5071
14:52:16,5071,38.5万,10万+,5071
14:52:20,4968,38.5万,10万+,4968
14:52:26,5028,38.5万,10万+,5028
14:52:28,5007,38.5万,10万+,5007
14:52:32,4968,38.5万,10万+,4968
14:52:36,4925,38.5万,10万+,4925
14:52:42,4925,38.5万,10万+,4925
14:52:44,4906,38.5万,10万+,4906
14:52:46,4818,38.5万,10万+,4818
14:52:50,4818,38.5万,10万+,4818
14:52:52,4818,38.5万,10万+,4818
14:52:58,4792,38.5万,10万+,4792
14:53:00,4760,38.5万,10万+,4760
14:53:02,4723,38.5万,10万+,4723
14:53:10,4818,38.5万,10万+,4818
14:53:14,4647,38.5万,10万+,4647
