time,user_id,user_name,count,total,grade,fans_club
06:29:49,60704769499,狐狸对你笑,24,183309,[等级27],[粉丝团 Lv7]
06:29:49,60704769499,狐狸对你笑,24,183341,[等级27],[粉丝团 Lv7]
06:29:50,60704769499,狐狸对你笑,24,183354,[等级27],[粉丝团 Lv7]
06:29:51,2762447064401485,Griant,3,183370,[等级10],
06:29:51,60704769499,狐狸对你笑,24,183381,[等级27],[粉丝团 Lv7]
06:29:53,60704769499,狐狸对你笑,21,183397,[等级27],[粉丝团 Lv7]
06:29:55,60704769499,狐狸对你笑,24,183411,[等级27],[粉丝团 Lv7]
06:29:59,109863837675,萌,3,183434,[等级16],
06:30:01,60704769499,狐狸对你笑,21,183446,[等级27],[粉丝团 Lv7]
06:30:04,4213763892323272,L一月十一,21,183469,[等级19],[粉丝团 Lv7]
06:30:07,60704769499,狐狸对你笑,24,183489,[等级27],[粉丝团 Lv7]
06:30:11,99650366160,大帅（街头格斗）,24,183522,[等级6],
06:30:13,99650366160,大帅（街头格斗）,30,183544,[等级6],
06:30:15,1396852213957539,西楚,18,183568,[等级10],[粉丝团 Lv8]
06:30:19,99650366160,大帅（街头格斗）,21,183627,[等级6],
06:30:22,100523642280,天空之城（不要连赞）,15,183664,[等级5],
06:30:24,3689593107120935,晚歌,30,183761,[等级7],[粉丝团 Lv10]
06:30:27,1406995583473613,南桸,36,183807,[等级41],[粉丝团 Lv10]
06:30:30,3896267268438788,馋火锅了,36,183882,[等级23],[粉丝团 Lv10]
06:30:33,1406995583473613,南桸,33,183935,[等级41],[粉丝团 Lv10]
06:30:36,3896267268438788,馋火锅了,12,183981,[等级23],[粉丝团 Lv10]
06:30:39,1244253829991438,果酱不太甜,21,184027,[等级7],
06:30:42,3896267268438788,馋火锅了,15,184074,[等级23],[粉丝团 Lv10]
06:30:45,1244253829991438,果酱不太甜,24,184120,[等级7],
06:30:48,2590866089184749,ㅤㅤ  ㅤㅤㅤ  ︋︋︋︋︋,9,184155,,
06:30:51,1406995583473613,南桸,33,184225,[等级41],[粉丝团 Lv10]
06:30:54,2590866089184749,ㅤㅤ  ㅤㅤㅤ  ︋︋︋︋︋,24,184282,,
06:30:57,60704769499,狐狸对你笑,24,184354,[等级27],[粉丝团 Lv7]
06:31:01,60704769499,狐狸对你笑,24,184413,[等级27],[粉丝团 Lv7]
06:31:03,1244253829991438,果酱不太甜,30,184456,[等级7],
06:31:07,2590866089184749,ㅤㅤ  ㅤㅤㅤ  ︋︋︋︋︋,27,184537,,
06:31:09,1244253829991438,果酱不太甜,30,184630,[等级7],
06:31:13,96902132723,丁,3,184712,[等级8],
06:31:15,60704769499,狐狸对你笑,21,184795,[等级27],[粉丝团 Lv7]
06:31:19,2590866089184749,ㅤㅤ  ㅤㅤㅤ  ︋︋︋︋︋,24,184876,,
06:31:21,1244253829991438,果酱不太甜,36,184974,[等级7],
06:31:24,2590866089184749,ㅤㅤ  ㅤㅤㅤ  ︋︋︋︋︋,27,185042,,
06:31:27,1406995583473613,南桸,15,185120,[等级41],[粉丝团 Lv10]
06:31:30,2590866089184749,ㅤㅤ  ㅤㅤㅤ  ︋︋︋︋︋,27,185198,,
06:31:33,1406995583473613,南桸,36,185288,[等级41],[粉丝团 Lv10]
06:31:36,2590866089184749,ㅤㅤ  ㅤㅤㅤ  ︋︋︋︋︋,21,185357,,
06:31:39,1406995583473613,南桸,36,185434,[等级41],[粉丝团 Lv10]
06:31:43,3896267268438788,馋火锅了,27,185526,[等级23],[粉丝团 Lv10]
06:31:45,1244253829991438,果酱不太甜,21,185579,[等级7],
06:31:48,939430012533929,你好难哄,9,185654,[等级19],[粉丝团 Lv11]
06:31:52,2126919417205067,喜乐平安,15,185694,,
06:31:54,2590866089184749,ㅤㅤ  ㅤㅤㅤ  ︋︋︋︋︋,30,185724,,
06:31:57,1244253829991438,果酱不太甜,30,185761,[等级7],
06:32:01,2590866089184749,ㅤㅤ  ㅤㅤㅤ  ︋︋︋︋︋,27,185796,,
06:32:03,1244253829991438,果酱不太甜,33,185842,[等级7],
06:32:07,2590866089184749,ㅤㅤ  ㅤㅤㅤ  ︋︋︋︋︋,24,185878,,
06:32:09,1244253829991438,果酱不太甜,30,185928,[等级7],
06:32:13,2590866089184749,ㅤㅤ  ㅤㅤㅤ  ︋︋︋︋︋,24,185962,,
06:32:15,1244253829991438,果酱不太甜,27,186019,[等级7],
06:32:18,443841343660651,@故乡的云,3,186044,[等级2],
06:32:22,75991915622,@拓海,9,186082,[等级32],[粉丝团 Lv3]
06:32:24,106815629319,鑫森淼焱垚,6,186108,[等级4],[粉丝团 Lv4]
06:32:27,3896267268438788,馋火锅了,33,186186,[等级23],[粉丝团 Lv10]
06:32:30,2792412859874636,成事在天V,3,186244,[等级23],[粉丝团 Lv5]
06:32:33,3109031578975052,A(￣o￣) . z,21,186319,[等级4],
06:32:36,1279427903503684,杨晟潇,6,186385,[等级9],
06:32:39,3896267268438788,馋火锅了,30,186457,[等级23],[粉丝团 Lv10]
06:32:42,453442174718862,张君雅的陛下⁵¹⁰⁷⁴,6,186505,[等级35],[粉丝团 Lv16]
06:32:45,1406995583473613,南桸,36,186584,[等级41],[粉丝团 Lv10]
06:32:49,1406995583473613,南桸,36,186656,[等级41],[粉丝团 Lv10]
06:32:51,1406995583473613,南桸,33,186693,[等级41],[粉丝团 Lv10]
06:32:54,109568841071,Budget,3,186758,[等级18],[粉丝团 Lv2]
06:32:58,3896267268438788,馋火锅了,30,186839,[等级23],[粉丝团 Lv10]
06:33:02,3109031578975052,A(￣o￣) . z,21,186904,[等级4],
06:33:03,3960896197766528,男摩,3,186929,[等级1],
06:33:06,3109031578975052,A(￣o￣) . z,15,186979,[等级4],
06:33:10,3109031578975052,A(￣o￣) . z,15,187012,[等级4],
06:33:12,74311454495,吃个汤圆（见过Roy²,30,187060,[等级11],[粉丝团 Lv10]
06:33:15,3896267268438788,馋火锅了,30,187133,[等级23],[粉丝团 Lv10]
06:33:18,54958017691,A fairy✨,12,187242,[等级22],[粉丝团 Lv12]
06:33:21,1244253829991438,果酱不太甜,30,187319,[等级7],
06:33:24,939430012533929,你好难哄,3,187401,[等级19],[粉丝团 Lv11]
06:33:27,1244253829991438,果酱不太甜,33,187452,[等级7],
06:33:30,3109031578975052,A(￣o￣) . z,12,187545,[等级4],
06:33:33,1244253829991438,果酱不太甜,30,187603,[等级7],
06:33:37,74311454495,吃个汤圆（见过Roy²,30,187679,[等级11],[粉丝团 Lv10]
06:33:39,1244253829991438,果酱不太甜,33,187734,[等级7],
06:33:42,453442174718862,张君雅的陛下⁵¹⁰⁷⁴,33,187843,[等级35],[粉丝团 Lv16]
06:33:45,1244253829991438,果酱不太甜,27,187921,[等级7],
06:33:48,95573296238,Xcling 77,9,188023,[等级11],[粉丝团 Lv10]
06:33:51,3109031578975052,A(￣o￣) . z,48,188088,[等级4],
06:33:54,939430012533929,你好难哄,3,188189,[等级19],[粉丝团 Lv11]
06:33:57,1244253829991438,果酱不太甜,30,188269,[等级7],
06:34:00,3109031578975052,A(￣o￣) . z,18,188360,[等级4],
06:34:03,1244253829991438,果酱不太甜,30,188438,[等级7],
06:34:06,60704769499,狐狸对你笑,24,188536,[等级27],[粉丝团 Lv7]
06:34:09,1244253829991438,果酱不太甜,33,188620,[等级7],
06:34:12,60704769499,狐狸对你笑,24,188702,[等级27],[粉丝团 Lv7]
06:34:15,74311454495,吃个汤圆（见过Roy²,30,188805,[等级11],[粉丝团 Lv10]
06:34:18,453442174718862,张君雅的陛下⁵¹⁰⁷⁴,36,188925,[等级35],[粉丝团 Lv16]
06:34:21,1244253829991438,果酱不太甜,30,189020,[等级7],
06:34:24,60704769499,狐狸对你笑,21,189110,[等级27],[粉丝团 Lv7]
06:34:27,1244253829991438,果酱不太甜,3,189208,[等级7],
06:34:30,60704769499,狐狸对你笑,21,189292,[等级27],[粉丝团 Lv7]
06:34:33,74311454495,吃个汤圆（见过Roy²,30,189371,[等级11],[粉丝团 Lv10]
06:34:37,60704769499,狐狸对你笑,21,189456,[等级27],[粉丝团 Lv7]
06:34:39,102388103725,ღ᭄ꫛ零এ,33,189544,[等级7],
06:34:43,60704769499,狐狸对你笑,21,189608,[等级27],[粉丝团 Lv7]
06:34:45,102388103725,ღ᭄ꫛ零এ,30,189682,[等级7],
06:34:48,453442174718862,张君雅的陛下⁵¹⁰⁷⁴,30,189738,[等级35],[粉丝团 Lv16]
06:34:52,3109031578975052,A(￣o￣) . z,6,189777,[等级4],
06:34:54,453442174718862,张君雅的陛下⁵¹⁰⁷⁴,12,189816,[等级35],[粉丝团 Lv16]
06:34:57,82666996816,养胖小恐龙,12,189856,[等级14],[粉丝团 Lv5]
06:35:00,453442174718862,张君雅的陛下⁵¹⁰⁷⁴,3,189914,[等级35],[粉丝团 Lv16]
06:35:04,96668483463,𝐋𝐢𝐞𝐫𝐫𝐞,24,189984,[等级12],
06:35:06,60704769499,狐狸对你笑,21,190031,[等级27],[粉丝团 Lv7]
06:35:09,1244253829991438,果酱不太甜,15,190076,[等级7],
06:35:12,60704769499,狐狸对你笑,21,190136,[等级27],[粉丝团 Lv7]
06:35:15,1244253829991438,果酱不太甜,3,190193,[等级7],
06:35:18,453442174718862,张君雅的陛下⁵¹⁰⁷⁴,30,190304,[等级35],[粉丝团 Lv16]
06:35:21,4385271640763837,章章Y,3,190392,[等级6],
06:35:24,74311454495,吃个汤圆（见过Roy²,27,190470,[等级11],[粉丝团 Lv10]
06:35:27,83273117068,么么茶-100%,12,190522,[等级1],[粉丝团 Lv1]
06:35:30,86657654604,楠！,9,190591,[等级21],
06:35:34,70167607627,落地钢枪崴脚了,21,190633,[等级30],[粉丝团 Lv12]
06:35:37,68207993523,💭哈哈哈哈,30,190682,[等级15],[粉丝团 Lv2]
06:35:39,3109031578975052,A(￣o￣) . z,3,190716,[等级4],
06:35:42,3896267268438788,馋火锅了,27,190783,[等级23],[粉丝团 Lv10]
06:35:45,95573296238,Xcling 77,15,190839,[等级11],[粉丝团 Lv10]
06:35:49,68207993523,💭哈哈哈哈,27,190896,[等级15],[粉丝团 Lv2]
06:35:52,70167607627,落地钢枪崴脚了,21,190954,[等级30],[粉丝团 Lv12]
06:35:55,453442174718862,张君雅的陛下⁵¹⁰⁷⁴,9,190991,[等级35],[粉丝团 Lv16]
06:35:58,70167607627,落地钢枪崴脚了,21,191026,[等级30],[粉丝团 Lv12]
06:36:00,939430012533929,你好难哄,9,191053,[等级19],[粉丝团 Lv11]
06:36:04,70167607627,落地钢枪崴脚了,21,191087,[等级30],[粉丝团 Lv12]
06:36:06,939430012533929,你好难哄,3,191108,[等级19],[粉丝团 Lv11]
06:36:10,70167607627,落地钢枪崴脚了,21,191141,[等级30],[粉丝团 Lv12]
06:36:12,108242364337,白先森,18,191174,[等级17],
06:36:16,2718954718,朝辞メ,3,191206,[等级12],[粉丝团 Lv1]
06:36:18,109648077574,可口可乐,36,191235,[等级1],
06:36:22,96884606399,晚风依旧,3,191276,[等级4],
06:36:24,109648077574,可口可乐,30,191355,[等级1],
06:36:27,1244253829991438,果酱不太甜,30,191431,[等级7],
06:36:30,109648077574,可口可乐,30,191501,[等级1],
06:36:33,74311454495,吃个汤圆（见过Roy²,24,191584,[等级11],[粉丝团 Lv10]
06:36:36,70185171126,👑,3,191680,[等级31],
06:36:39,1244253829991438,果酱不太甜,24,191761,[等级7],
06:36:42,97982905492,乱七八糟,33,191863,[等级4],
06:36:45,962792952703096,@小朋友要开心啊,24,191932,[等级8],[粉丝团 Lv10]
06:36:48,97982905492,乱七八糟,33,192013,[等级4],
06:36:52,96411398777,弓长。,12,192084,[等级7],[粉丝团 Lv9]
06:36:54,95623629953,西瓜大王,21,192116,[等级7],[粉丝团 Lv8]
06:36:58,769253535921340,QQ糖🍬ぃ,6,192164,[等级19],[粉丝团 Lv11]
06:37:01,769253535921340,QQ糖🍬ぃ,15,192200,[等级19],[粉丝团 Lv11]
06:37:04,87043524170,⑦⑧⑨,18,192253,[等级17],[粉丝团 Lv9]
06:37:06,97982905492,乱七八糟,30,192309,[等级4],
06:37:09,60704769499,狐狸对你笑,21,192354,[等级27],[粉丝团 Lv7]
06:37:12,70167607627,落地钢枪崴脚了,24,192427,[等级30],[粉丝团 Lv12]
06:37:15,60704769499,狐狸对你笑,21,192508,[等级27],[粉丝团 Lv7]
06:37:18,77534260472,冬与初遇,3,192585,[等级3],
06:37:21,60704769499,狐狸对你笑,24,192647,[等级27],[粉丝团 Lv7]
06:37:24,70167607627,落地钢枪崴脚了,27,192724,[等级30],[粉丝团 Lv12]
06:37:28,60704769499,狐狸对你笑,21,192799,[等级27],[粉丝团 Lv7]
06:37:30,70167607627,落地钢枪崴脚了,24,192867,[等级30],[粉丝团 Lv12]
06:37:33,82666996816,养胖小恐龙,3,192920,[等级14],[粉丝团 Lv5]
06:37:36,70167607627,落地钢枪崴脚了,21,192976,[等级30],[粉丝团 Lv12]
06:37:39,60704769499,狐狸对你笑,21,193019,[等级27],[粉丝团 Lv7]
06:37:42,70167607627,落地钢枪崴脚了,24,193077,[等级30],[粉丝团 Lv12]
06:37:45,60704769499,狐狸对你笑,21,193108,[等级27],[粉丝团 Lv7]
06:37:49,70167607627,落地钢枪崴脚了,21,193155,[等级30],[粉丝团 Lv12]
06:37:51,3896267268438788,馋火锅了,36,193204,[等级23],[粉丝团 Lv10]
06:37:55,70167607627,落地钢枪崴脚了,24,193258,[等级30],[粉丝团 Lv12]
06:37:57,3896267268438788,馋火锅了,33,193316,[等级23],[粉丝团 Lv10]
06:38:00,2590866089184749,ㅤㅤ  ㅤㅤㅤ  ︋︋︋︋︋,24,193380,,
06:38:03,60704769499,狐狸对你笑,21,193409,[等级27],[粉丝团 Lv7]
06:38:06,2590866089184749,ㅤㅤ  ㅤㅤㅤ  ︋︋︋︋︋,24,193461,,
06:38:10,60704769499,狐狸对你笑,24,193508,[等级27],[粉丝团 Lv7]
06:38:12,2590866089184749,ㅤㅤ  ㅤㅤㅤ  ︋︋︋︋︋,24,193566,,
06:38:16,60704769499,狐狸对你笑,21,193605,[等级27],[粉丝团 Lv7]
06:38:18,2590866089184749,ㅤㅤ  ㅤㅤㅤ  ︋︋︋︋︋,24,193684,,
06:38:22,60704769499,狐狸对你笑,21,193752,[等级27],[粉丝团 Lv7]
06:38:24,3685173400177420,月亮上的垂耳兔,36,193914,[等级13],
06:38:27,1364962241677002,不要说谎,6,193989,[等级4],
06:38:30,2590866089184749,ㅤㅤ  ㅤㅤㅤ  ︋︋︋︋︋,24,194042,,
06:38:34,1121935923879166,巫玫狗,33,194116,[等级26],[粉丝团 Lv11]
06:38:36,2590866089184749,ㅤㅤ  ㅤㅤㅤ  ︋︋︋︋︋,27,194147,,
06:38:40,101735284358,李工,9,194177,[等级18],[粉丝团 Lv4]
06:38:43,2590866089184749,ㅤㅤ  ㅤㅤㅤ  ︋︋︋︋︋,24,194232,,
06:38:45,53661213434,深爱不碍_,24,194271,,
06:38:49,95144584857,十月💕,3,194326,[等级1],
06:38:51,769253535921340,QQ糖🍬ぃ,9,194368,[等级19],[粉丝团 Lv11]
06:38:54,3109031578975052,A(￣o￣) . z,9,194431,[等级4],
06:38:58,51952696265,逆流,3,194482,[等级8],[粉丝团 Lv5]
06:39:01,68207993523,💭哈哈哈哈,12,194522,[等级15],[粉丝团 Lv2]
06:39:03,1530159925573134,小七是只喵,6,194560,[等级11],[粉丝团 Lv11]
06:39:07,68207993523,💭哈哈哈哈,30,194633,[等级15],[粉丝团 Lv2]
06:39:10,1121935923879166,巫玫狗,30,194693,[等级26],[粉丝团 Lv11]
06:39:12,68207993523,💭哈哈哈哈,33,194770,[等级15],[粉丝团 Lv2]
06:39:16,1121935923879166,巫玫狗,24,194814,[等级26],[粉丝团 Lv11]
06:39:18,3689593107120935,晚歌,9,194834,[等级7],[粉丝团 Lv10]
06:39:23,70167607627,落地钢枪崴脚了,21,194853,[等级30],[粉丝团 Lv12]
06:39:25,70167607627,落地钢枪崴脚了,24,194861,[等级30],[粉丝团 Lv12]
06:39:28,99951690302,美女也会ᵉᵐᵒ,3,194870,[等级27],[粉丝团 Lv12]
06:39:30,68207993523,💭哈哈哈哈,3,194892,[等级15],[粉丝团 Lv2]
06:39:33,75529900340,沉,3,194925,[等级16],
06:39:37,68207993523,💭哈哈哈哈,30,194974,[等级15],[粉丝团 Lv2]
06:39:40,74311454495,吃个汤圆（见过Roy²,30,195021,[等级11],[粉丝团 Lv10]
06:39:43,68207993523,💭哈哈哈哈,30,195071,[等级15],[粉丝团 Lv2]
06:39:45,74311454495,吃个汤圆（见过Roy²,27,195132,[等级11],[粉丝团 Lv10]
06:39:49,68207993523,💭哈哈哈哈,27,195194,[等级15],[粉丝团 Lv2]
06:39:51,4037039821952606,冬雨夏雪,3,195240,[等级42],[粉丝团 Lv13]
06:39:54,3896267268438788,馋火锅了,30,195341,[等级23],[粉丝团 Lv10]
06:39:57,4037039821952606,冬雨夏雪,3,195430,[等级42],[粉丝团 Lv13]
06:40:00,3896267268438788,馋火锅了,9,195529,[等级23],[粉丝团 Lv10]
06:40:03,66034998403,听雨呤风,36,195644,[等级7],[粉丝团 Lv9]
06:40:06,60727117909,生活鸡飞蛋挞,30,195724,[等级18],[粉丝团 Lv10]
06:40:09,70167607627,落地钢枪崴脚了,24,195812,[等级30],[粉丝团 Lv12]
06:40:12,91692192767,安○逸,39,195905,[等级7],[粉丝团 Lv5]
06:40:15,70167607627,落地钢枪崴脚了,21,195998,[等级30],[粉丝团 Lv12]
06:40:18,91692192767,安○逸,39,196087,[等级7],[粉丝团 Lv5]
06:40:21,66034998403,听雨呤风,30,196168,[等级7],[粉丝团 Lv9]
06:40:24,60727117909,生活鸡飞蛋挞,33,196244,[等级18],[粉丝团 Lv10]
06:40:27,75459914386,野猫,36,196345,[等级20],[粉丝团 Lv8]
06:40:30,60727117909,生活鸡飞蛋挞,33,196430,[等级18],[粉丝团 Lv10]
06:40:33,66034998403,听雨呤风,30,196515,[等级7],[粉丝团 Lv9]
06:40:36,93687105296,洛皮皮🐻‍❄️⁰⁵⁰³,45,196655,[等级40],[粉丝团:张君雅 Lv17]
06:40:39,66034998403,听雨呤风,33,196750,[等级7],[粉丝团 Lv9]
06:40:42,93687105296,洛皮皮🐻‍❄️⁰⁵⁰³,42,196905,[等级40],[粉丝团:张君雅 Lv17]
06:40:46,74311454495,吃个汤圆（见过Roy²,27,197033,[等级11],[粉丝团 Lv10]
06:40:48,93687105296,洛皮皮🐻‍❄️⁰⁵⁰³,45,197076,[等级40],[粉丝团:张君雅 Lv17]
06:40:52,74311454495,吃个汤圆（见过Roy²,27,197153,[等级11],[粉丝团 Lv10]
06:40:54,74311454495,吃个汤圆（见过Roy²,27,197197,[等级11],[粉丝团 Lv10]
06:40:57,53661213434,深爱不碍_,9,197228,,
06:41:00,74311454495,吃个汤圆（见过Roy²,27,197259,[等级11],[粉丝团 Lv10]
06:41:04,74311454495,吃个汤圆（见过Roy²,30,197303,[等级11],[粉丝团 Lv10]
06:41:07,74311454495,吃个汤圆（见过Roy²,30,197325,[等级11],[粉丝团 Lv10]
06:41:09,91692192767,安○逸,39,197368,[等级7],[粉丝团 Lv5]
06:41:13,74311454495,吃个汤圆（见过Roy²,27,197416,[等级11],[粉丝团 Lv10]
06:41:15,91692192767,安○逸,36,197450,[等级7],[粉丝团 Lv5]
06:41:18,74311454495,吃个汤圆（见过Roy²,27,197483,[等级11],[粉丝团 Lv10]
06:41:21,91692192767,安○逸,3,197514,[等级7],[粉丝团 Lv5]
06:41:24,389702188547661,OHH,9,197560,,
06:41:27,383061949164483,我布次蒜,3,197592,[等级15],[粉丝团 Lv9]
06:41:30,1139507355196032,炒米粉,39,197656,[等级12],[粉丝团 Lv9]
06:41:33,97982905492,乱七八糟,3,197700,[等级4],
06:41:36,93687105296,洛皮皮🐻‍❄️⁰⁵⁰³,15,197736,[等级40],[粉丝团:张君雅 Lv17]
06:41:40,93687105296,洛皮皮🐻‍❄️⁰⁵⁰³,48,197809,[等级40],[粉丝团:张君雅 Lv17]
06:41:42,1042768330254203,筱米,3,197861,[等级2],
06:41:45,94621081467,雨踏歌行.,6,197924,[等级20],[粉丝团 Lv15]
06:41:48,61072672391,Lch,24,197954,[等级19],[粉丝团 Lv11]
06:41:52,7612504510670865445,端木燕（和平俱乐部 点陪d）,21,197984,[等级18],[粉丝团 Lv3]
06:41:54,93687105296,洛皮皮🐻‍❄️⁰⁵⁰³,51,198043,[等级40],[粉丝团:张君雅 Lv17]
06:41:58,97982905492,乱七八糟,30,198116,[等级4],
06:42:00,93687105296,洛皮皮🐻‍❄️⁰⁵⁰³,51,198223,[等级40],[粉丝团:张君雅 Lv17]
06:42:03,97982905492,乱七八糟,30,198318,[等级4],
06:42:07,61072672391,Lch,24,198392,[等级19],[粉丝团 Lv11]
06:42:09,101866172983,9528,3,198465,,
06:42:12,60727117909,生活鸡飞蛋挞,33,198544,[等级18],[粉丝团 Lv10]
06:42:15,74311454495,吃个汤圆（见过Roy²,30,198650,[等级11],[粉丝团 Lv10]
06:42:18,60727117909,生活鸡飞蛋挞,30,198748,[等级18],[粉丝团 Lv10]
06:42:21,74311454495,吃个汤圆（见过Roy²,27,198830,[等级11],[粉丝团 Lv10]
06:42:24,60727117909,生活鸡飞蛋挞,30,198940,[等级18],[粉丝团 Lv10]
06:42:27,1066962344239722,番茄🍅炒西红柿,21,199033,[等级8],[粉丝团 Lv11]
06:42:30,1066962344239722,番茄🍅炒西红柿,24,199152,[等级8],[粉丝团 Lv11]
06:42:33,1066962344239722,番茄🍅炒西红柿,21,199235,[等级8],[粉丝团 Lv11]
06:42:36,1066962344239722,番茄🍅炒西红柿,21,199325,[等级8],[粉丝团 Lv11]
06:42:40,70167607627,落地钢枪崴脚了,21,199430,[等级30],[粉丝团 Lv12]
06:42:42,93687105296,洛皮皮🐻‍❄️⁰⁵⁰³,51,199577,[等级40],[粉丝团:张君雅 Lv17]
06:42:46,70167607627,落地钢枪崴脚了,21,199747,[等级30],[粉丝团 Lv12]
06:42:48,71197816732,小船,30,199883,[等级11],
06:42:52,1143932275131671,月下～独酌,30,200037,[等级7],[粉丝团 Lv1]
06:42:54,93687105296,洛皮皮🐻‍❄️⁰⁵⁰³,6,200140,[等级40],[粉丝团:张君雅 Lv17]
06:42:57,1143932275131671,月下～独酌,30,200251,[等级7],[粉丝团 Lv1]
06:43:00,60727117909,生活鸡飞蛋挞,33,200357,[等级18],[粉丝团 Lv10]
06:43:03,1143932275131671,月下～独酌,24,200458,[等级7],[粉丝团 Lv1]
06:43:06,71197816732,小船,15,200524,[等级11],
06:43:09,99410230650731,听春几回,15,200589,[等级14],
06:43:12,60727117909,生活鸡飞蛋挞,36,200650,[等级18],[粉丝团 Lv10]
06:43:15,1143932275131671,月下～独酌,27,200717,[等级7],[粉丝团 Lv1]
06:43:18,60727117909,生活鸡飞蛋挞,33,200798,[等级18],[粉丝团 Lv10]
06:43:21,1143932275131671,月下～独酌,30,200864,[等级7],[粉丝团 Lv1]
06:43:24,60727117909,生活鸡飞蛋挞,33,200924,[等级18],[粉丝团 Lv10]
06:43:28,1143932275131671,月下～独酌,30,200972,[等级7],[粉丝团 Lv1]
06:43:30,74311454495,吃个汤圆（见过Roy²,24,201040,[等级11],[粉丝团 Lv10]
06:43:34,1143932275131671,月下～独酌,24,201104,[等级7],[粉丝团 Lv1]
06:43:36,1638698744813067,封      雲(有关必回),30,201214,[等级14],[粉丝团 Lv12]
06:43:40,108652593448,03车主@,3,201273,[等级11],[粉丝团 Lv3]
06:43:42,1638698744813067,封      雲(有关必回),27,201355,[等级14],[粉丝团 Lv12]
06:43:46,3509245790913103,雾漫山隅,6,201417,[等级12],
06:43:48,1638698744813067,封      雲(有关必回),27,201500,[等级14],[粉丝团 Lv12]
06:43:52,1794029961617984,酃,6,201557,[等级17],[粉丝团 Lv12]
06:43:54,93687105296,洛皮皮🐻‍❄️⁰⁵⁰³,51,201675,[等级40],[粉丝团:张君雅 Lv17]
06:43:58,1638698744813067,封      雲(有关必回),27,201758,[等级14],[粉丝团 Lv12]
06:44:00,60727117909,生活鸡飞蛋挞,33,201796,[等级18],[粉丝团 Lv10]
06:44:04,1638698744813067,封      雲(有关必回),27,201858,[等级14],[粉丝团 Lv12]
06:44:06,1638698744813067,封      雲(有关必回),27,201889,[等级14],[粉丝团 Lv12]
06:44:10,60727117909,生活鸡飞蛋挞,33,201961,[等级18],[粉丝团 Lv10]
06:44:12,1638698744813067,封      雲(有关必回),24,201997,[等级14],[粉丝团 Lv12]
06:44:16,60727117909,生活鸡飞蛋挞,30,202110,[等级18],[粉丝团 Lv10]
06:44:18,1638698744813067,封      雲(有关必回),3,202139,[等级14],[粉丝团 Lv12]
06:44:22,1638698744813067,封      雲(有关必回),24,202243,[等级14],[粉丝团 Lv12]
06:44:24,1638698744813067,封      雲(有关必回),30,202287,[等级14],[粉丝团 Lv12]
06:44:27,122799329660414,小强（529）,39,202354,[等级16],[粉丝团 Lv10]
06:44:30,1638698744813067,封      雲(有关必回),27,202438,[等级14],[粉丝团 Lv12]
06:44:33,122799329660414,小强（529）,39,202532,[等级16],[粉丝团 Lv10]
06:44:36,60727117909,生活鸡飞蛋挞,30,202615,[等级18],[粉丝团 Lv10]
06:44:39,122799329660414,小强（529）,33,202676,[等级16],[粉丝团 Lv10]
06:44:42,60727117909,生活鸡飞蛋挞,33,202707,[等级18],[粉丝团 Lv10]
06:44:46,7612504510670865445,端木燕（和平俱乐部 点陪d）,18,202745,[等级18],[粉丝团 Lv3]
06:44:48,60727117909,生活鸡飞蛋挞,18,202794,[等级18],[粉丝团 Lv10]
06:44:52,7612504510670865445,端木燕（和平俱乐部 点陪d）,36,202854,[等级18],[粉丝团 Lv3]
06:44:54,60727117909,生活鸡飞蛋挞,36,202921,[等级18],[粉丝团 Lv10]
06:44:58,7612504510670865445,端木燕（和平俱乐部 点陪d）,33,202977,[等级18],[粉丝团 Lv3]
06:45:00,1638698744813067,封      雲(有关必回),30,203030,[等级14],[粉丝团 Lv12]
06:45:04,7612504510670865445,端木燕（和平俱乐部 点陪d）,36,203099,[等级18],[粉丝团 Lv3]
06:45:06,1638698744813067,封      雲(有关必回),9,203153,[等级14],[粉丝团 Lv12]
06:45:09,7612504510670865445,端木燕（和平俱乐部 点陪d）,36,203233,[等级18],[粉丝团 Lv3]
06:45:12,1638698744813067,封      雲(有关必回),27,203303,[等级14],[粉丝团 Lv12]
06:45:16,70652799327,ㅤ ㅤ ㅤ ㅤ ㅤ ㅤ ㅤ,3,203356,[等级13],
06:45:18,1638698744813067,封      雲(有关必回),30,203423,[等级14],[粉丝团 Lv12]
06:45:21,7612504510670865445,端木燕（和平俱乐部 点陪d）,33,203522,[等级18],[粉丝团 Lv3]
06:45:24,1638698744813067,封      雲(有关必回),27,203599,[等级14],[粉丝团 Lv12]
06:45:27,7612504510670865445,端木燕（和平俱乐部 点陪d）,30,203684,[等级18],[粉丝团 Lv3]
06:45:30,60727117909,生活鸡飞蛋挞,30,203765,[等级18],[粉丝团 Lv10]
06:45:33,7612504510670865445,端木燕（和平俱乐部 点陪d）,33,203826,[等级18],[粉丝团 Lv3]
06:45:36,3777572106678292,妉,12,203866,[等级22],[粉丝团 Lv14]
06:45:39,7612504510670865445,端木燕（和平俱乐部 点陪d）,33,203908,[等级18],[粉丝团 Lv3]
06:45:42,60727117909,生活鸡飞蛋挞,33,203967,[等级18],[粉丝团 Lv10]
06:45:46,60727117909,生活鸡飞蛋挞,33,204023,[等级18],[粉丝团 Lv10]
06:45:48,3777572106678292,妉,39,204048,[等级22],[粉丝团 Lv14]
06:45:52,7612504510670865445,端木燕（和平俱乐部 点陪d）,33,204083,[等级18],[粉丝团 Lv3]
06:45:54,60727117909,生活鸡飞蛋挞,30,204140,[等级18],[粉丝团 Lv10]
06:45:57,2588727266533376,青云,3,204192,,
06:46:00,60727117909,生活鸡飞蛋挞,27,204248,[等级18],[粉丝团 Lv10]
06:46:04,62040392601480,晚风轻薄,3,204271,[等级10],
06:46:06,3777572106678292,妉,39,204304,[等级22],[粉丝团 Lv14]
06:46:10,103275379177,在机场等艘船,18,204335,[等级17],[粉丝团 Lv12]
06:46:13,92900276666,大聪明O_o,3,204340,[等级5],
06:46:18,22140948642,小明同学,6,204345,[等级15],
06:46:22,60727117909,生活鸡飞蛋挞,36,204386,[等级18],[粉丝团 Lv10]
06:46:24,60727117909,生活鸡飞蛋挞,33,204397,[等级18],[粉丝团 Lv10]
06:46:28,3597210442018023,那你来,3,204450,[等级14],[粉丝团 Lv9]
06:46:30,93687105296,洛皮皮🐻‍❄️⁰⁵⁰³,48,204480,[等级40],[粉丝团:张君雅 Lv17]
06:46:34,93687105296,洛皮皮🐻‍❄️⁰⁵⁰³,39,204534,[等级40],[粉丝团:张君雅 Lv17]
06:46:36,60727117909,生活鸡飞蛋挞,27,204559,[等级18],[粉丝团 Lv10]
06:46:40,60727117909,生活鸡飞蛋挞,33,204587,[等级18],[粉丝团 Lv10]
06:46:42,60727117909,生活鸡飞蛋挞,33,204598,[等级18],[粉丝团 Lv10]
06:46:45,110863648208,月月,18,204617,[等级10],
06:46:48,80523527358,晓星,3,204659,[等级16],
06:46:52,476502488776736,左右手慢动作,3,204675,,
06:46:55,110863648208,月月,36,204694,[等级10],
06:46:57,110863648208,月月,30,204708,[等级10],
06:47:00,60727117909,生活鸡飞蛋挞,33,204758,[等级18],[粉丝团 Lv10]
06:47:04,110863648208,月月,15,204813,[等级10],
06:47:06,3444109950333975,SL阿木,6,204845,[等级22],[粉丝团 Lv12]
06:47:10,610945310142548,阿步,27,204916,[等级18],[粉丝团 Lv9]
06:47:12,60727117909,生活鸡飞蛋挞,33,205007,[等级18],[粉丝团 Lv10]
06:47:15,2550473376414616,下雪,12,205086,[等级8],[粉丝团 Lv9]
06:47:18,2590866089184749,ㅤㅤ  ㅤㅤㅤ  ︋︋︋︋︋,21,205161,,
06:47:21,99410230650731,听春几回,18,205228,[等级14],
06:47:25,2590866089184749,ㅤㅤ  ㅤㅤㅤ  ︋︋︋︋︋,18,205253,,
06:47:28,97982905492,乱七八糟,9,205271,[等级4],
06:47:30,62040392601480,晚风轻薄,3,205309,[等级10],
06:47:33,3777572106678292,妉,6,205342,[等级22],[粉丝团 Lv14]
06:47:36,60727117909,生活鸡飞蛋挞,6,205376,[等级18],[粉丝团 Lv10]
06:47:40,97982905492,乱七八糟,30,205423,[等级4],
06:47:43,3444109950333975,SL阿木,9,205446,[等级22],[粉丝团 Lv12]
06:47:46,97982905492,乱七八糟,27,205477,[等级4],
06:47:49,2623880804961359,￴ ￴ ￴ ￴ ￴ ￴快乐买断,3,205499,[等级4],
06:47:52,97982905492,乱七八糟,27,205541,[等级4],
06:47:54,97982905492,乱七八糟,24,205565,[等级4],
06:47:58,97982905492,乱七八糟,24,205585,[等级4],
06:48:00,97982905492,乱七八糟,18,205602,[等级4],
06:48:04,97982905492,乱七八糟,6,205619,[等级4],
06:48:06,2590866089184749,ㅤㅤ  ㅤㅤㅤ  ︋︋︋︋︋,6,205638,,
06:48:09,102890163236,故念.,3,205667,[等级9],
06:48:12,97982905492,乱七八糟,3,205709,[等级4],
06:48:17,3444109950333975,SL阿木,21,205752,[等级22],[粉丝团 Lv12]
06:48:19,476502488776736,左右手慢动作,3,205753,,
06:48:22,2676631914152216,弄惯͏,27,205773,[等级17],[粉丝团 Lv1]
06:48:24,4366915739334254,青菜萝卜,3,205821,[等级12],[粉丝团 Lv6]
06:48:28,93687105296,洛皮皮🐻‍❄️⁰⁵⁰³,39,205839,[等级40],[粉丝团:张君雅 Lv17]
06:48:30,93687105296,洛皮皮🐻‍❄️⁰⁵⁰³,36,205852,[等级40],[粉丝团:张君雅 Lv17]
06:48:34,101866172983,9528,3,205868,,
06:48:37,105800354521,再见只是陌生人,3,205887,[等级15],
06:48:41,93393035574,ꫛ℘℘ꫀꪄꪶ,18,205903,[等级6],
06:48:43,82570271987,张张～,24,205915,[等级22],[粉丝团 Lv13]
06:48:46,82570271987,张张～,24,205946,[等级22],[粉丝团 Lv13]
06:48:49,1456229971419640,@.K,6,205955,[等级11],[粉丝团 Lv5]
06:48:51,4402076652929688,情迷意,3,205963,[等级3],
06:48:54,1456229971419640,@.K,27,205980,[等级11],[粉丝团 Lv5]
06:48:59,91556289564,L.,6,205998,[等级15],[粉丝团 Lv3]
06:49:02,3984269185917816,别和奇怪的我讲话,6,206001,[等级14],
06:49:04,3984269185917816,别和奇怪的我讲话,3,206002,[等级14],
06:49:06,3857517495719182,煤韮了,24,206015,[等级11],[粉丝团 Lv10]
06:49:09,93489706531,乄梦哲,6,206044,[等级24],[粉丝团 Lv9]
06:49:12,93687105296,洛皮皮🐻‍❄️⁰⁵⁰³,33,206112,[等级40],[粉丝团:张君雅 Lv17]
06:49:15,53661213434,深爱不碍_,6,206179,,
06:49:18,93489706531,乄梦哲,3,206220,[等级24],[粉丝团 Lv9]
06:49:22,2216256950247582,用户1063140544507,3,206251,,
06:49:24,1638698744813067,封      雲(有关必回),9,206286,[等级14],[粉丝团 Lv12]
06:49:27,2216256950247582,用户1063140544507,9,206317,,
06:49:30,93687105296,洛皮皮🐻‍❄️⁰⁵⁰³,45,206334,[等级40],[粉丝团:张君雅 Lv17]
06:49:34,96411398777,弓长。,6,206381,[等级7],[粉丝团 Lv9]
06:49:36,102262170695,赏你一耳光,12,206397,[等级14],[粉丝团 Lv14]
06:49:39,92770203258,峰疯,3,206407,[等级32],
06:49:43,74311454495,吃个汤圆（见过Roy²,12,206422,[等级11],[粉丝团 Lv10]
06:49:47,2430338774862651,𝓼𝓮𝓪𝓼𝓮𝓪,3,206426,,
06:49:49,2430338774862651,𝓼𝓮𝓪𝓼𝓮𝓪,27,206436,,
06:49:52,96411398777,弓长。,24,206481,[等级7],[粉丝团 Lv9]
06:49:54,93687105296,洛皮皮🐻‍❄️⁰⁵⁰³,45,206515,[等级40],[粉丝团:张君雅 Lv17]
06:49:58,93687105296,洛皮皮🐻‍❄️⁰⁵⁰³,48,206579,[等级40],[粉丝团:张君雅 Lv17]
06:50:00,93687105296,洛皮皮🐻‍❄️⁰⁵⁰³,45,206615,[等级40],[粉丝团:张君雅 Lv17]
06:50:03,109173060101,我是一匹好人！,3,206668,[等级10],
06:50:06,102262170695,赏你一耳光,21,206733,[等级14],[粉丝团 Lv14]
06:50:10,93687105296,洛皮皮🐻‍❄️⁰⁵⁰³,21,206781,[等级40],[粉丝团:张君雅 Lv17]
06:50:13,84973789645,月亮亮🌙,24,206797,[等级4],
06:50:16,93687105296,洛皮皮🐻‍❄️⁰⁵⁰³,51,206834,[等级40],[粉丝团:张君雅 Lv17]
06:50:18,93687105296,洛皮皮🐻‍❄️⁰⁵⁰³,45,206872,[等级40],[粉丝团:张君雅 Lv17]
06:50:21,2173115610176795,郑,12,206942,,
06:50:24,93687105296,洛皮皮🐻‍❄️⁰⁵⁰³,45,207125,[等级40],[粉丝团:张君雅 Lv17]
06:50:28,7612504510670865445,端木燕（和平俱乐部 点陪d）,21,207300,[等级18],[粉丝团 Lv3]
06:50:30,102262170695,赏你一耳光,27,207454,[等级14],[粉丝团 Lv14]
06:50:34,2173115610176795,郑,27,207667,,
06:50:36,93687105296,洛皮皮🐻‍❄️⁰⁵⁰³,36,207833,[等级40],[粉丝团:张君雅 Lv17]
06:50:39,101866172983,9528,3,207954,,
06:50:42,1638698744813067,封      雲(有关必回),27,208077,[等级14],[粉丝团 Lv12]
06:50:45,3105495683171277,我思故我在,30,208206,[等级3],[粉丝团 Lv2]
06:50:48,1638698744813067,封      雲(有关必回),24,208376,[等级14],[粉丝团 Lv12]
06:50:51,102706193289,bubble,33,208500,[等级12],[粉丝团 Lv1]
06:50:54,1638698744813067,封      雲(有关必回),24,208639,[等级14],[粉丝团 Lv12]
06:50:57,3105495683171277,我思故我在,30,208736,[等级3],[粉丝团 Lv2]
06:51:00,1638698744813067,封      雲(有关必回),18,208859,[等级14],[粉丝团 Lv12]
06:51:03,3105495683171277,我思故我在,36,208973,[等级3],[粉丝团 Lv2]
06:51:06,1638698744813067,封      雲(有关必回),24,209054,[等级14],[粉丝团 Lv12]
06:51:09,101866172983,9528,3,209146,,
06:51:12,93687105296,洛皮皮🐻‍❄️⁰⁵⁰³,54,209242,[等级40],[粉丝团:张君雅 Lv17]
06:51:15,98517257628,小狐狸,24,209353,[等级8],[粉丝团 Lv3]
06:51:18,65450343617,🌈✨এ᭄ꦿꫛ李羊羊羊꧔ꦿএ,3,209467,[等级9],
06:51:21,98517257628,小狐狸,24,209588,[等级8],[粉丝团 Lv3]
06:51:24,479009086384524,三笙,9,209700,[等级20],[粉丝团 Lv4]
06:51:27,98517257628,小狐狸,18,209826,[等级8],[粉丝团 Lv3]
06:51:31,84973789645,月亮亮🌙,24,209960,[等级4],
06:51:33,98517257628,小狐狸,24,210062,[等级8],[粉丝团 Lv3]
06:51:37,84973789645,月亮亮🌙,21,210173,[等级4],
06:51:40,96565447462,时宜,39,210293,[等级30],[粉丝团:张君雅 Lv15]
06:51:42,65103907362,憨憨小哥,3,210419,[等级6],
06:51:46,98517257628,小狐狸,21,210557,[等级8],[粉丝团 Lv3]
06:51:49,84973789645,月亮亮🌙,18,210687,[等级4],
06:51:51,96565447462,时宜,36,210815,[等级30],[粉丝团:张君雅 Lv15]
06:51:54,93687105296,洛皮皮🐻‍❄️⁰⁵⁰³,48,210882,[等级40],[粉丝团:张君雅 Lv17]
06:51:57,98517257628,小狐狸,9,210968,[等级8],[粉丝团 Lv3]
06:52:00,93687105296,洛皮皮🐻‍❄️⁰⁵⁰³,39,211038,[等级40],[粉丝团:张君雅 Lv17]
06:52:03,98517257628,小狐狸,18,211171,[等级8],[粉丝团 Lv3]
06:52:07,65450343617,🌈✨এ᭄ꦿꫛ李羊羊羊꧔ꦿএ,9,211315,[等级9],
06:52:09,51952696265,逆流,39,211499,[等级8],[粉丝团 Lv5]
06:52:12,3755525289835151,今年回家,141,211581,[等级15],
06:52:15,51952696265,逆流,45,211732,[等级8],[粉丝团 Lv5]
06:52:18,3755525289835151,今年回家,129,211883,[等级15],
06:52:22,98517257628,小狐狸,21,212032,[等级8],[粉丝团 Lv3]
06:52:24,93687105296,洛皮皮🐻‍❄️⁰⁵⁰³,48,212107,[等级40],[粉丝团:张君雅 Lv17]
06:52:28,51952696265,逆流,36,212299,[等级8],[粉丝团 Lv5]
06:52:30,93687105296,洛皮皮🐻‍❄️⁰⁵⁰³,42,212430,[等级40],[粉丝团:张君雅 Lv17]
06:52:34,111524154361,風花雪月,6,212519,[等级11],[粉丝团 Lv3]
06:52:36,2676631914152216,弄惯͏,6,212582,[等级17],[粉丝团 Lv2]
06:52:40,223933154207331,YgTietnssgmexsn?,30,212640,[等级37],[粉丝团:张君雅 Lv16]
06:52:43,84973789645,月亮亮🌙,21,212685,[等级4],
06:52:46,98517257628,小狐狸,15,212775,[等级8],[粉丝团 Lv3]
06:52:49,84973789645,月亮亮🌙,21,212846,[等级4],
06:52:51,3081266249862527,糯米,39,212931,[等级4],[粉丝团 Lv5]
06:52:54,93687105296,洛皮皮🐻‍❄️⁰⁵⁰³,21,212994,[等级40],[粉丝团:张君雅 Lv17]
06:52:58,223933154207331,YgTietnssgmexsn?,30,213148,[等级37],[粉丝团:张君雅 Lv16]
06:53:00,98517257628,小狐狸,21,213223,[等级8],[粉丝团 Lv3]
06:53:03,223933154207331,YgTietnssgmexsn?,30,213387,[等级37],[粉丝团:张君雅 Lv16]
06:53:06,3789370342519571,启明星⭐,36,213471,[等级19],[粉丝团 Lv7]
06:53:10,223933154207331,YgTietnssgmexsn?,30,213634,[等级37],[粉丝团:张君雅 Lv16]
06:53:13,84973789645,月亮亮🌙,24,213718,[等级4],
06:53:16,223933154207331,YgTietnssgmexsn?,30,213857,[等级37],[粉丝团:张君雅 Lv16]
06:53:19,84973789645,月亮亮🌙,24,213939,[等级4],
06:53:22,223933154207331,YgTietnssgmexsn?,30,214040,[等级37],[粉丝团:张君雅 Lv16]
06:53:24,3105495683171277,我思故我在,27,214097,[等级3],[粉丝团 Lv2]
06:53:28,223933154207331,YgTietnssgmexsn?,30,214236,[等级37],[粉丝团:张君雅 Lv16]
06:53:30,3105495683171277,我思故我在,30,214315,[等级3],[粉丝团 Lv2]
06:53:34,223933154207331,YgTietnssgmexsn?,30,214473,[等级37],[粉丝团:张君雅 Lv16]
06:53:36,3105495683171277,我思故我在,30,214561,[等级3],[粉丝团 Lv2]
06:53:40,223933154207331,YgTietnssgmexsn?,30,214661,[等级37],[粉丝团:张君雅 Lv16]
06:53:42,3105495683171277,我思故我在,27,214756,[等级3],[粉丝团 Lv2]
06:53:46,223933154207331,YgTietnssgmexsn?,27,214863,[等级37],[粉丝团:张君雅 Lv16]
06:53:48,3105495683171277,我思故我在,30,214939,[等级3],[粉丝团 Lv2]
06:53:51,1978717660780303,随风可咋,3,215006,[等级4],[粉丝团 Lv2]
06:53:54,3105495683171277,我思故我在,30,215057,[等级3],[粉丝团 Lv2]
06:53:58,3105495683171277,我思故我在,30,215121,[等级3],[粉丝团 Lv2]
06:54:00,3105495683171277,我思故我在,27,215151,[等级3],[粉丝团 Lv2]
06:54:03,223933154207331,YgTietnssgmexsn?,30,215314,[等级37],[粉丝团:张君雅 Lv16]
06:54:06,93687105296,洛皮皮🐻‍❄️⁰⁵⁰³,54,215392,[等级40],[粉丝团:张君雅 Lv17]
06:54:09,223933154207331,YgTietnssgmexsn?,27,215464,[等级37],[粉丝团:张君雅 Lv16]
06:54:12,93687105296,洛皮皮🐻‍❄️⁰⁵⁰³,51,215518,[等级40],[粉丝团:张君雅 Lv17]
06:54:15,223933154207331,YgTietnssgmexsn?,18,215593,[等级37],[粉丝团:张君雅 Lv16]
06:54:18,93687105296,洛皮皮🐻‍❄️⁰⁵⁰³,33,215638,[等级40],[粉丝团:张君雅 Lv17]
06:54:22,93687105296,洛皮皮🐻‍❄️⁰⁵⁰³,3,215688,[等级40],[粉丝团:张君雅 Lv17]
06:54:25,3105495683171277,我思故我在,30,215716,[等级3],[粉丝团 Lv2]
06:54:28,93687105296,洛皮皮🐻‍❄️⁰⁵⁰³,12,215762,[等级40],[粉丝团:张君雅 Lv17]
06:54:30,93687105296,洛皮皮🐻‍❄️⁰⁵⁰³,45,215811,[等级40],[粉丝团:张君雅 Lv17]
06:54:34,59416215477,小沐沐,3,215919,,
06:54:36,3105495683171277,我思故我在,30,216001,[等级3],[粉丝团 Lv2]
06:54:39,343475131266749,亡鱼,9,216046,[等级2],
06:54:42,102262170695,赏你一耳光,6,216145,[等级14],[粉丝团 Lv14]
06:54:46,223933154207331,YgTietnssgmexsn?,30,216240,[等级37],[粉丝团:张君雅 Lv16]
06:54:48,93687105296,洛皮皮🐻‍❄️⁰⁵⁰³,48,216319,[等级40],[粉丝团:张君雅 Lv17]
06:54:52,223933154207331,YgTietnssgmexsn?,3,216398,[等级37],[粉丝团:张君雅 Lv16]
06:54:54,93687105296,洛皮皮🐻‍❄️⁰⁵⁰³,45,216475,[等级40],[粉丝团:张君雅 Lv17]
06:54:57,92813625406967,LT123456,33,216549,[等级16],
06:55:00,93687105296,洛皮皮🐻‍❄️⁰⁵⁰³,36,216615,[等级40],[粉丝团:张君雅 Lv17]
06:55:04,2550473376414616,下雪,15,216651,[等级9],[粉丝团 Lv9]
06:55:06,492182778680267,🦩,3,216689,[等级3],
06:55:11,3105495683171277,我思故我在,30,216727,[等级3],[粉丝团 Lv2]
06:55:12,2069707791546795,用户783769789868,6,216740,[等级2],
06:55:16,96751997554,东厨司命,3,216790,[等级26],[粉丝团 Lv12]
06:55:18,93687105296,洛皮皮🐻‍❄️⁰⁵⁰³,24,216828,[等级40],[粉丝团:张君雅 Lv17]
06:55:22,74311454495,吃个汤圆（见过Roy²,9,216884,[等级11],[粉丝团 Lv10]
06:55:24,93687105296,洛皮皮🐻‍❄️⁰⁵⁰³,57,216930,[等级40],[粉丝团:张君雅 Lv17]
06:55:27,92813625406967,LT123456,21,216996,[等级16],
06:55:30,1381411882276219,月缘海,21,217061,[等级12],[粉丝团 Lv2]
06:55:33,91621209670,-7..,33,217143,[等级10],[粉丝团 Lv6]
06:55:36,84973789645,月亮亮🌙,18,217219,[等级4],
06:55:39,91621209670,-7..,24,217253,[等级10],[粉丝团 Lv6]
06:55:43,93687105296,洛皮皮🐻‍❄️⁰⁵⁰³,45,217330,[等级40],[粉丝团:张君雅 Lv17]
06:55:45,91621209670,-7..,21,217397,[等级10],[粉丝团 Lv6]
06:55:48,74311454495,吃个汤圆（见过Roy²,33,217458,[等级11],[粉丝团 Lv10]
06:55:51,91621209670,-7..,30,217558,[等级10],[粉丝团 Lv6]
06:55:54,74311454495,吃个汤圆（见过Roy²,30,217623,[等级11],[粉丝团 Lv10]
06:55:57,91621209670,-7..,27,217710,[等级10],[粉丝团 Lv6]
06:56:00,74311454495,吃个汤圆（见过Roy²,27,217777,[等级11],[粉丝团 Lv10]
06:56:03,91621209670,-7..,27,217863,[等级10],[粉丝团 Lv6]
06:56:06,74311454495,吃个汤圆（见过Roy²,24,217941,[等级11],[粉丝团 Lv10]
06:56:09,91621209670,-7..,24,217994,[等级10],[粉丝团 Lv6]
06:56:13,74311454495,吃个汤圆（见过Roy²,30,218056,[等级11],[粉丝团 Lv10]
06:56:15,223933154207331,YgTietnssgmexsn?,33,218154,[等级37],[粉丝团:张君雅 Lv16]
06:56:18,93687105296,洛皮皮🐻‍❄️⁰⁵⁰³,51,218207,[等级40],[粉丝团:张君雅 Lv17]
06:56:21,223933154207331,YgTietnssgmexsn?,30,218312,[等级37],[粉丝团:张君雅 Lv16]
06:56:24,93687105296,洛皮皮🐻‍❄️⁰⁵⁰³,36,218354,[等级40],[粉丝团:张君雅 Lv17]
06:56:27,3105495683171277,我思故我在,30,218405,[等级3],[粉丝团 Lv2]
06:56:31,2676631914152216,弄惯͏,30,218459,[等级17],[粉丝团 Lv2]
06:56:33,3105495683171277,我思故我在,30,218522,[等级3],[粉丝团 Lv2]
06:56:37,74311454495,吃个汤圆（见过Roy²,30,218572,[等级11],[粉丝团 Lv10]
06:56:39,74311454495,吃个汤圆（见过Roy²,30,218610,[等级11],[粉丝团 Lv10]
06:56:43,74311454495,吃个汤圆（见过Roy²,30,218692,[等级11],[粉丝团 Lv10]
06:56:45,1244253829991438,果酱不太甜,33,218735,[等级7],
06:56:48,3056248696873790,7￴,3,218789,[等级15],
06:56:51,1244253829991438,果酱不太甜,33,218869,[等级7],
06:56:54,94280368441,差不多得了,3,218909,[等级6],
06:56:57,1244253829991438,果酱不太甜,15,218975,[等级7],
06:57:00,2590866089184749,ㅤㅤ  ㅤㅤㅤ  ︋︋︋︋︋,27,219040,,
06:57:04,67444130846,沐秋,30,219114,[等级16],[粉丝团 Lv11]
06:57:06,7409932645842732091,Riiou,18,219238,[等级6],[粉丝团 Lv3]
06:57:09,91692192767,安○逸,36,219346,[等级7],[粉丝团 Lv5]
06:57:12,7409932645842732091,Riiou,18,219454,[等级6],[粉丝团 Lv3]
06:57:16,3105495683171277,我思故我在,30,219550,[等级3],[粉丝团 Lv2]
06:57:18,103633121744,🍊阿豪,33,219692,[等级31],[粉丝团 Lv15]
06:57:21,77416951506,ら孤痞,33,219820,[等级36],[粉丝团:张君雅 Lv17]
06:57:24,103633121744,🍊阿豪,30,219925,[等级31],[粉丝团 Lv15]
06:57:27,3105495683171277,我思故我在,30,220038,[等级3],[粉丝团 Lv2]
06:57:30,2590866089184749,ㅤㅤ  ㅤㅤㅤ  ︋︋︋︋︋,27,220147,,
06:57:33,610945310142548,阿步,18,220287,[等级18],[粉丝团 Lv9]
06:57:36,84651748373,小十八,6,220388,[等级18],
06:57:39,4435878413340520,映青衫,15,220548,[等级9],[粉丝团 Lv6]
06:57:42,92760925665,C-gh,21,220666,[等级27],[粉丝团:张君雅 Lv12]
06:57:45,2718954718,朝辞メ,18,220767,[等级12],[粉丝团 Lv1]
06:57:48,2718954718,朝辞メ,6,220862,[等级12],[粉丝团 Lv1]
06:57:51,53661213434,深爱不碍_,33,220972,,
06:57:54,110666097981,陈豆豆,18,221125,[等级5],[粉丝团 Lv8]
06:57:57,98228930868,🌈🌈🌈幸运眷顾,3,221224,[等级24],
06:58:00,4435878413340520,映青衫,3,221347,[等级9],[粉丝团 Lv6]
06:58:03,53661213434,深爱不碍_,24,221470,,
06:58:06,98858778659,思他,36,221592,[等级11],[粉丝团 Lv11]
06:58:09,53661213434,深爱不碍_,15,221714,,
06:58:12,84651748373,小十八,24,221865,[等级18],
06:58:15,2568875316349119,￴ ￴ ￴ ￴ ￴只关注骚的,12,221975,[等级2],
06:58:18,98858778659,思他,39,222126,[等级11],[粉丝团 Lv11]
06:58:21,2568875316349119,￴ ￴ ￴ ￴ ￴只关注骚的,9,222257,[等级2],
06:58:24,98858778659,思他,36,222433,[等级11],[粉丝团 Lv11]
06:58:27,101866172983,9528,3,222622,,
06:58:30,4435878413340520,映青衫,9,222834,[等级9],[粉丝团 Lv6]
06:58:33,259125331106620,洋洋得意✧,27,222982,[等级10],[粉丝团 Lv9]
06:58:36,1019944396398461,凡随意,3,223162,[等级16],[粉丝团 Lv9]
06:58:39,101866172983,9528,3,223286,,
06:58:42,1732441119397079,黑子,30,223404,[等级7],
06:58:46,73106185482,简单点！,42,223562,[等级7],[粉丝团 Lv1]
06:58:48,1732441119397079,黑子,30,223637,[等级7],
06:58:51,259125331106620,洋洋得意✧,27,223739,[等级10],[粉丝团 Lv9]
06:58:54,3105495683171277,我思故我在,27,223876,[等级3],[粉丝团 Lv2]
06:58:57,2110693127763085,清颜,21,224000,,
06:59:00,3105495683171277,我思故我在,30,224131,[等级3],[粉丝团 Lv2]
06:59:03,110666097981,陈豆豆,18,224231,[等级5],[粉丝团 Lv8]
06:59:06,67580898365,半寸时光、,3,224329,[等级33],
06:59:09,259125331106620,洋洋得意✧,24,224424,[等级10],[粉丝团 Lv9]
06:59:12,3105495683171277,我思故我在,30,224553,[等级3],[粉丝团 Lv2]
06:59:15,259125331106620,洋洋得意✧,27,224694,[等级10],[粉丝团 Lv9]
06:59:18,84651748373,小十八,12,224823,[等级18],
06:59:22,259125331106620,洋洋得意✧,27,224933,[等级10],[粉丝团 Lv9]
06:59:24,2590866089184749,ㅤㅤ  ㅤㅤㅤ  ︋︋︋︋︋,24,225057,,
06:59:27,91621209670,-7..,6,225151,[等级10],[粉丝团 Lv6]
06:59:30,2287454268167579,混的人,3,225256,[等级12],
06:59:33,91621209670,-7..,30,225384,[等级10],[粉丝团 Lv6]
06:59:36,110666097981,陈豆豆,24,225520,[等级5],[粉丝团 Lv8]
06:59:39,7381381080018158617,5555511,3,225654,,
06:59:42,2287454268167579,混的人,6,225771,[等级12],
06:59:45,91621209670,-7..,18,225895,[等级10],[粉丝团 Lv6]
06:59:48,2590866089184749,ㅤㅤ  ㅤㅤㅤ  ︋︋︋︋︋,24,226037,,
06:59:51,83716729814,秋棠念,9,226197,[等级3],
06:59:54,2590866089184749,ㅤㅤ  ㅤㅤㅤ  ︋︋︋︋︋,6,226366,,
06:59:57,2568875316349119,￴ ￴ ￴ ￴ ￴只关注骚的,9,226499,[等级2],
07:00:00,2676631914152216,弄惯͏,9,226665,[等级17],[粉丝团 Lv2]
07:00:03,91621209670,-7..,27,226783,[等级10],[粉丝团 Lv6]
07:00:06,2676631914152216,弄惯͏,6,226930,[等级17],[粉丝团 Lv2]
07:00:09,862480867792952,花生,27,227063,[等级27],[粉丝团 Lv14]
07:00:12,3105495683171277,我思故我在,3,227191,[等级3],[粉丝团 Lv2]
07:00:16,3857517495719182,煤韮了,15,227311,[等级11],[粉丝团 Lv10]
07:00:18,84651748373,小十八,33,227401,[等级18],
07:00:22,98871260342,梅老7,3,227502,[等级17],[粉丝团 Lv2]
07:00:24,93687105296,洛皮皮🐻‍❄️⁰⁵⁰³,24,227583,[等级40],[粉丝团:张君雅 Lv17]
07:00:28,1662940345799687,哲少,9,227722,,
07:00:30,2676631914152216,弄惯͏,18,227829,[等级17],[粉丝团 Lv2]
07:00:33,83716729814,秋棠念,18,227947,[等级3],
07:00:36,2676631914152216,弄惯͏,24,228044,[等级17],[粉丝团 Lv2]
07:00:39,83716729814,秋棠念,15,228123,[等级3],
07:00:43,2581291139601143,可乐不甜^,27,228212,[等级2],
07:00:45,83716729814,秋棠念,3,228215,[等级3],
07:00:49,83716729814,秋棠念,21,228269,[等级3],
07:00:51,83716729814,秋棠念,12,228284,[等级3],
07:00:54,2590866089184749,ㅤㅤ  ㅤㅤㅤ  ︋︋︋︋︋,9,228351,,
07:00:58,4107410716758447,人生何处不相逢,27,228406,[等级22],[粉丝团 Lv4]
07:01:00,110666097981,陈豆豆,15,228429,[等级5],[粉丝团 Lv8]
07:01:03,1842394543168499,昱乐,3,228459,[等级12],
07:01:06,93687105296,洛皮皮🐻‍❄️⁰⁵⁰³,15,228481,[等级40],[粉丝团:张君雅 Lv17]
07:01:10,3677186569820156,aɪ敢敢,3,228487,[等级8],[粉丝团 Lv1]
07:01:14,93687105296,洛皮皮🐻‍❄️⁰⁵⁰³,3,228489,[等级40],[粉丝团:张君雅 Lv17]
07:01:16,4054609085600392,꙳所期☽-✧˖°如愿•‿•,3,228505,[等级18],[粉丝团 Lv12]
07:01:18,93687105296,洛皮皮🐻‍❄️⁰⁵⁰³,48,228521,[等级40],[粉丝团:张君雅 Lv17]
07:01:22,4503669836332557,栩多渝🌽⚡️🌙,3,228533,[等级10],[粉丝团 Lv9]
