time,current,total_pv,total_user,online_anchor
21:02:16,605,905,905,605
21:02:16,743,1167,1167,743
21:02:17,540,746,746,540
21:02:18,1080,1855,1855,1080
21:02:18,743,1167,1167,743
21:02:21,605,905,905,605
21:02:23,605,905,905,605
21:02:25,1080,1855,1855,1080
21:02:27,743,1167,1167,743
21:02:28,1080,1855,1855,1080
21:02:30,997,1657,1657,997
21:02:34,743,1167,1167,743
21:02:36,743,1167,1167,743
21:02:38,1206,2079,2079,1206
21:02:42,1424,2393,2393,1424
21:02:44,1080,1855,1855,1080
21:02:46,1625,2708,2708,1625
21:02:50,1424,2393,2393,1424
21:02:52,1424,2393,2393,1424
21:02:58,1625,2708,2708,1625
21:03:06,1424,2393,2393,1424
21:03:08,2047,3619,3619,2047
21:03:10,1855,3120,3120,1855
21:03:14,2243,4003,4003,2243
21:03:18,2150,3891,3891,2150
21:03:20,2150,3891,3891,2150
21:03:22,2150,3891,3891,2150
21:03:24,2320,4320,4320,2320
21:03:28,2456,4628,4628,2456
21:03:34,2150,3891,3891,2150
21:03:38,2456,4628,4628,2456
21:03:48,2608,4974,4974,2608
21:03:50,2657,5179,5179,2657
21:03:52,2608,4974,4974,2608
21:03:56,2657,5179,5179,2657
21:03:58,2456,4628,4628,2456
21:04:06,2788,5610,5610,2788
21:04:08,2895,5914,5914,2895
21:04:16,2825,5705,5705,2825
21:04:24,2895,5914,5914,2895
21:04:26,3109,6469,6469,3109
21:04:36,1855,3120,3120,1855
21:04:42,3171,6581,6581,3171
21:04:46,3171,6581,6581,3171
21:04:54,3300,7063,7063,3300
21:04:56,3559,7904,7904,3559
21:05:02,3611,8031,8031,3611
21:05:06,3171,6581,6581,3171
21:05:16,3611,8031,8031,3611
21:05:26,3914,9010,9010,3914
21:05:28,3611,8031,8031,3611
21:05:30,3744,8459,8459,3744
21:05:38,3744,8459,8459,3744
21:05:48,4036,9440,9440,4036
21:05:58,3914,9010,9010,3914
21:06:00,4408,1.1万,1万+,4408
21:06:04,4036,9440,9440,4036
21:06:14,4689,1.2万,1万+,4689
21:06:26,4605,1.1万,1万+,4605
21:06:28,4689,1.2万,1万+,4689
21:06:30,4605,1.1万,1万+,4605
21:06:32,4791,1.2万,1万+,4791
21:06:44,4791,1.2万,1万+,4791
21:06:54,4791,1.2万,1万+,4791
21:06:56,4902,1.3万,1万+,4902
21:06:59,4902,1.3万,1万+,4902
21:07:04,4791,1.2万,1万+,4791
21:07:14,5155,1.4万,1万+,5155
21:07:24,5155,1.4万,1万+,5155
21:07:26,4902,1.3万,1万+,4902
21:07:28,5189,1.4万,1万+,5189
21:07:34,5245,1.4万,1万+,5245
21:07:42,5245,1.4万,1万+,5245
21:07:48,5280,1.4万,1万+,5280
21:07:56,5395,1.5万,1万+,5395
21:07:58,5280,1.4万,1万+,5280
21:08:02,5395,1.5万,1万+,5395
21:08:04,5395,1.5万,1万+,5395
21:08:06,5532,1.6万,1万+,5532
21:08:12,5532,1.6万,1万+,5532
21:08:23,5532,1.6万,1万+,5532
21:08:26,5866,1.7万,1万+,5866
21:08:28,5753,1.7万,1万+,5753
21:08:30,5753,1.7万,1万+,5753
21:08:38,5532,1.6万,1万+,5532
21:08:48,5889,1.7万,1万+,5889
21:08:58,6026,1.8万,1万+,6026
21:09:00,6103,1.8万,1万+,6103
21:09:02,5753,1.7万,1万+,5753
21:09:06,6103,1.8万,1万+,6103
21:09:16,6332,1.9万,1万+,6332
21:09:26,5967,1.8万,1万+,5967
21:09:28,6265,1.8万,1万+,6265
21:09:30,6103,1.8万,1万+,6103
21:09:32,6534,1.9万,1万+,6534
21:09:36,6407,1.9万,1万+,6407
21:09:44,6472,1.9万,1万+,6472
21:09:54,6650,2.0万,1万+,6650
21:09:56,6707,2.0万,2万+,6707
21:09:58,6707,2.0万,2万+,6707
21:10:00,6856,2.1万,2万+,6856
21:10:02,6856,2.1万,2万+,6856
21:10:08,6856,2.1万,2万+,6856
21:10:18,7008,2.1万,2万+,7008
21:10:28,7112,2.2万,2万+,7112
21:10:32,7294,2.2万,2万+,7294
21:10:34,7294,2.2万,2万+,7294
21:10:36,7171,2.2万,2万+,7171
21:10:38,7348,2.2万,2万+,7348
21:10:48,7348,2.2万,2万+,7348
21:10:55,7294,2.2万,2万+,7294
21:11:01,7008,2.1万,2万+,7008
21:11:03,7413,2.3万,2万+,7413
21:11:04,7413,2.3万,2万+,7413
21:11:08,7495,2.3万,2万+,7495
21:11:18,7234,2.2万,2万+,7234
21:11:28,7732,2.4万,2万+,7732
21:11:30,7543,2.3万,2万+,7543
21:11:42,7869,2.5万,2万+,7869
21:11:50,7819,2.5万,2万+,7819
21:12:00,7960,2.6万,2万+,7960
21:12:02,7992,2.6万,2万+,7992
21:12:04,7791,2.5万,2万+,7791
21:12:08,8061,2.6万,2万+,8061
21:12:12,7869,2.5万,2万+,7869
21:12:18,8148,2.6万,2万+,8148
21:12:28,8262,2.7万,2万+,8262
21:12:32,7755,2.5万,2万+,7755
21:12:34,8301,2.7万,2万+,8301
21:12:36,8262,2.7万,2万+,8262
21:12:40,8210,2.7万,2万+,8210
21:12:44,8350,2.8万,2万+,8350
21:12:50,8301,2.7万,2万+,8301
21:13:00,8448,2.8万,2万+,8448
21:13:04,8389,2.8万,2万+,8389
21:13:06,8301,2.7万,2万+,8301
21:13:16,8376,2.8万,2万+,8376
21:13:18,8448,2.8万,2万+,8448
21:13:26,8488,2.9万,2万+,8488
21:13:32,8594,3.0万,2万+,8594
21:13:36,8350,2.8万,2万+,8350
21:13:38,8594,3.0万,2万+,8594
21:13:40,8551,3.0万,2万+,8551
21:13:48,8659,3.0万,2万+,8659
21:13:58,8676,3.0万,3万+,8676
21:14:00,8659,3.0万,2万+,8659
21:14:02,8676,3.0万,3万+,8676
21:14:04,8659,3.0万,2万+,8659
21:14:14,8676,3.0万,3万+,8676
21:14:16,8779,3.1万,3万+,8779
21:14:20,8659,3.0万,2万+,8659
21:14:24,8676,3.0万,3万+,8676
21:14:26,8777,3.2万,3万+,8777
21:14:28,8799,3.2万,3万+,8799
21:14:32,8826,3.2万,3万+,8826
21:14:34,8798,3.2万,3万+,8798
21:14:40,8798,3.2万,3万+,8798
21:14:42,8799,3.2万,3万+,8799
21:14:50,8777,3.2万,3万+,8777
21:14:52,8952,3.3万,3万+,8952
21:15:00,8826,3.2万,3万+,8826
21:15:02,8826,3.2万,3万+,8826
21:15:04,8826,3.2万,3万+,8826
21:15:10,8988,3.3万,3万+,8988
21:15:14,8988,3.3万,3万+,8988
21:15:20,9180,3.4万,3万+,9180
21:15:30,9295,3.5万,3万+,9295
21:15:32,8952,3.3万,3万+,8952
21:15:34,9295,3.5万,3万+,9295
21:15:40,9012,3.3万,3万+,9012
21:15:50,9295,3.5万,3万+,9295
21:15:54,9318,3.5万,3万+,9318
21:15:56,9295,3.5万,3万+,9295
21:16:02,9400,3.6万,3万+,9400
21:16:04,9318,3.5万,3万+,9318
21:16:08,9355,3.6万,3万+,9355
21:16:10,9334,3.5万,3万+,9334
21:16:18,9406,3.6万,3万+,9406
21:16:24,9384,3.6万,3万+,9384
21:16:31,9384,3.6万,3万+,9384
21:16:32,9409,3.7万,3万+,9409
21:16:34,9409,3.7万,3万+,9409
21:16:36,9406,3.6万,3万+,9406
21:16:40,9409,3.7万,3万+,9409
21:16:42,9420,3.7万,3万+,9420
21:16:50,9420,3.7万,3万+,9420
21:17:00,9401,3.7万,3万+,9401
21:17:02,9466,3.8万,3万+,9466
21:17:04,9466,3.8万,3万+,9466
21:17:10,9499,3.8万,3万+,9499
21:17:12,9408,3.7万,3万+,9408
21:17:20,9570,3.8万,3万+,9570
21:17:30,9611,3.8万,3万+,9611
21:17:32,9570,3.8万,3万+,9570
21:17:34,9499,3.8万,3万+,9499
21:17:40,9570,3.8万,3万+,9570
21:17:42,9611,3.8万,3万+,9611
21:17:44,9638,3.9万,3万+,9638
21:17:46,9632,3.9万,3万+,9632
21:17:54,9570,3.8万,3万+,9570
21:18:03,9612,4.0万,3万+,9612
21:18:04,9638,3.9万,3万+,9638
21:18:08,9615,4.0万,3万+,9615
21:18:14,9664,4.0万,4万+,9664
21:18:18,9664,4.0万,4万+,9664
21:18:22,9752,4.0万,4万+,9752
21:18:24,9760,4.1万,4万+,9760
21:18:26,9752,4.0万,4万+,9752
21:18:30,9752,4.0万,4万+,9752
21:18:32,9752,4.0万,4万+,9752
21:18:34,9638,3.9万,3万+,9638
21:18:42,9847,4.1万,4万+,9847
21:18:44,9760,4.1万,4万+,9760
21:18:52,9855,4.1万,4万+,9855
21:18:54,9848,4.1万,4万+,9848
21:18:56,9855,4.1万,4万+,9855
21:19:04,9855,4.1万,4万+,9855
21:19:10,9882,4.2万,4万+,9882
21:19:20,9851,4.2万,4万+,9851
21:19:30,9882,4.2万,4万+,9882
21:19:32,9936,4.3万,4万+,9936
21:19:34,9882,4.2万,4万+,9882
21:19:44,9901,4.3万,4万+,9901
21:19:54,9936,4.3万,4万+,9936
21:20:02,10080,4.4万,4万+,1.0万
21:20:04,9936,4.3万,4万+,9936
21:20:10,10046,4.3万,4万+,1.0万
21:20:12,10080,4.4万,4万+,1.0万
21:20:16,10080,4.4万,4万+,1.0万
21:20:20,10155,4.4万,4万+,1.0万
21:20:24,10199,4.4万,4万+,1.0万
21:20:30,10080,4.4万,4万+,1.0万
21:20:32,10155,4.4万,4万+,1.0万
21:20:34,10221,4.5万,4万+,1.0万
21:20:38,10303,4.6万,4万+,1.0万
21:20:40,10270,4.5万,4万+,1.0万
21:20:48,10270,4.5万,4万+,1.0万
21:20:56,10337,4.6万,4万+,1.0万
21:21:02,10337,4.6万,4万+,1.0万
21:21:05,10337,4.6万,4万+,1.0万
21:21:06,10337,4.6万,4万+,1.0万
21:21:14,10623,4.7万,4万+,1.1万
21:21:20,10522,4.7万,4万+,1.1万
21:21:22,10561,4.7万,4万+,1.1万
21:21:30,10623,4.7万,4万+,1.1万
21:21:32,10766,4.8万,4万+,1.1万
21:21:34,10710,4.7万,4万+,1.1万
21:21:36,10710,4.7万,4万+,1.1万
21:21:42,10561,4.7万,4万+,1.1万
21:21:50,10766,4.8万,4万+,1.1万
21:21:52,10751,4.8万,4万+,1.1万
21:21:54,10623,4.7万,4万+,1.1万
21:21:56,10766,4.8万,4万+,1.1万
21:22:00,10790,4.9万,4万+,1.1万
21:22:05,10798,4.8万,4万+,1.1万
21:22:06,10844,4.9万,4万+,1.1万
21:22:08,10771,4.9万,4万+,1.1万
21:22:11,10790,4.9万,4万+,1.1万
21:22:13,10844,4.9万,4万+,1.1万
21:22:15,10790,4.9万,4万+,1.1万
21:22:18,10854,4.9万,4万+,1.1万
21:22:20,10854,4.9万,4万+,1.1万
21:22:30,10790,4.9万,4万+,1.1万
21:22:32,10901,5.0万,4万+,1.1万
21:22:34,10937,5.0万,4万+,1.1万
21:22:40,10901,5.0万,4万+,1.1万
21:22:44,10977,5.0万,5万+,1.1万
21:22:50,11076,5.1万,5万+,1.1万
21:22:52,10901,5.0万,4万+,1.1万
21:23:00,11076,5.1万,5万+,1.1万
21:23:02,11077,5.1万,5万+,1.1万
21:23:04,10977,5.0万,5万+,1.1万
21:23:06,11106,5.1万,5万+,1.1万
21:23:12,11178,5.2万,5万+,1.1万
21:23:24,11368,5.2万,5万+,1.1万
21:23:32,11544,5.2万,5万+,1.2万
21:23:36,11544,5.2万,5万+,1.2万
21:23:38,11604,5.3万,5万+,1.2万
21:23:40,10977,5.0万,5万+,1.1万
21:23:42,11475,5.2万,5万+,1.1万
21:23:44,11604,5.3万,5万+,1.2万
21:23:46,11368,5.2万,5万+,1.1万
21:23:48,11604,5.3万,5万+,1.2万
21:23:56,11710,5.3万,5万+,1.2万
21:24:06,11604,5.3万,5万+,1.2万
21:24:08,11604,5.3万,5万+,1.2万
21:24:16,11769,5.4万,5万+,1.2万
21:24:26,11769,5.4万,5万+,1.2万
21:24:32,11779,5.4万,5万+,1.2万
21:24:37,11893,5.5万,5万+,1.2万
21:24:38,11679,5.3万,5万+,1.2万
21:24:42,11893,5.5万,5万+,1.2万
21:24:52,11893,5.5万,5万+,1.2万
21:25:02,12022,5.6万,5万+,1.2万
21:25:06,12049,5.6万,5万+,1.2万
21:25:08,11972,5.6万,5万+,1.2万
21:25:14,12119,5.7万,5万+,1.2万
21:25:24,12049,5.6万,5万+,1.2万
21:25:28,12049,5.6万,5万+,1.2万
21:25:32,12692,5.8万,5万+,1.3万
21:25:36,11972,5.6万,5万+,1.2万
21:25:38,12726,5.8万,5万+,1.3万
21:25:40,12119,5.7万,5万+,1.2万
21:25:42,12726,5.8万,5万+,1.3万
21:25:54,12726,5.8万,5万+,1.3万
21:26:03,12859,5.9万,5万+,1.3万
21:26:06,12859,5.9万,5万+,1.3万
21:26:08,12945,5.9万,5万+,1.3万
21:26:12,12926,5.9万,5万+,1.3万
21:26:18,12913,5.9万,5万+,1.3万
21:26:28,12967,6.0万,6万+,1.3万
21:26:36,12959,6.0万,5万+,1.3万
21:26:38,12967,6.0万,6万+,1.3万
21:26:44,12967,6.0万,6万+,1.3万
21:26:52,12959,6.0万,5万+,1.3万
21:26:54,12904,6.1万,6万+,1.3万
21:27:00,12967,6.0万,6万+,1.3万
21:27:04,12917,6.0万,6万+,1.3万
21:27:06,12914,6.1万,6万+,1.3万
21:27:08,12904,6.1万,6万+,1.3万
21:27:10,12917,6.0万,6万+,1.3万
21:27:15,12914,6.1万,6万+,1.3万
21:27:24,12935,6.1万,6万+,1.3万
21:27:34,12989,6.2万,6万+,1.3万
21:27:36,13150,6.2万,6万+,1.3万
21:27:38,13150,6.2万,6万+,1.3万
21:27:44,13132,6.2万,6万+,1.3万
21:27:46,12989,6.2万,6万+,1.3万
21:27:48,13225,6.3万,6万+,1.3万
21:27:50,13225,6.3万,6万+,1.3万
21:27:54,13225,6.3万,6万+,1.3万
21:28:00,13194,6.3万,6万+,1.3万
21:28:04,13194,6.3万,6万+,1.3万
21:28:06,13150,6.2万,6万+,1.3万
21:28:08,13296,6.3万,6万+,1.3万
21:28:10,13296,6.3万,6万+,1.3万
21:28:12,13150,6.2万,6万+,1.3万
21:28:18,13374,6.4万,6万+,1.3万
21:28:28,13324,6.4万,6万+,1.3万
21:28:32,13283,6.3万,6万+,1.3万
21:28:37,13415,6.4万,6万+,1.3万
21:28:38,13374,6.4万,6万+,1.3万
21:28:48,13415,6.4万,6万+,1.3万
21:28:50,13374,6.4万,6万+,1.3万
21:28:58,13502,6.5万,6万+,1.4万
21:29:08,13502,6.5万,6万+,1.4万
21:29:10,13499,6.5万,6万+,1.3万
21:29:14,13552,6.5万,6万+,1.4万
21:29:16,13524,6.5万,6万+,1.4万
21:29:24,13599,6.6万,6万+,1.4万
21:29:34,13682,6.7万,6万+,1.4万
21:29:38,13632,6.6万,6万+,1.4万
21:29:44,13632,6.6万,6万+,1.4万
21:29:50,13758,6.7万,6万+,1.4万
21:29:54,13682,6.7万,6万+,1.4万
21:29:56,13758,6.7万,6万+,1.4万
21:30:02,13695,6.7万,6万+,1.4万
21:30:04,13830,6.8万,6万+,1.4万
21:30:07,13962,6.8万,6万+,1.4万
21:30:08,13758,6.7万,6万+,1.4万
21:30:14,13962,6.8万,6万+,1.4万
21:30:19,13830,6.8万,6万+,1.4万
21:30:21,13962,6.8万,6万+,1.4万
21:30:30,13758,6.7万,6万+,1.4万
21:30:38,14404,7.0万,6万+,1.4万
21:30:40,14227,6.9万,6万+,1.4万
21:30:42,14227,6.9万,6万+,1.4万
21:30:44,14040,6.8万,6万+,1.4万
21:30:50,14227,6.9万,6万+,1.4万
21:31:00,14404,7.0万,6万+,1.4万
21:31:08,14505,7.0万,6万+,1.5万
21:31:10,14594,7.0万,7万+,1.5万
21:31:14,14658,7.1万,7万+,1.5万
21:31:16,14658,7.1万,7万+,1.5万
21:31:18,14594,7.0万,7万+,1.5万
21:31:20,14532,7.0万,7万+,1.5万
21:31:24,14629,7.1万,7万+,1.5万
21:31:35,14767,7.1万,7万+,1.5万
21:31:39,14711,7.1万,7万+,1.5万
21:31:40,14844,7.2万,7万+,1.5万
21:31:42,14711,7.1万,7万+,1.5万
21:31:50,14844,7.2万,7万+,1.5万
21:31:58,14908,7.2万,7万+,1.5万
21:32:00,14908,7.2万,7万+,1.5万
21:32:08,15039,7.2万,7万+,1.5万
21:32:10,14844,7.2万,7万+,1.5万
21:32:14,15188,7.3万,7万+,1.5万
21:32:16,15102,7.3万,7万+,1.5万
21:32:24,14987,7.2万,7万+,1.5万
21:32:36,15102,7.3万,7万+,1.5万
21:32:41,15263,7.4万,7万+,1.5万
21:32:42,15263,7.4万,7万+,1.5万
21:32:46,14987,7.2万,7万+,1.5万
21:32:52,15263,7.4万,7万+,1.5万
21:32:54,15188,7.3万,7万+,1.5万
21:33:00,15188,7.3万,7万+,1.5万
21:33:10,15231,7.4万,7万+,1.5万
21:33:12,15235,7.4万,7万+,1.5万
21:33:14,15313,7.5万,7万+,1.5万
21:33:22,15345,7.6万,7万+,1.5万
21:33:24,15261,7.5万,7万+,1.5万
21:33:32,15313,7.5万,7万+,1.5万
21:33:38,15408,7.6万,7万+,1.5万
21:33:40,15313,7.5万,7万+,1.5万
21:33:42,15408,7.6万,7万+,1.5万
21:33:44,15408,7.6万,7万+,1.5万
21:33:50,15505,7.6万,7万+,1.6万
21:33:52,15408,7.6万,7万+,1.5万
21:34:00,15596,7.7万,7万+,1.6万
21:34:06,15608,7.7万,7万+,1.6万
21:34:10,15537,7.7万,7万+,1.6万
21:34:12,15608,7.7万,7万+,1.6万
21:34:16,15608,7.7万,7万+,1.6万
21:34:26,15675,7.8万,7万+,1.6万
21:34:28,15597,7.7万,7万+,1.6万
21:34:36,15596,7.7万,7万+,1.6万
21:34:40,15683,7.8万,7万+,1.6万
21:34:42,15683,7.8万,7万+,1.6万
21:34:46,15683,7.8万,7万+,1.6万
21:34:48,15751,7.9万,7万+,1.6万
21:34:58,15765,7.9万,7万+,1.6万
21:35:02,15751,7.9万,7万+,1.6万
21:35:08,15869,8.0万,7万+,1.6万
21:35:10,15815,7.9万,7万+,1.6万
21:35:12,15844,7.9万,7万+,1.6万
21:35:18,15765,7.9万,7万+,1.6万
21:35:22,15869,8.0万,7万+,1.6万
21:35:24,15923,8.0万,7万+,1.6万
21:35:26,15844,7.9万,7万+,1.6万
21:35:32,15923,8.0万,7万+,1.6万
21:35:34,15869,8.0万,7万+,1.6万
21:35:36,15925,8.0万,8万+,1.6万
21:35:38,15925,8.0万,8万+,1.6万
21:35:40,15925,8.0万,8万+,1.6万
21:35:42,15925,8.0万,8万+,1.6万
21:35:44,15883,8.0万,7万+,1.6万
21:35:46,15923,8.0万,7万+,1.6万
21:35:56,15732,8.0万,8万+,1.6万
21:35:58,15865,8.0万,8万+,1.6万
21:36:00,13968,8.1万,8万+,1.4万
21:36:02,13968,8.1万,8万+,1.4万
21:36:13,13968,8.1万,8万+,1.4万
21:36:14,13968,8.1万,8万+,1.4万
21:36:16,13968,8.1万,8万+,1.4万
21:36:24,12139,8.2万,8万+,1.2万
21:36:34,11785,8.2万,8万+,1.2万
21:36:42,11496,8.2万,8万+,1.1万
21:36:44,11785,8.2万,8万+,1.2万
21:36:48,11496,8.2万,8万+,1.1万
21:36:50,11496,8.2万,8万+,1.1万
21:36:52,11496,8.2万,8万+,1.1万
21:37:00,11030,8.2万,8万+,1.1万
21:37:08,10226,8.3万,8万+,1.0万
21:37:12,11496,8.2万,8万+,1.1万
21:37:15,10417,8.2万,8万+,1.0万
21:37:21,10573,8.2万,8万+,1.1万
21:37:22,11030,8.2万,8万+,1.1万
21:37:34,10122,8.3万,8万+,1.0万
21:37:38,10417,8.2万,8万+,1.0万
21:37:42,9969,8.3万,8万+,9969
21:37:44,9962,8.3万,8万+,9962
21:37:46,9943,8.3万,8万+,9943
21:37:50,9962,8.3万,8万+,9962
21:37:52,9942,8.4万,8万+,9942
21:38:00,10417,8.2万,8万+,1.0万
21:38:10,9967,8.4万,8万+,9967
21:38:14,9967,8.4万,8万+,9967
21:38:20,9967,8.4万,8万+,9967
21:38:22,9942,8.4万,8万+,9942
21:38:32,10077,8.4万,8万+,1.0万
21:38:36,10116,8.5万,8万+,1.0万
21:38:40,10077,8.4万,8万+,1.0万
21:38:44,10116,8.5万,8万+,1.0万
21:38:50,10197,8.5万,8万+,1.0万
21:39:00,10116,8.5万,8万+,1.0万
21:39:02,10281,8.6万,8万+,1.0万
21:39:10,10228,8.5万,8万+,1.0万
21:39:12,10157,8.5万,8万+,1.0万
21:39:14,10228,8.5万,8万+,1.0万
21:39:17,10228,8.5万,8万+,1.0万
21:39:18,10353,8.6万,8万+,1.0万
21:39:20,10310,8.6万,8万+,1.0万
21:39:22,10386,8.6万,8万+,1.0万
21:39:24,10353,8.6万,8万+,1.0万
21:39:31,10386,8.6万,8万+,1.0万
21:39:40,10463,8.7万,8万+,1.0万
21:39:42,10386,8.6万,8万+,1.0万
21:39:44,10463,8.7万,8万+,1.0万
21:39:52,10463,8.7万,8万+,1.0万
21:40:02,10574,8.7万,8万+,1.1万
21:40:09,10828,8.8万,8万+,1.1万
21:40:12,10463,8.7万,8万+,1.0万
21:40:15,10696,8.7万,8万+,1.1万
21:40:20,10828,8.8万,8万+,1.1万
21:40:30,10890,8.8万,8万+,1.1万
21:40:40,10828,8.8万,8万+,1.1万
21:40:42,10929,8.8万,8万+,1.1万
21:40:44,10890,8.8万,8万+,1.1万
21:40:48,10929,8.8万,8万+,1.1万
21:40:50,10929,8.8万,8万+,1.1万
21:40:58,10929,8.8万,8万+,1.1万
21:41:00,11102,8.9万,8万+,1.1万
21:41:02,11033,8.9万,8万+,1.1万
21:41:08,11210,8.9万,8万+,1.1万
21:41:10,10929,8.8万,8万+,1.1万
21:41:13,11210,8.9万,8万+,1.1万
21:41:15,11033,8.9万,8万+,1.1万
21:41:19,11210,8.9万,8万+,1.1万
21:41:20,11383,9.0万,8万+,1.1万
21:41:24,11210,8.9万,8万+,1.1万
21:41:34,11383,9.0万,8万+,1.1万
21:41:42,11460,9.0万,9万+,1.1万
21:41:44,11506,9.0万,9万+,1.2万
21:41:46,11265,8.9万,8万+,1.1万
21:41:52,11460,9.0万,9万+,1.1万
21:41:54,11583,9.1万,9万+,1.2万
21:42:02,11460,9.0万,9万+,1.1万
21:42:12,11578,9.1万,9万+,1.2万
21:42:14,11578,9.1万,9万+,1.2万
21:42:16,11383,9.0万,8万+,1.1万
21:42:20,11578,9.1万,9万+,1.2万
21:42:22,11617,9.2万,9万+,1.2万
21:42:30,11617,9.2万,9万+,1.2万
21:42:40,11688,9.2万,9万+,1.2万
21:42:42,11912,9.3万,9万+,1.2万
21:42:44,11582,9.1万,9万+,1.2万
21:42:48,11617,9.2万,9万+,1.2万
21:42:50,11617,9.2万,9万+,1.2万
21:42:58,12013,9.3万,9万+,1.2万
21:43:08,12103,9.3万,9万+,1.2万
21:43:14,12103,9.3万,9万+,1.2万
21:43:16,11617,9.2万,9万+,1.2万
21:43:20,12194,9.3万,9万+,1.2万
21:43:30,12252,9.4万,9万+,1.2万
21:43:32,12194,9.3万,9万+,1.2万
21:43:40,12282,9.4万,9万+,1.2万
21:43:43,12354,9.4万,9万+,1.2万
21:43:44,12445,9.4万,9万+,1.2万
21:43:46,12445,9.4万,9万+,1.2万
21:43:52,12354,9.4万,9万+,1.2万
21:44:02,12103,9.3万,9万+,1.2万
21:44:12,12584,9.5万,9万+,1.3万
21:44:14,12687,9.5万,9万+,1.3万
21:44:16,12687,9.5万,9万+,1.3万
21:44:18,12354,9.4万,9万+,1.2万
21:44:20,12733,9.6万,9万+,1.3万
21:44:26,12584,9.5万,9万+,1.3万
21:44:28,12687,9.5万,9万+,1.3万
21:44:30,12563,9.5万,9万+,1.3万
21:44:40,12733,9.6万,9万+,1.3万
21:44:44,12742,9.6万,9万+,1.3万
21:44:46,12742,9.6万,9万+,1.3万
21:44:57,12733,9.6万,9万+,1.3万
21:45:00,12742,9.6万,9万+,1.3万
21:45:06,12929,9.7万,9万+,1.3万
21:45:10,12733,9.6万,9万+,1.3万
21:45:16,13048,9.7万,9万+,1.3万
21:45:18,12838,9.6万,9万+,1.3万
21:45:20,12929,9.7万,9万+,1.3万
21:45:28,13156,9.7万,9万+,1.3万
21:45:30,13156,9.7万,9万+,1.3万
21:45:32,12875,9.6万,9万+,1.3万
21:45:38,13285,9.7万,9万+,1.3万
21:45:44,13334,9.8万,9万+,1.3万
21:45:46,13156,9.7万,9万+,1.3万
21:45:52,13246,9.7万,9万+,1.3万
21:46:00,13631,9.8万,9万+,1.4万
21:46:12,13372,9.8万,9万+,1.3万
21:46:16,13733,9.8万,9万+,1.4万
21:46:18,13631,9.8万,9万+,1.4万
21:46:20,13631,9.8万,9万+,1.4万
21:46:22,13824,9.8万,9万+,1.4万
21:46:32,13824,9.8万,9万+,1.4万
21:46:35,13902,9.8万,9万+,1.4万
21:46:42,13631,9.8万,9万+,1.4万
21:46:44,14091,9.9万,9万+,1.4万
21:46:46,13952,9.9万,9万+,1.4万
21:46:50,14091,9.9万,9万+,1.4万
21:46:52,14030,9.9万,9万+,1.4万
21:46:54,14117,9.9万,9万+,1.4万
21:47:00,14090,10.0万,9万+,1.4万
21:47:02,14090,10.0万,9万+,1.4万
21:47:04,14117,9.9万,9万+,1.4万
21:47:12,14090,10.0万,9万+,1.4万
21:47:14,14192,10.0万,10万+,1.4万
21:47:16,14120,10.0万,9万+,1.4万
21:47:20,14274,10.0万,10万+,1.4万
21:47:30,14192,10.0万,10万+,1.4万
21:47:40,14192,10.0万,10万+,1.4万
21:47:42,14389,10.1万,10万+,1.4万
21:47:44,14284,10.1万,10万+,1.4万
21:47:46,14389,10.1万,10万+,1.4万
21:47:50,14362,10.1万,10万+,1.4万
21:48:02,14192,10.0万,10万+,1.4万
21:48:12,14582,10.2万,10万+,1.5万
21:48:14,14537,10.2万,10万+,1.5万
21:48:16,14496,10.2万,10万+,1.4万
21:48:26,14537,10.2万,10万+,1.5万
21:48:28,14442,10.1万,10万+,1.4万
21:48:32,14496,10.2万,10万+,1.4万
21:48:36,14617,10.2万,10万+,1.5万
21:48:44,14714,10.3万,10万+,1.5万
21:48:46,14727,10.3万,10万+,1.5万
21:48:52,14714,10.3万,10万+,1.5万
21:49:02,14696,10.2万,10万+,1.5万
21:49:06,14785,10.3万,10万+,1.5万
21:49:08,14785,10.3万,10万+,1.5万
21:49:10,14785,10.3万,10万+,1.5万
21:49:12,14714,10.3万,10万+,1.5万
21:49:14,14997,10.4万,10万+,1.5万
21:49:16,14907,10.4万,10万+,1.5万
21:49:24,14997,10.4万,10万+,1.5万
21:49:28,15095,10.4万,10万+,1.5万
21:49:38,14907,10.4万,10万+,1.5万
21:49:48,15407,10.4万,10万+,1.5万
21:49:50,15407,10.4万,10万+,1.5万
21:49:54,15356,10.4万,10万+,1.5万
21:49:56,15418,10.5万,10万+,1.5万
21:50:04,15391,10.5万,10万+,1.5万
21:50:14,15417,10.5万,10万+,1.5万
21:50:16,15407,10.4万,10万+,1.5万
21:50:22,15407,10.4万,10万+,1.5万
21:50:32,15321,10.6万,10万+,1.5万
21:50:42,15332,10.6万,10万+,1.5万
21:50:46,15328,10.6万,10万+,1.5万
21:50:50,15342,10.6万,10万+,1.5万
21:51:02,15323,10.7万,10万+,1.5万
21:51:08,15319,10.6万,10万+,1.5万
21:51:14,15307,10.7万,10万+,1.5万
21:51:16,15307,10.7万,10万+,1.5万
21:51:20,15321,10.7万,10万+,1.5万
21:51:26,15318,10.7万,10万+,1.5万
21:51:28,15307,10.7万,10万+,1.5万
21:51:36,15307,10.7万,10万+,1.5万
21:51:46,15358,10.8万,10万+,1.5万
21:51:48,15451,10.8万,10万+,1.5万
21:51:50,15522,10.8万,10万+,1.6万
21:51:58,15522,10.8万,10万+,1.6万
21:52:00,15451,10.8万,10万+,1.5万
21:52:08,15687,10.9万,10万+,1.6万
21:52:10,15590,10.9万,10万+,1.6万
21:52:14,15358,10.8万,10万+,1.5万
21:52:16,15358,10.8万,10万+,1.5万
21:52:18,15522,10.8万,10万+,1.6万
21:52:34,15751,11.0万,10万+,1.6万
21:52:36,15750,11.0万,10万+,1.6万
21:52:44,15686,10.9万,10万+,1.6万
21:52:46,15753,11.0万,10万+,1.6万
21:52:48,15750,11.0万,10万+,1.6万
21:52:50,15751,11.0万,10万+,1.6万
21:52:54,15791,11.0万,10万+,1.6万
21:53:04,15796,11.0万,10万+,1.6万
21:53:08,15815,11.1万,10万+,1.6万
21:53:14,15796,11.0万,10万+,1.6万
21:53:16,15815,11.1万,10万+,1.6万
21:53:18,15885,11.1万,10万+,1.6万
21:53:20,15815,11.1万,10万+,1.6万
21:53:22,15796,11.0万,10万+,1.6万
21:53:26,15842,11.1万,10万+,1.6万
21:53:30,15893,11.1万,10万+,1.6万
21:53:40,15885,11.1万,10万+,1.6万
21:53:50,16099,11.2万,10万+,1.6万
21:53:54,15885,11.1万,10万+,1.6万
21:53:56,15842,11.1万,10万+,1.6万
21:54:06,16099,11.2万,10万+,1.6万
21:54:16,16214,11.3万,10万+,1.6万
21:54:18,16417,11.3万,10万+,1.6万
21:54:20,16183,11.2万,10万+,1.6万
21:54:30,16343,11.3万,10万+,1.6万
21:54:32,16485,11.3万,10万+,1.6万
21:54:42,16610,11.4万,10万+,1.7万
21:54:50,16658,11.4万,10万+,1.7万
21:55:00,16739,11.4万,10万+,1.7万
21:55:10,16739,11.4万,10万+,1.7万
21:55:16,16864,11.5万,10万+,1.7万
21:55:18,16823,11.5万,10万+,1.7万
21:55:20,16864,11.5万,10万+,1.7万
21:55:26,16864,11.5万,10万+,1.7万
21:55:28,16869,11.5万,10万+,1.7万
21:55:36,16869,11.5万,10万+,1.7万
21:55:47,16869,11.5万,10万+,1.7万
21:55:48,16864,11.6万,10万+,1.7万
21:55:50,16864,11.6万,10万+,1.7万
21:55:54,16891,11.6万,10万+,1.7万
21:56:04,16885,11.6万,10万+,1.7万
21:56:06,16886,11.6万,10万+,1.7万
21:56:08,16886,11.6万,10万+,1.7万
21:56:14,16886,11.6万,10万+,1.7万
21:56:18,16879,11.7万,10万+,1.7万
21:56:20,16885,11.6万,10万+,1.7万
21:56:22,16879,11.7万,10万+,1.7万
21:56:24,16886,11.7万,10万+,1.7万
21:56:26,16886,11.6万,10万+,1.7万
21:56:37,16869,11.7万,10万+,1.7万
21:56:38,16879,11.7万,10万+,1.7万
21:56:47,16872,11.7万,10万+,1.7万
21:56:50,16829,11.8万,10万+,1.7万
21:56:52,16877,11.7万,10万+,1.7万
21:56:54,16879,11.7万,10万+,1.7万
21:56:58,16829,11.8万,10万+,1.7万
21:57:08,16758,11.8万,10万+,1.7万
21:57:18,16872,11.7万,10万+,1.7万
21:57:20,16672,11.8万,10万+,1.7万
21:57:22,16634,11.8万,10万+,1.7万
21:57:26,16730,11.8万,10万+,1.7万
21:57:28,16605,11.9万,10万+,1.7万
21:57:36,16758,11.8万,10万+,1.7万
21:57:46,16607,11.9万,10万+,1.7万
21:57:48,16607,11.9万,10万+,1.7万
21:57:50,16605,11.9万,10万+,1.7万
21:57:53,16616,11.9万,10万+,1.7万
21:57:56,16616,11.9万,10万+,1.7万
21:58:06,16663,12.0万,10万+,1.7万
21:58:16,16607,11.9万,10万+,1.7万
21:58:20,16695,12.0万,10万+,1.7万
21:58:22,16663,12.0万,10万+,1.7万
21:58:30,16712,12.1万,10万+,1.7万
21:58:40,16724,12.1万,10万+,1.7万
21:58:42,16695,12.0万,10万+,1.7万
21:58:44,16712,12.1万,10万+,1.7万
21:58:50,16744,12.1万,10万+,1.7万
21:58:52,16792,12.1万,10万+,1.7万
21:58:56,16744,12.1万,10万+,1.7万
21:59:06,16712,12.1万,10万+,1.7万
21:59:12,16803,12.2万,10万+,1.7万
21:59:22,16804,12.2万,10万+,1.7万
21:59:24,16804,12.2万,10万+,1.7万
21:59:26,16821,12.2万,10万+,1.7万
21:59:32,16821,12.2万,10万+,1.7万
21:59:44,16804,12.2万,10万+,1.7万
21:59:52,16815,12.3万,10万+,1.7万
21:59:54,16821,12.2万,10万+,1.7万
21:59:56,16815,12.3万,10万+,1.7万
21:59:58,16859,12.3万,10万+,1.7万
22:00:08,16859,12.3万,10万+,1.7万
22:00:10,16839,12.3万,10万+,1.7万
22:00:18,17004,12.4万,10万+,1.7万
22:00:20,16859,12.3万,10万+,1.7万
22:00:24,16932,12.4万,10万+,1.7万
22:00:26,16932,12.4万,10万+,1.7万
22:00:30,17004,12.4万,10万+,1.7万
22:00:36,17044,12.4万,10万+,1.7万
22:00:40,17044,12.4万,10万+,1.7万
22:00:50,17082,12.5万,10万+,1.7万
22:00:52,17107,12.5万,10万+,1.7万
22:00:58,17044,12.4万,10万+,1.7万
22:01:08,17154,12.5万,10万+,1.7万
22:01:18,17152,12.6万,10万+,1.7万
22:01:20,17242,12.6万,10万+,1.7万
22:01:22,17154,12.5万,10万+,1.7万
22:01:24,17154,12.5万,10万+,1.7万
22:01:28,17107,12.5万,10万+,1.7万
22:01:34,17276,12.6万,10万+,1.7万
22:01:44,17309,12.7万,10万+,1.7万
22:01:50,17310,12.7万,10万+,1.7万
22:01:52,17310,12.7万,10万+,1.7万
22:01:58,17310,12.7万,10万+,1.7万
22:02:09,17362,12.7万,10万+,1.7万
22:02:10,17309,12.7万,10万+,1.7万
22:02:18,17413,12.8万,10万+,1.7万
22:02:20,17560,12.8万,10万+,1.8万
22:02:22,17502,12.8万,10万+,1.8万
22:02:24,17332,12.7万,10万+,1.7万
22:02:32,17600,12.8万,10万+,1.8万
22:02:34,17600,12.8万,10万+,1.8万
22:02:44,17502,12.8万,10万+,1.8万
22:02:50,17654,12.9万,10万+,1.8万
22:02:52,17769,12.9万,10万+,1.8万
22:02:56,17687,12.9万,10万+,1.8万
22:03:06,17780,13.0万,10万+,1.8万
22:03:08,17724,12.9万,10万+,1.8万
22:03:12,17780,13.0万,10万+,1.8万
22:03:20,17814,13.0万,10万+,1.8万
22:03:22,17780,13.0万,10万+,1.8万
22:03:30,17780,13.0万,10万+,1.8万
22:03:33,17856,13.1万,10万+,1.8万
22:03:34,17856,13.1万,10万+,1.8万
22:03:40,17856,13.1万,10万+,1.8万
22:03:50,17800,13.1万,10万+,1.8万
22:03:52,17800,13.1万,10万+,1.8万
22:03:58,17800,13.1万,10万+,1.8万
22:04:08,17804,13.1万,10万+,1.8万
22:04:10,17800,13.1万,10万+,1.8万
22:04:18,17930,13.2万,10万+,1.8万
22:04:20,17930,13.2万,10万+,1.8万
22:04:23,17889,13.2万,10万+,1.8万
22:04:26,17930,13.2万,10万+,1.8万
22:04:28,17889,13.2万,10万+,1.8万
22:04:31,17930,13.2万,10万+,1.8万
22:04:33,17800,13.1万,10万+,1.8万
22:04:44,18080,13.3万,10万+,1.8万
22:04:50,18142,13.3万,10万+,1.8万
22:04:52,18080,13.3万,10万+,1.8万
22:04:54,17873,13.2万,10万+,1.8万
22:05:02,18054,13.3万,10万+,1.8万
22:05:12,18276,13.4万,10万+,1.8万
22:05:20,18276,13.4万,10万+,1.8万
22:05:22,18502,13.4万,10万+,1.9万
22:05:28,18381,13.4万,10万+,1.8万
22:05:38,18276,13.4万,10万+,1.8万
22:05:48,18502,13.4万,10万+,1.9万
22:05:50,18621,13.5万,10万+,1.9万
22:05:52,18702,13.5万,10万+,1.9万
22:05:54,18702,13.5万,10万+,1.9万
22:05:57,18702,13.5万,10万+,1.9万
22:06:08,18775,13.6万,10万+,1.9万
22:06:18,18812,13.6万,10万+,1.9万
22:06:20,19090,13.6万,10万+,1.9万
22:06:22,19024,13.6万,10万+,1.9万
22:06:28,19090,13.6万,10万+,1.9万
22:06:32,19090,13.6万,10万+,1.9万
22:06:34,18812,13.6万,10万+,1.9万
22:06:42,18968,13.6万,10万+,1.9万
22:06:44,19090,13.6万,10万+,1.9万
22:06:50,19482,13.7万,10万+,1.9万
22:06:52,19232,13.7万,10万+,1.9万
22:06:54,19449,13.7万,10万+,1.9万
22:06:56,19482,13.7万,10万+,1.9万
22:07:02,19202,13.7万,10万+,1.9万
22:07:12,19482,13.7万,10万+,1.9万
22:07:14,16840,13.8万,10万+,1.7万
22:07:18,19232,13.7万,10万+,1.9万
22:07:20,19202,13.7万,10万+,1.9万
22:07:22,19202,13.7万,10万+,1.9万
22:07:24,16840,13.8万,10万+,1.7万
22:07:30,15449,13.8万,10万+,1.5万
22:07:38,16840,13.8万,10万+,1.7万
22:07:40,16840,13.8万,10万+,1.7万
22:07:44,15449,13.8万,10万+,1.5万
22:07:50,13851,13.9万,10万+,1.4万
22:07:52,16131,13.8万,10万+,1.6万
22:07:56,13851,13.9万,10万+,1.4万
22:08:08,13449,13.9万,10万+,1.3万
22:08:18,13414,13.9万,10万+,1.3万
22:08:22,13851,13.9万,10万+,1.4万
22:08:24,13414,13.9万,10万+,1.3万
22:08:26,13851,13.9万,10万+,1.4万
22:08:34,13414,13.9万,10万+,1.3万
22:08:44,13377,13.9万,10万+,1.3万
22:08:52,13329,14.0万,10万+,1.3万
22:08:54,13333,14.0万,10万+,1.3万
22:09:00,13329,14.0万,10万+,1.3万
22:09:06,13331,14.0万,10万+,1.3万
22:09:16,13335,14.0万,10万+,1.3万
22:09:18,13331,14.0万,10万+,1.3万
22:09:20,13335,14.0万,10万+,1.3万
22:09:27,13348,14.0万,10万+,1.3万
22:09:28,13329,14.0万,10万+,1.3万
22:09:30,13335,14.0万,10万+,1.3万
22:09:32,13305,14.1万,10万+,1.3万
22:09:36,13322,14.0万,10万+,1.3万
22:09:38,13305,14.1万,10万+,1.3万
22:09:40,13305,14.1万,10万+,1.3万
22:09:48,13345,14.1万,10万+,1.3万
22:09:56,13345,14.1万,10万+,1.3万
22:09:58,13396,14.1万,10万+,1.3万
22:10:00,13345,14.1万,10万+,1.3万
22:10:06,13396,14.1万,10万+,1.3万
22:10:16,13396,14.1万,10万+,1.3万
22:10:18,13476,14.2万,10万+,1.3万
22:10:25,13512,14.2万,10万+,1.4万
22:10:27,13456,14.2万,10万+,1.3万
22:10:34,13512,14.2万,10万+,1.4万
22:10:42,13711,14.2万,10万+,1.4万
22:10:50,13711,14.2万,10万+,1.4万
22:10:55,13560,14.2万,10万+,1.4万
22:10:56,13645,14.2万,10万+,1.4万
22:11:06,13932,14.3万,10万+,1.4万
22:11:16,13744,14.3万,10万+,1.4万
22:11:25,14045,14.4万,10万+,1.4万
22:11:27,13968,14.3万,10万+,1.4万
22:11:32,13955,14.3万,10万+,1.4万
22:11:42,14045,14.4万,10万+,1.4万
22:11:52,14096,14.4万,10万+,1.4万
22:11:56,14096,14.4万,10万+,1.4万
22:11:58,14045,14.4万,10万+,1.4万
22:12:02,14202,14.4万,10万+,1.4万
22:12:04,14202,14.4万,10万+,1.4万
22:12:12,14202,14.4万,10万+,1.4万
22:12:22,14096,14.4万,10万+,1.4万
22:12:24,14349,14.5万,10万+,1.4万
22:12:26,14349,14.5万,10万+,1.4万
22:12:38,14349,14.5万,10万+,1.4万
22:12:47,14368,14.5万,10万+,1.4万
22:12:52,14354,14.6万,10万+,1.4万
22:12:56,14349,14.5万,10万+,1.4万
22:13:02,14384,14.6万,10万+,1.4万
22:13:08,14364,14.6万,10万+,1.4万
22:13:12,14384,14.6万,10万+,1.4万
22:13:22,14461,14.6万,10万+,1.4万
22:13:24,14522,14.7万,10万+,1.5万
22:13:26,14522,14.7万,10万+,1.5万
22:13:36,14461,14.6万,10万+,1.4万
22:13:46,14679,14.7万,10万+,1.5万
22:13:48,14757,14.7万,10万+,1.5万
22:13:54,14757,14.7万,10万+,1.5万
22:13:56,14757,14.7万,10万+,1.5万
22:13:58,14757,14.7万,10万+,1.5万
22:14:07,15006,14.8万,10万+,1.5万
22:14:16,14757,14.7万,10万+,1.5万
22:14:24,15181,14.8万,10万+,1.5万
22:14:26,15006,14.8万,10万+,1.5万
22:14:30,15181,14.8万,10万+,1.5万
22:14:40,15181,14.8万,10万+,1.5万
22:14:50,15304,14.9万,10万+,1.5万
22:14:54,15304,14.9万,10万+,1.5万
22:14:56,15369,14.9万,10万+,1.5万
22:15:02,15304,14.9万,10万+,1.5万
22:15:12,15390,14.9万,10万+,1.5万
22:15:14,15390,14.9万,10万+,1.5万
22:15:22,15464,15.0万,10万+,1.5万
22:15:24,15434,15.0万,10万+,1.5万
22:15:26,15464,15.0万,10万+,1.5万
22:15:31,15484,15.0万,10万+,1.5万
22:15:36,15495,15.0万,10万+,1.5万
22:15:46,15484,15.0万,10万+,1.5万
22:15:54,15501,15.0万,10万+,1.6万
22:15:56,15527,15.0万,10万+,1.6万
22:16:02,15503,15.1万,10万+,1.6万
22:16:10,15527,15.0万,10万+,1.6万
22:16:20,15397,15.1万,10万+,1.5万
22:16:24,15532,15.1万,10万+,1.6万
22:16:27,15413,15.1万,10万+,1.5万
22:16:32,15315,15.1万,10万+,1.5万
22:16:36,15220,15.2万,10万+,1.5万
22:16:46,15150,15.2万,10万+,1.5万
22:16:50,15143,15.2万,10万+,1.5万
22:16:55,15359,15.1万,10万+,1.5万
22:16:56,15143,15.2万,10万+,1.5万
22:17:02,15150,15.2万,10万+,1.5万
22:17:10,15220,15.2万,10万+,1.5万
22:17:20,15210,15.3万,10万+,1.5万
22:17:26,15143,15.2万,10万+,1.5万
22:17:33,15290,15.3万,10万+,1.5万
22:17:42,15370,15.3万,10万+,1.5万
22:17:44,15361,15.3万,10万+,1.5万
22:17:46,15370,15.3万,10万+,1.5万
22:17:52,15370,15.3万,10万+,1.5万
22:17:54,15361,15.3万,10万+,1.5万
22:17:56,15263,15.3万,10万+,1.5万
22:18:00,15374,15.3万,10万+,1.5万
22:18:02,15374,15.3万,10万+,1.5万
22:18:10,15441,15.4万,10万+,1.5万
22:18:20,15443,15.4万,10万+,1.5万
22:18:22,15441,15.4万,10万+,1.5万
22:18:24,15374,15.4万,10万+,1.5万
22:18:26,15429,15.4万,10万+,1.5万
22:18:30,15456,15.4万,10万+,1.5万
22:18:40,15456,15.4万,10万+,1.5万
22:18:50,15429,15.4万,10万+,1.5万
22:18:52,15500,15.5万,10万+,1.6万
22:18:54,15534,15.5万,10万+,1.6万
22:18:56,15534,15.5万,10万+,1.6万
22:19:02,15500,15.5万,10万+,1.6万
22:19:10,15571,15.5万,10万+,1.6万
22:19:20,15600,15.5万,10万+,1.6万
22:19:24,15629,15.5万,10万+,1.6万
22:19:26,15456,15.4万,10万+,1.5万
22:19:28,15722,15.6万,10万+,1.6万
22:19:30,15629,15.5万,10万+,1.6万
22:19:32,15534,15.5万,10万+,1.6万
22:19:34,15600,15.5万,10万+,1.6万
22:19:36,15722,15.6万,10万+,1.6万
22:19:42,15755,15.6万,10万+,1.6万
22:19:52,15629,15.5万,10万+,1.6万
22:19:54,15755,15.6万,10万+,1.6万
22:19:56,15629,15.5万,10万+,1.6万
22:20:02,15833,15.7万,10万+,1.6万
22:20:10,15833,15.7万,10万+,1.6万
22:20:14,15833,15.7万,10万+,1.6万
22:20:16,15766,15.6万,10万+,1.6万
22:20:18,15833,15.7万,10万+,1.6万
22:20:20,15786,15.6万,10万+,1.6万
22:20:22,15880,15.7万,10万+,1.6万
22:20:24,15833,15.7万,10万+,1.6万
22:20:26,15902,15.7万,10万+,1.6万
22:20:28,15883,15.7万,10万+,1.6万
22:20:36,15902,15.7万,10万+,1.6万
22:20:40,15952,15.7万,10万+,1.6万
22:20:42,15902,15.7万,10万+,1.6万
22:20:53,15967,15.8万,10万+,1.6万
22:20:56,16014,15.8万,10万+,1.6万
22:20:58,15967,15.8万,10万+,1.6万
22:21:00,16014,15.8万,10万+,1.6万
22:21:02,16014,15.8万,10万+,1.6万
22:21:12,15952,15.7万,10万+,1.6万
22:21:14,16044,15.8万,10万+,1.6万
22:21:16,16014,15.8万,10万+,1.6万
22:21:18,16014,15.8万,10万+,1.6万
22:21:20,16103,15.8万,10万+,1.6万
22:21:22,16044,15.8万,10万+,1.6万
22:21:24,16158,15.9万,10万+,1.6万
22:21:26,16158,15.9万,10万+,1.6万
22:21:28,15952,15.7万,10万+,1.6万
22:21:30,16103,15.8万,10万+,1.6万
22:21:32,16044,15.8万,10万+,1.6万
22:21:38,16237,15.9万,10万+,1.6万
22:21:40,16158,15.9万,10万+,1.6万
22:21:42,16237,15.9万,10万+,1.6万
22:21:50,16103,15.8万,10万+,1.6万
22:21:56,16372,15.9万,10万+,1.6万
22:21:59,16422,15.9万,10万+,1.6万
22:22:02,16321,15.9万,10万+,1.6万
22:22:05,16422,15.9万,10万+,1.6万
22:22:06,16517,16.0万,10万+,1.7万
22:22:08,16471,16.0万,10万+,1.6万
22:22:10,16517,16.0万,10万+,1.7万
22:22:12,16517,16.0万,10万+,1.7万
22:22:14,16471,16.0万,10万+,1.6万
22:22:26,16514,16.0万,10万+,1.7万
22:22:28,16544,16.0万,10万+,1.7万
22:22:32,16544,16.0万,10万+,1.7万
22:22:39,16514,16.0万,10万+,1.7万
22:22:40,16508,16.0万,10万+,1.7万
22:22:48,16518,16.1万,10万+,1.7万
22:22:56,16468,16.1万,10万+,1.6万
22:22:58,16544,16.0万,10万+,1.7万
22:23:02,16468,16.1万,10万+,1.6万
22:23:12,16416,16.1万,10万+,1.6万
22:23:22,16351,16.2万,10万+,1.6万
22:23:26,16416,16.1万,10万+,1.6万
22:23:28,16406,16.1万,10万+,1.6万
22:23:32,16416,16.1万,10万+,1.6万
22:23:42,16351,16.2万,10万+,1.6万
22:23:54,16353,16.2万,10万+,1.6万
22:23:56,16382,16.2万,10万+,1.6万
22:23:58,16313,16.2万,10万+,1.6万
22:24:00,16375,16.3万,10万+,1.6万
22:24:02,16382,16.2万,10万+,1.6万
22:24:04,16313,16.2万,10万+,1.6万
22:24:12,16364,16.3万,10万+,1.6万
22:24:14,16364,16.3万,10万+,1.6万
22:24:18,16353,16.2万,10万+,1.6万
22:24:20,16357,16.3万,10万+,1.6万
22:24:22,16357,16.3万,10万+,1.6万
22:24:26,16336,16.3万,10万+,1.6万
22:24:28,16357,16.3万,10万+,1.6万
22:24:32,16358,16.3万,10万+,1.6万
22:24:34,16375,16.3万,10万+,1.6万
22:24:42,16336,16.3万,10万+,1.6万
22:24:44,16350,16.3万,10万+,1.6万
22:24:52,16382,16.2万,10万+,1.6万
22:24:58,16418,16.4万,10万+,1.6万
22:25:02,16358,16.4万,10万+,1.6万
22:25:04,16350,16.3万,10万+,1.6万
22:25:12,16337,16.3万,10万+,1.6万
22:25:14,16418,16.4万,10万+,1.6万
22:25:18,16483,16.4万,10万+,1.6万
22:25:26,16622,16.4万,10万+,1.7万
22:25:28,16358,16.4万,10万+,1.6万
22:25:32,16635,16.5万,10万+,1.7万
22:25:42,16483,16.4万,10万+,1.6万
22:25:54,16664,16.5万,10万+,1.7万
22:25:56,16610,16.5万,10万+,1.7万
22:25:58,16642,16.5万,10万+,1.7万
22:26:00,16657,16.5万,10万+,1.7万
22:26:02,16642,16.5万,10万+,1.7万
22:26:04,16657,16.5万,10万+,1.7万
22:26:12,16610,16.5万,10万+,1.7万
22:26:22,16502,16.6万,10万+,1.7万
22:26:28,16502,16.6万,10万+,1.7万
22:26:30,16442,16.6万,10万+,1.6万
22:26:34,16502,16.6万,10万+,1.7万
22:26:44,16502,16.6万,10万+,1.7万
22:26:54,16440,16.6万,10万+,1.6万
22:26:56,16451,16.7万,10万+,1.6万
22:26:58,16489,16.7万,10万+,1.6万
22:27:02,16451,16.7万,10万+,1.6万
22:27:04,16489,16.7万,10万+,1.6万
22:27:12,16450,16.6万,10万+,1.6万
22:27:23,16568,16.7万,10万+,1.7万
22:27:26,16519,16.7万,10万+,1.7万
22:27:28,16517,16.7万,10万+,1.7万
22:27:30,16635,16.8万,10万+,1.7万
22:27:32,16635,16.8万,10万+,1.7万
22:27:34,16568,16.7万,10万+,1.7万
22:27:36,16635,16.8万,10万+,1.7万
22:27:44,16756,16.8万,10万+,1.7万
22:27:46,16756,16.8万,10万+,1.7万
22:27:52,16756,16.8万,10万+,1.7万
22:27:54,16844,16.8万,10万+,1.7万
22:27:56,16517,16.7万,10万+,1.7万
22:27:58,16880,16.9万,10万+,1.7万
22:28:08,16831,16.8万,10万+,1.7万
22:28:18,17048,16.9万,10万+,1.7万
22:28:26,16985,16.9万,10万+,1.7万
22:28:29,17132,17.0万,10万+,1.7万
22:28:30,17132,17.0万,10万+,1.7万
22:28:35,17132,17.0万,10万+,1.7万
22:28:44,17048,16.9万,10万+,1.7万
22:28:48,17209,17.0万,10万+,1.7万
22:28:54,17132,17.0万,10万+,1.7万
22:28:56,17289,17.0万,10万+,1.7万
22:28:58,17289,17.0万,10万+,1.7万
22:29:00,17255,17.0万,10万+,1.7万
22:29:02,17289,17.0万,10万+,1.7万
22:29:04,17289,17.0万,10万+,1.7万
22:29:14,17289,17.0万,10万+,1.7万
22:29:22,17308,17.0万,10万+,1.7万
22:29:24,17255,17.0万,10万+,1.7万
22:29:26,17282,17.1万,10万+,1.7万
22:29:28,17282,17.1万,10万+,1.7万
22:29:30,17212,17.1万,10万+,1.7万
22:29:34,17167,17.1万,10万+,1.7万
22:29:45,17167,17.1万,10万+,1.7万
22:29:50,17200,17.1万,10万+,1.7万
22:29:52,17132,17.0万,10万+,1.7万
22:29:56,17200,17.1万,10万+,1.7万
22:29:58,17167,17.1万,10万+,1.7万
22:30:00,17194,17.2万,10万+,1.7万
22:30:04,17207,17.2万,10万+,1.7万
22:30:06,17207,17.2万,10万+,1.7万
22:30:14,17203,17.2万,10万+,1.7万
22:30:16,17230,17.2万,10万+,1.7万
22:30:18,17207,17.2万,10万+,1.7万
22:30:21,17230,17.2万,10万+,1.7万
22:30:24,17207,17.2万,10万+,1.7万
22:30:26,17207,17.2万,10万+,1.7万
22:30:28,17207,17.2万,10万+,1.7万
22:30:30,17226,17.3万,10万+,1.7万
22:30:32,17230,17.2万,10万+,1.7万
22:30:34,17279,17.3万,10万+,1.7万
22:30:36,17207,17.2万,10万+,1.7万
22:30:38,17226,17.3万,10万+,1.7万
22:30:40,17226,17.3万,10万+,1.7万
22:30:42,17279,17.3万,10万+,1.7万
22:30:44,17279,17.3万,10万+,1.7万
22:30:46,17207,17.2万,10万+,1.7万
22:30:48,17322,17.3万,10万+,1.7万
22:30:51,17347,17.3万,10万+,1.7万
22:30:54,17322,17.3万,10万+,1.7万
22:30:57,17279,17.3万,10万+,1.7万
22:30:58,17322,17.3万,10万+,1.7万
22:31:00,17393,17.3万,10万+,1.7万
22:31:04,17441,17.4万,10万+,1.7万
22:31:10,17393,17.3万,10万+,1.7万
22:31:12,17393,17.3万,10万+,1.7万
22:31:20,17393,17.3万,10万+,1.7万
22:31:28,17393,17.3万,10万+,1.7万
22:31:30,17367,17.4万,10万+,1.7万
22:31:34,17393,17.3万,10万+,1.7万
22:31:36,17367,17.4万,10万+,1.7万
22:31:40,16979,17.5万,10万+,1.7万
22:31:50,17081,17.5万,10万+,1.7万
22:31:52,17081,17.5万,10万+,1.7万
22:31:59,17231,17.4万,10万+,1.7万
22:32:01,16979,17.5万,10万+,1.7万
22:32:04,16886,17.5万,10万+,1.7万
22:32:15,16871,17.5万,10万+,1.7万
22:32:16,16871,17.5万,10万+,1.7万
22:32:18,16858,17.5万,10万+,1.7万
22:32:26,16871,17.5万,10万+,1.7万
22:32:28,16858,17.5万,10万+,1.7万
22:32:30,16872,17.6万,10万+,1.7万
22:32:32,16849,17.6万,10万+,1.7万
22:32:34,16849,17.6万,10万+,1.7万
22:32:38,16887,17.6万,10万+,1.7万
22:32:40,16871,17.5万,10万+,1.7万
22:32:42,16849,17.6万,10万+,1.7万
22:32:46,16849,17.6万,10万+,1.7万
22:32:48,16801,17.6万,10万+,1.7万
22:32:50,16826,17.6万,10万+,1.7万
22:32:56,16780,17.6万,10万+,1.7万
22:32:58,16826,17.6万,10万+,1.7万
22:33:00,16780,17.6万,10万+,1.7万
22:33:02,16780,17.6万,10万+,1.7万
22:33:06,16780,17.6万,10万+,1.7万
22:33:14,16801,17.7万,10万+,1.7万
22:33:16,16801,17.7万,10万+,1.7万
22:33:24,16801,17.7万,10万+,1.7万
22:33:26,16825,17.7万,10万+,1.7万
22:33:30,16801,17.7万,10万+,1.7万
22:33:32,16800,17.7万,10万+,1.7万
22:33:36,16801,17.7万,10万+,1.7万
22:33:42,16800,17.7万,10万+,1.7万
22:33:50,16857,17.7万,10万+,1.7万
22:33:58,16900,17.7万,10万+,1.7万
22:34:00,16800,17.7万,10万+,1.7万
22:34:04,16857,17.7万,10万+,1.7万
22:34:14,16970,17.8万,10万+,1.7万
22:34:20,17073,17.8万,10万+,1.7万
22:34:22,17004,17.8万,10万+,1.7万
22:34:26,17073,17.8万,10万+,1.7万
22:34:28,17004,17.8万,10万+,1.7万
22:34:30,17004,17.8万,10万+,1.7万
22:34:34,16970,17.8万,10万+,1.7万
22:34:40,17124,17.8万,10万+,1.7万
22:34:50,17073,17.8万,10万+,1.7万
22:34:56,17200,17.9万,10万+,1.7万
22:34:58,17308,17.9万,10万+,1.7万
22:35:00,17230,17.9万,10万+,1.7万
22:35:04,17268,17.9万,10万+,1.7万
22:35:06,17200,17.9万,10万+,1.7万
22:35:08,17341,17.9万,10万+,1.7万
22:35:10,17341,17.9万,10万+,1.7万
22:35:12,17401,18.0万,10万+,1.7万
22:35:20,17367,18.0万,10万+,1.7万
22:35:30,17474,18.0万,10万+,1.7万
22:35:36,17474,18.0万,10万+,1.7万
22:35:46,17636,18.1万,10万+,1.8万
22:35:56,17587,18.1万,10万+,1.8万
22:35:59,17474,18.0万,10万+,1.7万
22:36:00,17587,18.1万,10万+,1.8万
22:36:02,17861,18.1万,10万+,1.8万
22:36:06,17982,18.1万,10万+,1.8万
22:36:14,17982,18.1万,10万+,1.8万
22:36:16,17982,18.1万,10万+,1.8万
22:36:20,17982,18.1万,10万+,1.8万
22:36:26,18275,18.2万,10万+,1.8万
22:36:28,17982,18.1万,10万+,1.8万
22:36:30,18220,18.2万,10万+,1.8万
22:36:38,18220,18.2万,10万+,1.8万
22:36:40,18334,18.2万,10万+,1.8万
22:36:48,18334,18.2万,10万+,1.8万
22:36:58,18562,18.2万,10万+,1.9万
22:37:00,18519,18.2万,10万+,1.9万
22:37:04,18585,18.3万,10万+,1.9万
22:37:12,18519,18.2万,10万+,1.9万
22:37:20,18334,18.2万,10万+,1.8万
22:37:28,18585,18.3万,10万+,1.9万
22:37:30,18601,18.3万,10万+,1.9万
22:37:36,18601,18.3万,10万+,1.9万
22:37:42,18614,18.3万,10万+,1.9万
22:37:50,18678,18.4万,10万+,1.9万
22:37:56,18631,18.4万,10万+,1.9万
22:38:00,18614,18.3万,10万+,1.9万
22:38:02,18645,18.4万,10万+,1.9万
22:38:06,18787,18.5万,10万+,1.9万
22:38:08,18678,18.4万,10万+,1.9万
22:38:17,18653,18.4万,10万+,1.9万
22:38:28,18807,18.5万,10万+,1.9万
22:38:30,18807,18.5万,10万+,1.9万
22:38:34,18787,18.5万,10万+,1.9万
22:38:44,18807,18.5万,10万+,1.9万
22:38:50,18843,18.5万,10万+,1.9万
22:38:58,18974,18.6万,10万+,1.9万
22:39:00,19102,18.6万,10万+,1.9万
22:39:04,18974,18.6万,10万+,1.9万
22:39:10,18878,18.5万,10万+,1.9万
22:39:12,19178,18.6万,10万+,1.9万
22:39:20,19393,18.7万,10万+,1.9万
22:39:28,19393,18.7万,10万+,1.9万
22:39:30,19308,18.6万,10万+,1.9万
22:39:36,19178,18.6万,10万+,1.9万
22:39:42,19575,18.7万,10万+,2.0万
22:39:50,19716,18.7万,10万+,2.0万
22:39:56,19727,18.8万,10万+,2.0万
22:39:58,19405,18.7万,10万+,1.9万
22:40:00,19363,18.8万,10万+,1.9万
22:40:02,19727,18.8万,10万+,2.0万
22:40:04,19716,18.7万,10万+,2.0万
22:40:10,19642,18.7万,10万+,2.0万
22:40:22,19727,18.8万,10万+,2.0万
22:40:30,15703,18.8万,10万+,1.6万
22:40:32,15075,18.8万,10万+,1.5万
22:40:36,15075,18.8万,10万+,1.5万
22:40:46,15075,18.8万,10万+,1.5万
22:40:48,15075,18.8万,10万+,1.5万
22:40:58,14309,18.9万,10万+,1.4万
22:41:00,13524,18.9万,10万+,1.4万
22:41:02,13335,18.9万,10万+,1.3万
22:41:10,14309,18.9万,10万+,1.4万
22:41:12,13524,18.9万,10万+,1.4万
22:41:20,13524,18.9万,10万+,1.4万
22:41:30,13335,18.9万,10万+,1.3万
22:41:38,13284,18.9万,10万+,1.3万
22:41:46,13242,19.0万,10万+,1.3万
22:41:56,13210,19.0万,10万+,1.3万
22:41:58,13259,19.0万,10万+,1.3万
22:42:00,13269,18.9万,10万+,1.3万
22:42:04,13210,19.0万,10万+,1.3万
22:42:06,13210,19.0万,10万+,1.3万
22:42:10,13210,19.0万,10万+,1.3万
22:42:14,13243,19.0万,10万+,1.3万
22:42:24,13213,19.0万,10万+,1.3万
22:42:32,13258,19.1万,10万+,1.3万
22:42:36,13225,19.1万,10万+,1.3万
22:42:38,13258,19.1万,10万+,1.3万
22:42:46,13258,19.1万,10万+,1.3万
22:42:48,13224,19.1万,10万+,1.3万
22:42:54,13243,19.0万,10万+,1.3万
22:42:56,13305,19.1万,10万+,1.3万
22:43:00,13325,19.1万,10万+,1.3万
22:43:02,13274,19.1万,10万+,1.3万
22:43:04,13372,19.1万,10万+,1.3万
22:43:06,13385,19.2万,10万+,1.3万
22:43:08,13409,19.2万,10万+,1.3万
22:43:18,13372,19.1万,10万+,1.3万
22:43:20,13385,19.2万,10万+,1.3万
22:43:28,13372,19.1万,10万+,1.3万
22:43:32,13550,19.2万,10万+,1.4万
22:43:38,13409,19.2万,10万+,1.3万
22:43:48,13712,19.2万,10万+,1.4万
22:43:50,13712,19.2万,10万+,1.4万
22:43:59,13854,19.3万,10万+,1.4万
22:44:00,13854,19.3万,10万+,1.4万
22:44:02,13854,19.3万,10万+,1.4万
22:44:08,13973,19.3万,10万+,1.4万
22:44:14,13900,19.3万,10万+,1.4万
22:44:18,14130,19.4万,10万+,1.4万
22:44:20,14043,19.3万,10万+,1.4万
22:44:28,14130,19.4万,10万+,1.4万
22:44:32,14130,19.4万,10万+,1.4万
22:44:42,14130,19.4万,10万+,1.4万
22:44:52,14130,19.4万,10万+,1.4万
22:45:00,14355,19.4万,10万+,1.4万
22:45:02,14355,19.4万,10万+,1.4万
22:45:08,14400,19.4万,10万+,1.4万
22:45:16,14355,19.4万,10万+,1.4万
22:45:18,14434,19.5万,10万+,1.4万
22:45:26,14422,19.4万,10万+,1.4万
22:45:30,14481,19.5万,10万+,1.4万
22:45:33,14481,19.5万,10万+,1.4万
22:45:44,14591,19.5万,10万+,1.5万
22:45:52,14636,19.5万,10万+,1.5万
22:46:00,14687,19.6万,10万+,1.5万
22:46:02,14664,19.5万,10万+,1.5万
22:46:08,14715,19.6万,10万+,1.5万
22:46:18,14715,19.6万,10万+,1.5万
22:46:26,14830,19.6万,10万+,1.5万
22:46:28,14874,19.6万,10万+,1.5万
22:46:30,14830,19.6万,10万+,1.5万
22:46:32,14830,19.6万,10万+,1.5万
22:46:36,14907,19.7万,10万+,1.5万
22:46:38,14830,19.6万,10万+,1.5万
22:46:46,14907,19.7万,10万+,1.5万
22:46:56,14957,19.7万,10万+,1.5万
22:47:02,14955,19.7万,10万+,1.5万
22:47:08,14968,19.7万,10万+,1.5万
22:47:18,14978,19.7万,10万+,1.5万
22:47:20,14992,19.8万,10万+,1.5万
22:47:22,14992,19.8万,10万+,1.5万
22:47:28,14968,19.7万,10万+,1.5万
22:47:30,14978,19.7万,10万+,1.5万
22:47:32,14992,19.8万,10万+,1.5万
22:47:34,14950,19.8万,10万+,1.5万
22:47:42,14985,19.8万,10万+,1.5万
22:47:44,14950,19.8万,10万+,1.5万
22:47:46,15016,19.8万,10万+,1.5万
22:47:52,14993,19.8万,10万+,1.5万
22:48:00,14950,19.8万,10万+,1.5万
22:48:02,14993,19.8万,10万+,1.5万
22:48:06,14993,19.8万,10万+,1.5万
22:48:16,14985,19.8万,10万+,1.5万
22:48:18,14849,19.9万,10万+,1.5万
22:48:20,14685,19.9万,10万+,1.5万
22:48:26,14729,19.9万,10万+,1.5万
22:48:32,14614,19.9万,10万+,1.5万
22:48:38,14603,19.9万,10万+,1.5万
22:48:44,14603,19.9万,10万+,1.5万
22:48:46,14614,19.9万,10万+,1.5万
22:48:54,14638,20.0万,10万+,1.5万
22:48:58,14641,20.0万,10万+,1.5万
22:49:00,14672,20.0万,10万+,1.5万
22:49:02,14672,20.0万,10万+,1.5万
22:49:04,14638,20.0万,10万+,1.5万
22:49:08,14641,20.0万,10万+,1.5万
22:49:18,14696,20.0万,10万+,1.5万
22:49:28,14833,20.0万,10万+,1.5万
22:49:30,14748,20.0万,10万+,1.5万
22:49:32,14835,20.0万,10万+,1.5万
22:49:42,14696,20.0万,10万+,1.5万
22:49:46,14799,20.1万,10万+,1.5万
22:49:50,14696,20.0万,10万+,1.5万
22:50:02,14747,20.1万,10万+,1.5万
22:50:06,14617,20.1万,10万+,1.5万
22:50:16,14532,20.1万,10万+,1.5万
22:50:18,14630,20.1万,10万+,1.5万
22:50:27,14485,20.2万,10万+,1.4万
22:50:28,14617,20.1万,10万+,1.5万
22:50:30,14485,20.2万,10万+,1.4万
22:50:32,14430,20.2万,10万+,1.4万
22:50:36,14400,20.2万,10万+,1.4万
22:50:38,14527,20.1万,10万+,1.5万
22:50:46,14385,20.2万,10万+,1.4万
22:50:54,14385,20.2万,10万+,1.4万
22:51:02,14198,20.3万,10万+,1.4万
22:51:08,14252,20.2万,10万+,1.4万
22:51:14,14198,20.3万,10万+,1.4万
22:51:16,14309,20.2万,10万+,1.4万
22:51:24,14156,20.3万,10万+,1.4万
22:51:30,14174,20.3万,10万+,1.4万
22:51:32,14156,20.3万,10万+,1.4万
22:51:38,14174,20.3万,10万+,1.4万
22:51:42,14185,20.3万,10万+,1.4万
22:51:46,14185,20.3万,10万+,1.4万
22:51:52,14196,20.3万,10万+,1.4万
22:52:00,14196,20.3万,10万+,1.4万
22:52:02,14185,20.3万,10万+,1.4万
22:52:08,14188,20.3万,10万+,1.4万
22:52:18,14179,20.4万,10万+,1.4万
22:52:22,14179,20.4万,10万+,1.4万
22:52:30,14231,20.4万,10万+,1.4万
22:52:32,14179,20.3万,10万+,1.4万
22:52:36,14224,20.4万,10万+,1.4万
22:52:38,14232,20.4万,10万+,1.4万
22:52:46,14217,20.4万,10万+,1.4万
22:52:58,14392,20.5万,10万+,1.4万
22:53:00,14282,20.4万,10万+,1.4万
22:53:02,14392,20.5万,10万+,1.4万
22:53:06,14392,20.5万,10万+,1.4万
22:53:08,14415,20.5万,10万+,1.4万
22:53:18,14432,20.5万,10万+,1.4万
22:53:27,14479,20.5万,10万+,1.4万
22:53:30,14546,20.6万,10万+,1.5万
22:53:32,14454,20.5万,10万+,1.4万
22:53:36,14616,20.6万,10万+,1.5万
22:53:38,14479,20.5万,10万+,1.4万
22:53:46,14623,20.6万,10万+,1.5万
22:53:56,14616,20.6万,10万+,1.5万
22:54:00,14616,20.6万,10万+,1.5万
22:54:02,14665,20.6万,10万+,1.5万
22:54:06,14695,20.6万,10万+,1.5万
22:54:08,14623,20.6万,10万+,1.5万
22:54:16,14651,20.6万,10万+,1.5万
22:54:18,14695,20.6万,10万+,1.5万
22:54:26,14695,20.6万,10万+,1.5万
22:54:28,14756,20.7万,10万+,1.5万
22:54:30,14734,20.6万,10万+,1.5万
22:54:32,14734,20.6万,10万+,1.5万
22:54:38,14756,20.7万,10万+,1.5万
22:54:48,14932,20.7万,10万+,1.5万
22:54:58,14849,20.7万,10万+,1.5万
22:55:00,14808,20.7万,10万+,1.5万
22:55:03,15045,20.7万,10万+,1.5万
22:55:04,14979,20.7万,10万+,1.5万
22:55:08,15086,20.7万,10万+,1.5万
22:55:16,15014,20.7万,10万+,1.5万
22:55:22,15134,20.8万,10万+,1.5万
22:55:30,15190,20.8万,10万+,1.5万
22:55:32,15220,20.8万,10万+,1.5万
22:55:36,15190,20.8万,10万+,1.5万
22:55:38,15216,20.8万,10万+,1.5万
22:55:42,15134,20.8万,10万+,1.5万
22:55:52,15216,20.8万,10万+,1.5万
22:55:58,15269,20.8万,10万+,1.5万
22:56:00,15269,20.8万,10万+,1.5万
22:56:02,15269,20.8万,10万+,1.5万
22:56:06,15380,20.9万,10万+,1.5万
22:56:08,15345,20.9万,10万+,1.5万
22:56:16,15451,20.9万,10万+,1.5万
22:56:24,15511,20.9万,10万+,1.6万
22:56:26,15511,20.9万,10万+,1.6万
22:56:31,15550,20.9万,10万+,1.6万
22:56:32,15380,20.9万,10万+,1.5万
22:56:36,15345,20.9万,10万+,1.5万
22:56:42,15511,20.9万,10万+,1.6万
22:56:52,15668,21.0万,10万+,1.6万
22:57:02,15789,21.0万,10万+,1.6万
22:57:08,15789,21.0万,10万+,1.6万
22:57:16,16055,21.0万,10万+,1.6万
22:57:26,16055,21.0万,10万+,1.6万
22:57:30,16163,21.1万,10万+,1.6万
22:57:32,16163,21.1万,10万+,1.6万
22:57:38,16277,21.1万,10万+,1.6万
22:57:49,16347,21.1万,10万+,1.6万
22:57:58,16309,21.1万,10万+,1.6万
22:58:00,16358,21.1万,10万+,1.6万
22:58:02,16347,21.1万,10万+,1.6万
22:58:08,16322,21.1万,10万+,1.6万
22:58:16,16389,21.2万,10万+,1.6万
22:58:18,16389,21.2万,10万+,1.6万
22:58:26,16389,21.2万,10万+,1.6万
22:58:32,16389,21.2万,10万+,1.6万
22:58:38,16463,21.2万,10万+,1.6万
22:58:44,16463,21.2万,10万+,1.6万
22:58:54,16444,21.2万,10万+,1.6万
22:59:00,16579,21.3万,10万+,1.7万
22:59:02,16579,21.3万,10万+,1.7万
22:59:06,16498,21.2万,10万+,1.6万
22:59:16,16643,21.3万,10万+,1.7万
22:59:26,16684,21.3万,10万+,1.7万
22:59:28,16646,21.3万,10万+,1.7万
22:59:30,16687,21.3万,10万+,1.7万
22:59:32,16646,21.3万,10万+,1.7万
22:59:34,16684,21.3万,10万+,1.7万
22:59:36,16690,21.3万,10万+,1.7万
22:59:46,16646,21.3万,10万+,1.7万
22:59:56,16468,21.4万,10万+,1.6万
23:00:02,16468,21.4万,10万+,1.6万
23:00:08,16444,21.4万,10万+,1.6万
23:00:10,16444,21.4万,10万+,1.6万
23:00:12,16537,21.4万,10万+,1.7万
23:00:18,16537,21.4万,10万+,1.7万
23:00:28,16397,21.4万,10万+,1.6万
23:00:30,16440,21.4万,10万+,1.6万
23:00:32,16537,21.4万,10万+,1.7万
23:00:36,16274,21.5万,10万+,1.6万
23:00:38,16377,21.4万,10万+,1.6万
23:00:42,16377,21.4万,10万+,1.6万
23:00:46,16377,21.4万,10万+,1.6万
23:00:48,16151,21.5万,10万+,1.6万
23:00:50,16274,21.5万,10万+,1.6万
23:00:58,16111,21.5万,10万+,1.6万
23:01:00,16151,21.5万,10万+,1.6万
23:01:02,16086,21.5万,10万+,1.6万
23:01:04,16086,21.5万,10万+,1.6万
23:01:10,16111,21.5万,10万+,1.6万
23:01:12,16086,21.5万,10万+,1.6万
23:01:16,16141,21.5万,10万+,1.6万
23:01:18,16086,21.5万,10万+,1.6万
23:01:20,16115,21.5万,10万+,1.6万
23:01:22,16062,21.5万,10万+,1.6万
23:01:28,16138,21.6万,10万+,1.6万
23:01:32,16115,21.5万,10万+,1.6万
23:01:38,16160,21.6万,10万+,1.6万
23:01:40,16158,21.6万,10万+,1.6万
23:01:48,16156,21.6万,10万+,1.6万
23:01:58,16142,21.6万,10万+,1.6万
23:02:00,16124,21.6万,10万+,1.6万
23:02:02,16142,21.6万,10万+,1.6万
23:02:08,16156,21.6万,10万+,1.6万
23:02:26,16034,21.7万,10万+,1.6万
23:02:30,16039,21.7万,10万+,1.6万
23:02:32,16039,21.7万,10万+,1.6万
23:02:39,16030,21.7万,10万+,1.6万
23:02:40,16112,21.7万,10万+,1.6万
23:02:49,16030,21.7万,10万+,1.6万
23:02:54,16014,21.7万,10万+,1.6万
23:02:56,16003,21.7万,10万+,1.6万
23:03:00,16013,21.7万,10万+,1.6万
23:03:02,16013,21.7万,10万+,1.6万
23:03:04,16013,21.7万,10万+,1.6万
23:03:08,16026,21.8万,10万+,1.6万
23:03:18,16026,21.8万,10万+,1.6万
23:03:28,16061,21.8万,10万+,1.6万
23:03:30,16013,21.7万,10万+,1.6万
23:03:32,16003,21.7万,10万+,1.6万
23:03:36,16043,21.8万,10万+,1.6万
23:03:46,16143,21.8万,10万+,1.6万
23:03:56,16236,21.9万,10万+,1.6万
23:03:58,16143,21.8万,10万+,1.6万
23:04:00,16236,21.9万,10万+,1.6万
23:04:02,16236,21.9万,10万+,1.6万
23:04:08,16143,21.8万,10万+,1.6万
23:04:16,16143,21.8万,10万+,1.6万
23:04:22,16303,21.9万,10万+,1.6万
23:04:30,16285,21.9万,10万+,1.6万
23:04:32,16320,21.9万,10万+,1.6万
23:04:34,16304,21.9万,10万+,1.6万
23:04:36,16404,21.9万,10万+,1.6万
23:04:46,16461,22.0万,10万+,1.6万
23:04:56,16564,22.0万,10万+,1.7万
23:04:58,16483,22.0万,10万+,1.6万
23:05:00,16483,22.0万,10万+,1.6万
23:05:02,16656,22.0万,10万+,1.7万
23:05:04,16404,21.9万,10万+,1.6万
23:05:06,16483,22.0万,10万+,1.6万
23:05:08,16656,22.0万,10万+,1.7万
23:05:12,16524,22.0万,10万+,1.7万
23:05:16,16751,22.0万,10万+,1.7万
23:05:18,16524,22.0万,10万+,1.7万
23:05:20,16656,22.0万,10万+,1.7万
23:05:22,16751,22.0万,10万+,1.7万
23:05:24,16656,22.0万,10万+,1.7万
23:05:30,16844,22.1万,10万+,1.7万
23:05:32,16862,22.1万,10万+,1.7万
23:05:38,16862,22.1万,10万+,1.7万
23:05:49,16924,22.1万,10万+,1.7万
23:05:56,16862,22.1万,10万+,1.7万
23:05:58,17036,22.1万,10万+,1.7万
23:06:00,17016,22.1万,10万+,1.7万
23:06:02,17107,22.2万,10万+,1.7万
23:06:12,17036,22.1万,10万+,1.7万
23:06:20,17120,22.2万,10万+,1.7万
23:06:22,17107,22.2万,10万+,1.7万
23:06:24,17107,22.2万,10万+,1.7万
23:06:30,17224,22.2万,10万+,1.7万
23:06:32,17224,22.2万,10万+,1.7万
23:06:36,17224,22.2万,10万+,1.7万
23:06:38,17178,22.2万,10万+,1.7万
23:06:42,17224,22.2万,10万+,1.7万
23:06:48,17356,22.2万,10万+,1.7万
23:06:58,17333,22.2万,10万+,1.7万
23:07:00,17410,22.2万,10万+,1.7万
23:07:02,17629,22.3万,10万+,1.8万
23:07:04,17426,22.2万,10万+,1.7万
23:07:12,17629,22.3万,10万+,1.8万
23:07:22,17789,22.3万,10万+,1.8万
23:07:30,18146,22.4万,10万+,1.8万
23:07:32,17957,22.3万,10万+,1.8万
23:07:34,17957,22.3万,10万+,1.8万
23:07:42,17957,22.3万,10万+,1.8万
23:07:44,18146,22.4万,10万+,1.8万
23:07:52,18065,22.3万,10万+,1.8万
23:08:02,18463,22.4万,10万+,1.8万
23:08:08,18635,22.4万,10万+,1.9万
23:08:10,18065,22.3万,10万+,1.8万
23:08:18,18635,22.4万,10万+,1.9万
23:08:28,18774,22.5万,10万+,1.9万
23:08:30,18739,22.5万,10万+,1.9万
23:08:32,18526,22.4万,10万+,1.9万
23:08:34,18739,22.5万,10万+,1.9万
23:08:38,18784,22.5万,10万+,1.9万
23:08:42,18784,22.5万,10万+,1.9万
23:08:44,18772,22.5万,10万+,1.9万
23:08:52,18739,22.5万,10万+,1.9万
23:09:00,18877,22.6万,10万+,1.9万
23:09:02,18877,22.6万,10万+,1.9万
23:09:04,18816,22.5万,10万+,1.9万
23:09:06,18877,22.6万,10万+,1.9万
23:09:08,18932,22.6万,10万+,1.9万
23:09:18,18932,22.6万,10万+,1.9万
23:09:22,18859,22.6万,10万+,1.9万
23:09:30,18976,22.6万,10万+,1.9万
23:09:32,19060,22.6万,10万+,1.9万
23:09:36,19256,22.7万,10万+,1.9万
23:09:48,19256,22.7万,10万+,1.9万
23:09:56,19503,22.7万,10万+,2.0万
23:09:58,19403,22.7万,10万+,1.9万
23:10:00,19060,22.6万,10万+,1.9万
23:10:02,19403,22.7万,10万+,1.9万
23:10:04,19060,22.6万,10万+,1.9万
23:10:08,19540,22.7万,10万+,2.0万
23:10:18,19403,22.7万,10万+,1.9万
23:10:28,19678,22.8万,10万+,2.0万
23:10:31,19540,22.7万,10万+,2.0万
23:10:32,19823,22.8万,10万+,2.0万
23:10:34,19823,22.8万,10万+,2.0万
23:10:36,19724,22.8万,10万+,2.0万
23:10:38,19761,22.8万,10万+,2.0万
23:10:48,19823,22.8万,10万+,2.0万
23:10:58,20081,22.9万,10万+,2.0万
23:11:02,19987,22.8万,10万+,2.0万
23:11:04,19926,22.8万,10万+,2.0万
23:11:08,19823,22.8万,10万+,2.0万
23:11:12,19987,22.8万,10万+,2.0万
23:11:14,20081,22.9万,10万+,2.0万
23:11:22,20527,22.9万,10万+,2.1万
23:11:30,20170,22.9万,10万+,2.0万
23:11:32,20273,22.9万,10万+,2.0万
23:11:36,20299,22.9万,10万+,2.0万
23:11:46,20584,23.0万,10万+,2.1万
23:11:48,20696,22.9万,10万+,2.1万
23:11:56,20308,23.0万,10万+,2.0万
23:12:00,20584,23.0万,10万+,2.1万
23:12:02,20308,23.0万,10万+,2.0万
23:12:08,18460,23.0万,10万+,1.8万
23:12:10,19738,23.0万,10万+,2.0万
23:12:12,19738,23.0万,10万+,2.0万
23:12:20,17627,23.0万,10万+,1.8万
23:12:28,16765,23.0万,10万+,1.7万
23:12:30,17627,23.0万,10万+,1.8万
23:12:32,16034,23.0万,10万+,1.6万
23:12:34,15355,23.0万,10万+,1.5万
23:12:38,15355,23.0万,10万+,1.5万
23:12:46,14844,23.0万,10万+,1.5万
23:12:56,14150,23.0万,10万+,1.4万
23:13:00,13645,23.1万,10万+,1.4万
23:13:02,13417,23.1万,10万+,1.3万
23:13:06,13530,23.1万,10万+,1.4万
23:13:08,13417,23.1万,10万+,1.3万
23:13:10,13417,23.1万,10万+,1.3万
23:13:16,13208,23.1万,10万+,1.3万
23:13:18,13146,23.1万,10万+,1.3万
23:13:26,13075,23.1万,10万+,1.3万
23:13:28,13146,23.1万,10万+,1.3万
23:13:30,13056,23.1万,10万+,1.3万
23:13:32,13075,23.1万,10万+,1.3万
23:13:42,13146,23.1万,10万+,1.3万
23:13:45,13056,23.1万,10万+,1.3万
23:13:46,13057,23.2万,10万+,1.3万
23:13:49,13056,23.1万,10万+,1.3万
23:13:52,13056,23.1万,10万+,1.3万
23:13:58,13056,23.1万,10万+,1.3万
23:14:00,13034,23.2万,10万+,1.3万
23:14:06,13007,23.2万,10万+,1.3万
23:14:10,13007,23.2万,10万+,1.3万
23:14:12,13144,23.2万,10万+,1.3万
23:14:18,13181,23.2万,10万+,1.3万
23:14:26,13181,23.2万,10万+,1.3万
23:14:30,13198,23.2万,10万+,1.3万
23:14:32,13197,23.2万,10万+,1.3万
23:14:42,13198,23.2万,10万+,1.3万
23:14:44,13248,23.3万,10万+,1.3万
23:14:52,13248,23.3万,10万+,1.3万
23:15:00,13282,23.3万,10万+,1.3万
23:15:02,13282,23.3万,10万+,1.3万
23:15:06,13282,23.3万,10万+,1.3万
23:15:16,13337,23.3万,10万+,1.3万
23:15:22,13455,23.3万,10万+,1.3万
23:15:28,13478,23.3万,10万+,1.3万
23:15:30,13478,23.3万,10万+,1.3万
23:15:32,13531,23.3万,10万+,1.4万
23:15:42,13478,23.3万,10万+,1.3万
23:15:48,13574,23.4万,10万+,1.4万
23:15:52,13636,23.4万,10万+,1.4万
23:16:00,13574,23.4万,10万+,1.4万
23:16:02,13699,23.4万,10万+,1.4万
23:16:08,13699,23.4万,10万+,1.4万
23:16:16,13778,23.4万,10万+,1.4万
23:16:22,13778,23.4万,10万+,1.4万
23:16:26,13963,23.5万,10万+,1.4万
23:16:30,13778,23.4万,10万+,1.4万
23:16:32,13963,23.5万,10万+,1.4万
23:16:36,13906,23.4万,10万+,1.4万
23:16:46,14155,23.5万,10万+,1.4万
23:16:48,14073,23.5万,10万+,1.4万
23:16:50,13963,23.5万,10万+,1.4万
23:16:56,14155,23.5万,10万+,1.4万
23:17:00,14155,23.5万,10万+,1.4万
23:17:02,14175,23.5万,10万+,1.4万
23:17:04,14296,23.5万,10万+,1.4万
23:17:10,14296,23.5万,10万+,1.4万
23:17:12,14234,23.5万,10万+,1.4万
23:17:18,14155,23.5万,10万+,1.4万
23:17:26,14375,23.6万,10万+,1.4万
23:17:30,14600,23.6万,10万+,1.5万
23:17:32,14484,23.6万,10万+,1.4万
23:17:34,14296,23.5万,10万+,1.4万
23:17:36,14484,23.6万,10万+,1.4万
23:17:38,14484,23.6万,10万+,1.4万
23:17:48,14484,23.6万,10万+,1.4万
23:17:50,14682,23.6万,10万+,1.5万
23:17:58,14758,23.6万,10万+,1.5万
23:18:00,14718,23.6万,10万+,1.5万
23:18:02,14758,23.6万,10万+,1.5万
23:18:06,14718,23.6万,10万+,1.5万
23:18:16,14758,23.6万,10万+,1.5万
23:18:26,14827,23.7万,10万+,1.5万
23:18:30,14841,23.7万,10万+,1.5万
23:18:32,14869,23.7万,10万+,1.5万
23:18:36,14830,23.7万,10万+,1.5万
23:18:46,14830,23.7万,10万+,1.5万
23:18:48,14912,23.7万,10万+,1.5万
23:18:56,14912,23.7万,10万+,1.5万
23:19:00,15002,23.8万,10万+,1.5万
23:19:02,15103,23.8万,10万+,1.5万
23:19:12,15149,23.8万,10万+,1.5万
23:19:18,15171,23.8万,10万+,1.5万
23:19:26,15115,23.8万,10万+,1.5万
23:19:30,15168,23.8万,10万+,1.5万
23:19:32,15115,23.8万,10万+,1.5万
23:19:38,15171,23.8万,10万+,1.5万
23:19:40,15115,23.8万,10万+,1.5万
23:19:48,15045,23.9万,10万+,1.5万
23:19:58,15045,23.9万,10万+,1.5万
23:20:00,15043,23.9万,10万+,1.5万
23:20:02,15045,23.9万,10万+,1.5万
23:20:10,15045,23.9万,10万+,1.5万
23:20:12,15061,23.9万,10万+,1.5万
23:20:20,15052,23.9万,10万+,1.5万
23:20:30,15101,23.9万,10万+,1.5万
23:20:32,15133,23.9万,10万+,1.5万
23:20:34,15101,23.9万,10万+,1.5万
23:20:42,15131,24.0万,10万+,1.5万
23:20:44,15131,24.0万,10万+,1.5万
23:20:48,15131,24.0万,10万+,1.5万
23:20:50,15127,23.9万,10万+,1.5万
23:20:58,15133,24.0万,10万+,1.5万
23:21:00,15131,24.0万,10万+,1.5万
23:21:02,15133,24.0万,10万+,1.5万
23:21:10,15164,24.0万,10万+,1.5万
23:21:12,15131,24.0万,10万+,1.5万
23:21:16,15131,24.0万,10万+,1.5万
23:21:20,15139,24.0万,10万+,1.5万
23:21:30,15136,24.0万,10万+,1.5万
23:21:32,15144,24.0万,10万+,1.5万
23:21:38,15139,24.0万,10万+,1.5万
23:21:48,15139,24.0万,10万+,1.5万
23:21:58,15172,24.1万,10万+,1.5万
23:22:02,15172,24.1万,10万+,1.5万
23:22:08,15172,24.1万,10万+,1.5万
23:22:10,15172,24.1万,10万+,1.5万
23:22:18,15109,24.1万,10万+,1.5万
23:22:20,15172,24.1万,10万+,1.5万
23:22:28,15172,24.1万,10万+,1.5万
23:22:30,15119,24.1万,10万+,1.5万
23:22:33,15119,24.1万,10万+,1.5万
23:22:35,15124,24.1万,10万+,1.5万
23:22:36,15124,24.1万,10万+,1.5万
23:22:38,15119,24.1万,10万+,1.5万
23:22:48,15219,24.2万,10万+,1.5万
23:23:00,15266,24.2万,10万+,1.5万
23:23:02,15219,24.2万,10万+,1.5万
23:23:06,15296,24.2万,10万+,1.5万
23:23:16,15296,24.2万,10万+,1.5万
23:23:18,15340,24.2万,10万+,1.5万
23:23:26,15333,24.2万,10万+,1.5万
23:23:32,15333,24.2万,10万+,1.5万
23:23:38,15328,24.3万,10万+,1.5万
23:23:56,15305,24.3万,10万+,1.5万
23:24:00,15309,24.3万,10万+,1.5万
23:24:02,15309,24.3万,10万+,1.5万
23:24:04,15317,24.3万,10万+,1.5万
23:24:08,15317,24.3万,10万+,1.5万
23:24:18,15294,24.3万,10万+,1.5万
23:24:28,15339,24.3万,10万+,1.5万
23:24:30,15345,24.3万,10万+,1.5万
23:24:32,15326,24.3万,10万+,1.5万
23:24:38,15339,24.3万,10万+,1.5万
23:24:40,15309,24.4万,10万+,1.5万
23:24:48,15320,24.4万,10万+,1.5万
23:24:58,15339,24.3万,10万+,1.5万
23:25:00,15329,24.4万,10万+,1.5万
23:25:02,15322,24.4万,10万+,1.5万
23:25:08,15381,24.4万,10万+,1.5万
23:25:10,15415,24.4万,10万+,1.5万
23:25:12,15322,24.4万,10万+,1.5万
23:25:18,15415,24.4万,10万+,1.5万
23:25:20,15329,24.4万,10万+,1.5万
23:25:28,15519,24.5万,10万+,1.6万
23:25:30,15519,24.5万,10万+,1.6万
23:25:32,15415,24.4万,10万+,1.5万
23:25:36,15486,24.4万,10万+,1.5万
23:25:44,15519,24.5万,10万+,1.6万
23:25:52,15586,24.5万,10万+,1.6万
23:25:54,15608,24.5万,10万+,1.6万
23:26:00,15615,24.5万,10万+,1.6万
23:26:02,15631,24.5万,10万+,1.6万
23:26:04,15562,24.5万,10万+,1.6万
23:26:06,15616,24.5万,10万+,1.6万
23:26:08,15654,24.5万,10万+,1.6万
23:26:18,15631,24.5万,10万+,1.6万
23:26:26,15659,24.5万,10万+,1.6万
23:26:30,15659,24.5万,10万+,1.6万
23:26:32,15821,24.6万,10万+,1.6万
23:26:40,15821,24.6万,10万+,1.6万
23:26:42,15860,24.6万,10万+,1.6万
23:26:48,15860,24.6万,10万+,1.6万
23:26:50,15737,24.6万,10万+,1.6万
23:26:52,15737,24.6万,10万+,1.6万
23:26:56,15871,24.6万,10万+,1.6万
23:27:00,15871,24.6万,10万+,1.6万
23:27:02,15912,24.6万,10万+,1.6万
23:27:04,15897,24.6万,10万+,1.6万
23:27:08,15932,24.6万,10万+,1.6万
23:27:18,15871,24.6万,10万+,1.6万
23:27:28,16001,24.7万,10万+,1.6万
23:27:30,15911,24.6万,10万+,1.6万
23:27:32,16001,24.7万,10万+,1.6万
23:27:36,16001,24.7万,10万+,1.6万
23:27:38,15932,24.6万,10万+,1.6万
23:27:46,16154,24.7万,10万+,1.6万
23:27:56,16103,24.7万,10万+,1.6万
23:28:00,16198,24.7万,10万+,1.6万
23:28:03,16224,24.7万,10万+,1.6万
23:28:08,16154,24.7万,10万+,1.6万
23:28:18,16244,24.7万,10万+,1.6万
23:28:20,16224,24.7万,10万+,1.6万
23:28:28,16200,24.8万,10万+,1.6万
23:28:30,16240,24.8万,10万+,1.6万
23:28:32,16209,24.8万,10万+,1.6万
23:28:34,16209,24.8万,10万+,1.6万
23:28:36,16240,24.8万,10万+,1.6万
23:28:40,16240,24.8万,10万+,1.6万
23:28:46,16096,24.8万,10万+,1.6万
23:28:48,16209,24.8万,10万+,1.6万
23:28:54,16096,24.8万,10万+,1.6万
23:28:56,16155,24.8万,10万+,1.6万
23:29:00,16155,24.8万,10万+,1.6万
23:29:02,16069,24.9万,10万+,1.6万
23:29:06,16199,24.8万,10万+,1.6万
23:29:16,16112,24.9万,10万+,1.6万
23:29:26,16167,24.9万,10万+,1.6万
23:29:28,16112,24.9万,10万+,1.6万
23:29:30,16112,24.9万,10万+,1.6万
23:29:32,16167,24.9万,10万+,1.6万
23:29:38,16237,24.9万,10万+,1.6万
23:29:46,16253,24.9万,10万+,1.6万
23:29:56,16341,25.0万,10万+,1.6万
23:30:00,16341,25.0万,10万+,1.6万
23:30:02,16341,25.0万,10万+,1.6万
23:30:06,16377,25.0万,10万+,1.6万
23:30:12,16341,25.0万,10万+,1.6万
23:30:14,16416,25.0万,10万+,1.6万
23:30:22,16400,25.0万,10万+,1.6万
23:30:30,16519,25.0万,10万+,1.7万
23:30:32,16491,25.0万,10万+,1.6万
23:30:38,16491,25.0万,10万+,1.6万
23:30:48,16617,25.1万,10万+,1.7万
23:30:56,16704,25.1万,10万+,1.7万
23:31:00,16704,25.1万,10万+,1.7万
23:31:02,16704,25.1万,10万+,1.7万
23:31:08,16671,25.1万,10万+,1.7万
23:31:16,16756,25.1万,10万+,1.7万
23:31:24,16704,25.1万,10万+,1.7万
23:31:28,16756,25.1万,10万+,1.7万
23:31:30,16813,25.1万,10万+,1.7万
23:31:32,16671,25.1万,10万+,1.7万
23:31:38,16851,25.2万,10万+,1.7万
23:31:48,16966,25.2万,10万+,1.7万
23:31:50,16998,25.2万,10万+,1.7万
23:31:58,16941,25.2万,10万+,1.7万
23:32:00,16966,25.2万,10万+,1.7万
23:32:02,16998,25.2万,10万+,1.7万
23:32:06,17061,25.2万,10万+,1.7万
23:32:16,17186,25.3万,10万+,1.7万
23:32:18,17139,25.3万,10万+,1.7万
23:32:27,17226,25.3万,10万+,1.7万
23:32:28,17338,25.3万,10万+,1.7万
23:32:30,17264,25.3万,10万+,1.7万
23:32:38,17338,25.3万,10万+,1.7万
23:32:42,17335,25.3万,10万+,1.7万
23:32:46,17335,25.3万,10万+,1.7万
23:32:56,17314,25.3万,10万+,1.7万
23:33:00,17283,25.4万,10万+,1.7万
23:33:02,17306,25.3万,10万+,1.7万
23:33:12,17329,25.4万,10万+,1.7万
23:33:22,17308,25.4万,10万+,1.7万
23:33:24,17290,25.4万,10万+,1.7万
23:33:30,17364,25.4万,10万+,1.7万
23:33:32,17352,25.4万,10万+,1.7万
23:33:36,17445,25.4万,10万+,1.7万
23:33:48,17463,25.4万,10万+,1.7万
23:33:50,17468,25.4万,10万+,1.7万
23:33:56,17463,25.4万,10万+,1.7万
23:34:02,17468,25.4万,10万+,1.7万
23:34:08,17339,25.5万,10万+,1.7万
23:34:10,17468,25.4万,10万+,1.7万
23:34:12,17339,25.5万,10万+,1.7万
23:34:22,17172,25.5万,10万+,1.7万
23:34:30,17172,25.5万,10万+,1.7万
23:34:32,17172,25.5万,10万+,1.7万
23:34:36,17172,25.5万,10万+,1.7万
23:34:40,17162,25.5万,10万+,1.7万
23:34:50,17165,25.5万,10万+,1.7万
23:35:00,17167,25.6万,10万+,1.7万
23:35:02,17185,25.6万,10万+,1.7万
23:35:06,17167,25.6万,10万+,1.7万
23:35:12,17208,25.6万,10万+,1.7万
23:35:20,17208,25.6万,10万+,1.7万
23:35:22,17247,25.6万,10万+,1.7万
23:35:30,17208,25.6万,10万+,1.7万
23:35:32,17247,25.6万,10万+,1.7万
23:35:36,17329,25.7万,10万+,1.7万
23:35:46,17376,25.7万,10万+,1.7万
23:35:57,17376,25.7万,10万+,1.7万
23:36:00,17456,25.7万,10万+,1.7万
23:36:02,17492,25.7万,10万+,1.7万
23:36:06,17554,25.7万,10万+,1.8万
23:36:08,17611,25.7万,10万+,1.8万
23:36:16,17618,25.7万,10万+,1.8万
23:36:26,17764,25.8万,10万+,1.8万
23:36:30,17689,25.7万,10万+,1.8万
23:36:32,17764,25.8万,10万+,1.8万
23:36:38,17717,25.8万,10万+,1.8万
23:36:46,17689,25.7万,10万+,1.8万
23:36:56,17790,25.8万,10万+,1.8万
23:37:00,17764,25.8万,10万+,1.8万
23:37:02,17790,25.8万,10万+,1.8万
23:37:04,17798,25.8万,10万+,1.8万
23:37:10,17790,25.8万,10万+,1.8万
23:37:16,17792,25.9万,10万+,1.8万
23:37:20,17770,25.8万,10万+,1.8万
23:37:22,17791,25.9万,10万+,1.8万
23:37:30,17778,25.9万,10万+,1.8万
23:37:32,17791,25.9万,10万+,1.8万
23:37:40,17815,25.9万,10万+,1.8万
23:37:42,17825,25.9万,10万+,1.8万
23:37:50,17787,25.9万,10万+,1.8万
23:38:00,17815,25.9万,10万+,1.8万
23:38:02,17767,25.9万,10万+,1.8万
23:38:06,17773,26.0万,10万+,1.8万
23:38:08,17767,25.9万,10万+,1.8万
23:38:18,17815,25.9万,10万+,1.8万
23:38:26,17773,26.0万,10万+,1.8万
23:38:30,17782,26.0万,10万+,1.8万
23:38:32,17773,26.0万,10万+,1.8万
23:38:38,17829,26.0万,10万+,1.8万
23:38:46,17866,26.0万,10万+,1.8万
23:38:48,17866,26.0万,10万+,1.8万
23:38:52,17980,26.0万,10万+,1.8万
23:39:02,18096,26.1万,10万+,1.8万
23:39:08,18149,26.1万,10万+,1.8万
23:39:14,18149,26.1万,10万+,1.8万
23:39:20,18149,26.1万,10万+,1.8万
23:39:22,18164,26.1万,10万+,1.8万
23:39:24,18170,26.1万,10万+,1.8万
23:39:30,18114,26.1万,10万+,1.8万
23:39:32,18114,26.1万,10万+,1.8万
23:39:34,18114,26.1万,10万+,1.8万
23:39:38,18068,26.1万,10万+,1.8万
23:39:42,18060,26.2万,10万+,1.8万
23:39:52,18060,26.2万,10万+,1.8万
23:40:00,18050,26.2万,10万+,1.8万
23:40:02,18093,26.1万,10万+,1.8万
23:40:08,18068,26.1万,10万+,1.8万
23:40:16,18067,26.2万,10万+,1.8万
23:40:27,18108,26.2万,10万+,1.8万
23:40:28,18067,26.2万,10万+,1.8万
23:40:30,18049,26.2万,10万+,1.8万
23:40:32,18090,26.2万,10万+,1.8万
23:40:42,18108,26.2万,10万+,1.8万
23:40:52,18174,26.3万,10万+,1.8万
23:41:00,18287,26.3万,10万+,1.8万
23:41:02,18256,26.3万,10万+,1.8万
23:41:06,18218,26.3万,10万+,1.8万
23:41:10,18398,26.3万,10万+,1.8万
23:41:12,18342,26.3万,10万+,1.8万
23:41:20,18433,26.3万,10万+,1.8万
23:41:22,18419,26.3万,10万+,1.8万
23:41:32,18562,26.4万,10万+,1.9万
23:41:36,18562,26.4万,10万+,1.9万
23:41:42,18433,26.3万,10万+,1.8万
23:41:52,18488,26.4万,10万+,1.8万
23:41:56,18719,26.4万,10万+,1.9万
23:41:58,18674,26.4万,10万+,1.9万
23:42:00,18585,26.4万,10万+,1.9万
23:42:02,18674,26.4万,10万+,1.9万
23:42:06,18650,26.4万,10万+,1.9万
23:42:12,18674,26.4万,10万+,1.9万
23:42:16,18719,26.4万,10万+,1.9万
23:42:18,18854,26.5万,10万+,1.9万
23:42:26,18776,26.4万,10万+,1.9万
23:42:30,18650,26.4万,10万+,1.9万
23:42:32,18872,26.5万,10万+,1.9万
23:42:38,18912,26.5万,10万+,1.9万
23:42:44,18924,26.5万,10万+,1.9万
23:42:46,18912,26.5万,10万+,1.9万
23:42:56,18962,26.5万,10万+,1.9万
23:43:02,18962,26.5万,10万+,1.9万
23:43:06,18947,26.5万,10万+,1.9万
23:43:12,18984,26.6万,10万+,1.9万
23:43:16,18984,26.6万,10万+,1.9万
23:43:18,18962,26.5万,10万+,1.9万
23:43:20,18984,26.6万,10万+,1.9万
23:43:22,18977,26.6万,10万+,1.9万
23:43:30,18977,26.6万,10万+,1.9万
23:43:32,19042,26.6万,10万+,1.9万
23:43:34,19014,26.6万,10万+,1.9万
23:43:38,19094,26.6万,10万+,1.9万
23:43:42,19042,26.6万,10万+,1.9万
23:43:52,19192,26.7万,10万+,1.9万
23:44:00,20392,26.7万,10万+,2.0万
23:44:02,20104,26.7万,10万+,2.0万
23:44:12,20392,26.7万,10万+,2.0万
23:44:16,20573,26.7万,10万+,2.1万
23:44:26,20574,26.7万,10万+,2.1万
23:44:32,20580,26.7万,10万+,2.1万
23:44:36,20580,26.7万,10万+,2.1万
23:44:46,20232,26.8万,10万+,2.0万
23:44:56,20158,26.8万,10万+,2.0万
23:44:58,20393,26.8万,10万+,2.0万
23:45:00,20158,26.8万,10万+,2.0万
23:45:02,20145,26.8万,10万+,2.0万
23:45:04,20160,26.8万,10万+,2.0万
23:45:08,20160,26.8万,10万+,2.0万
23:45:14,19654,26.8万,10万+,2.0万
23:45:22,20158,26.8万,10万+,2.0万
23:45:30,18639,26.8万,10万+,1.9万
23:45:32,17343,26.9万,10万+,1.7万
23:45:36,17343,26.9万,10万+,1.7万
23:45:38,17003,26.9万,10万+,1.7万
23:45:46,16847,26.9万,10万+,1.7万
23:45:48,17003,26.9万,10万+,1.7万
23:45:52,16847,26.9万,10万+,1.7万
23:45:56,16683,26.9万,10万+,1.7万
23:45:58,16773,26.9万,10万+,1.7万
23:46:02,16187,26.9万,10万+,1.6万
23:46:04,18639,26.8万,10万+,1.9万
23:46:06,16683,26.9万,10万+,1.7万
23:46:12,16773,26.9万,10万+,1.7万
23:46:22,15296,26.9万,10万+,1.5万
23:46:28,15296,26.9万,10万+,1.5万
23:46:30,14703,26.9万,10万+,1.5万
23:46:32,14703,26.9万,10万+,1.5万
23:46:36,14311,26.9万,10万+,1.4万
23:46:38,14703,26.9万,10万+,1.5万
23:46:48,13865,27.0万,10万+,1.4万
23:46:56,13865,27.0万,10万+,1.4万
23:46:58,14311,26.9万,10万+,1.4万
23:47:00,14311,26.9万,10万+,1.4万
23:47:02,13865,27.0万,10万+,1.4万
23:47:07,13959,27.0万,10万+,1.4万
23:47:12,13865,27.0万,10万+,1.4万
23:47:22,13692,27.0万,10万+,1.4万
23:47:30,13523,27.0万,10万+,1.4万
23:47:32,13549,27.0万,10万+,1.4万
23:47:42,13445,27.0万,10万+,1.3万
23:47:48,13445,27.0万,10万+,1.3万
23:47:52,13407,27.0万,10万+,1.3万
23:48:00,13445,27.0万,10万+,1.3万
23:48:02,13319,27.0万,10万+,1.3万
23:48:08,13309,27.1万,10万+,1.3万
23:48:16,13266,27.1万,10万+,1.3万
23:48:26,13255,27.1万,10万+,1.3万
23:48:30,13287,27.1万,10万+,1.3万
23:48:32,13266,27.1万,10万+,1.3万
23:48:36,13287,27.1万,10万+,1.3万
23:48:38,13334,27.1万,10万+,1.3万
23:48:46,13354,27.2万,10万+,1.3万
23:48:56,13354,27.2万,10万+,1.3万
23:49:00,13354,27.2万,10万+,1.3万
23:49:02,13354,27.2万,10万+,1.3万
23:49:10,13394,27.2万,10万+,1.3万
23:49:12,13385,27.2万,10万+,1.3万
23:49:14,13394,27.2万,10万+,1.3万
23:49:20,13458,27.2万,10万+,1.3万
23:49:22,13458,27.2万,10万+,1.3万
23:49:32,13452,27.2万,10万+,1.3万
23:49:36,13452,27.2万,10万+,1.3万
23:49:42,13452,27.2万,10万+,1.3万
23:49:52,13460,27.3万,10万+,1.3万
23:50:00,13470,27.2万,10万+,1.3万
23:50:02,13470,27.2万,10万+,1.3万
23:50:08,13519,27.3万,10万+,1.4万
23:50:10,13483,27.3万,10万+,1.3万
23:50:14,13526,27.3万,10万+,1.4万
23:50:24,13496,27.3万,10万+,1.3万
23:50:30,13526,27.3万,10万+,1.4万
23:50:32,13597,27.3万,10万+,1.4万
23:50:36,13629,27.3万,10万+,1.4万
23:50:48,13646,27.3万,10万+,1.4万
23:50:56,13646,27.3万,10万+,1.4万
23:51:00,13664,27.4万,10万+,1.4万
23:51:02,13647,27.3万,10万+,1.4万
23:51:12,13664,27.4万,10万+,1.4万
23:51:14,13640,27.4万,10万+,1.4万
23:51:22,13640,27.4万,10万+,1.4万
23:51:30,13663,27.4万,10万+,1.4万
23:51:32,13702,27.4万,10万+,1.4万
23:51:38,13767,27.4万,10万+,1.4万
23:51:44,13917,27.4万,10万+,1.4万
23:51:54,13953,27.5万,10万+,1.4万
23:51:58,13917,27.4万,10万+,1.4万
23:52:00,14016,27.5万,10万+,1.4万
23:52:02,14016,27.5万,10万+,1.4万
23:52:08,14120,27.5万,10万+,1.4万
23:52:16,14152,27.5万,10万+,1.4万
23:52:24,14101,27.5万,10万+,1.4万
23:52:28,14172,27.5万,10万+,1.4万
23:52:30,14120,27.5万,10万+,1.4万
23:52:32,14198,27.5万,10万+,1.4万
23:52:38,14216,27.5万,10万+,1.4万
23:52:48,14242,27.5万,10万+,1.4万
23:52:58,14215,27.6万,10万+,1.4万
23:53:02,14215,27.6万,10万+,1.4万
23:53:06,14223,27.5万,10万+,1.4万
23:53:08,14215,27.6万,10万+,1.4万
23:53:18,14215,27.6万,10万+,1.4万
23:53:26,14114,27.6万,10万+,1.4万
23:53:30,14131,27.6万,10万+,1.4万
23:53:32,14131,27.6万,10万+,1.4万
23:53:38,14088,27.6万,10万+,1.4万
23:53:42,14058,27.6万,10万+,1.4万
23:53:48,14049,27.6万,10万+,1.4万
23:53:58,14049,27.6万,10万+,1.4万
23:54:00,14114,27.6万,10万+,1.4万
23:54:02,14049,27.6万,10万+,1.4万
23:54:06,13953,27.6万,10万+,1.4万
23:54:08,14010,27.6万,10万+,1.4万
23:54:20,13872,27.7万,10万+,1.4万
23:54:26,13847,27.7万,10万+,1.4万
23:54:28,13872,27.7万,10万+,1.4万
23:54:30,13925,27.6万,10万+,1.4万
23:54:32,13847,27.7万,10万+,1.4万
23:54:38,13872,27.7万,10万+,1.4万
23:54:42,13847,27.7万,10万+,1.4万
23:54:52,13826,27.7万,10万+,1.4万
23:54:54,13840,27.7万,10万+,1.4万
23:54:56,13832,27.7万,10万+,1.4万
23:55:00,13850,27.7万,10万+,1.4万
23:55:02,13850,27.7万,10万+,1.4万
23:55:08,13850,27.7万,10万+,1.4万
23:55:28,13905,27.7万,10万+,1.4万
23:55:30,13879,27.7万,10万+,1.4万
23:55:32,13905,27.8万,10万+,1.4万
23:55:34,13905,27.8万,10万+,1.4万
23:55:38,13912,27.8万,10万+,1.4万
23:55:40,13913,27.8万,10万+,1.4万
23:55:46,13911,27.8万,10万+,1.4万
23:55:48,13905,27.8万,10万+,1.4万
23:55:58,13918,27.8万,10万+,1.4万
23:56:00,13936,27.8万,10万+,1.4万
23:56:02,13976,27.8万,10万+,1.4万
23:56:06,13912,27.8万,10万+,1.4万
23:56:12,13976,27.8万,10万+,1.4万
23:56:14,13959,27.8万,10万+,1.4万
23:56:22,13984,27.8万,10万+,1.4万
23:56:30,14030,27.8万,10万+,1.4万
23:56:32,14013,27.8万,10万+,1.4万
23:56:36,14030,27.8万,10万+,1.4万
23:56:38,14067,27.8万,10万+,1.4万
23:56:46,13984,27.8万,10万+,1.4万
23:56:56,14099,27.9万,10万+,1.4万
23:57:00,14117,27.9万,10万+,1.4万
23:57:02,14167,27.9万,10万+,1.4万
23:57:08,14167,27.9万,10万+,1.4万
23:57:16,14117,27.9万,10万+,1.4万
23:57:26,14266,27.9万,10万+,1.4万
23:57:30,14195,27.9万,10万+,1.4万
23:57:34,14274,27.9万,10万+,1.4万
23:57:36,14266,27.9万,10万+,1.4万
23:57:46,14278,27.9万,10万+,1.4万
23:57:48,14278,27.9万,10万+,1.4万
23:57:56,14278,27.9万,10万+,1.4万
23:57:59,14282,28.0万,10万+,1.4万
23:58:00,14283,28.0万,10万+,1.4万
23:58:02,14283,28.0万,10万+,1.4万
23:58:06,14329,28.0万,10万+,1.4万
23:58:08,14297,28.0万,10万+,1.4万
23:58:16,14423,28.0万,10万+,1.4万
23:58:18,14329,28.0万,10万+,1.4万
23:58:26,14490,28.0万,10万+,1.4万
23:58:30,14385,28.0万,10万+,1.4万
23:58:32,14439,28.0万,10万+,1.4万
23:58:36,14514,28.0万,10万+,1.5万
23:58:46,14605,28.0万,10万+,1.5万
23:58:56,14613,28.0万,10万+,1.5万
23:58:58,14728,28.1万,10万+,1.5万
23:59:00,14659,28.0万,10万+,1.5万
23:59:02,14728,28.1万,10万+,1.5万
23:59:08,14755,28.1万,10万+,1.5万
23:59:12,14659,28.0万,10万+,1.5万
23:59:20,14822,28.1万,10万+,1.5万
23:59:26,14856,28.1万,10万+,1.5万
23:59:28,14785,28.1万,10万+,1.5万
23:59:30,14856,28.1万,10万+,1.5万
23:59:32,14856,28.1万,10万+,1.5万
23:59:38,14856,28.1万,10万+,1.5万
23:59:46,14993,28.1万,10万+,1.5万
23:59:48,15041,28.1万,10万+,1.5万
23:59:56,14993,28.1万,10万+,1.5万
23:59:58,15041,28.1万,10万+,1.5万
00:00:02,14993,28.1万,10万+,1.5万
00:00:08,15111,28.1万,10万+,1.5万
00:00:16,15099,28.2万,10万+,1.5万
00:00:28,15082,28.2万,10万+,1.5万
00:00:30,15111,28.1万,10万+,1.5万
00:00:32,15081,28.2万,10万+,1.5万
00:00:36,15103,28.2万,10万+,1.5万
00:00:44,15108,28.2万,10万+,1.5万
00:00:46,15082,28.2万,10万+,1.5万
00:00:56,15082,28.2万,10万+,1.5万
00:01:00,15082,28.2万,10万+,1.5万
00:01:02,15090,28.2万,10万+,1.5万
00:01:04,15105,28.2万,10万+,1.5万
00:01:06,15090,28.2万,10万+,1.5万
00:01:08,15090,28.2万,10万+,1.5万
00:01:10,15082,28.2万,10万+,1.5万
00:01:18,15090,28.2万,10万+,1.5万
00:01:20,15090,28.2万,10万+,1.5万
00:01:28,15090,28.2万,10万+,1.5万
00:01:30,15170,28.3万,10万+,1.5万
00:01:32,15170,28.3万,10万+,1.5万
00:01:38,15245,28.3万,10万+,1.5万
00:01:48,15244,28.3万,10万+,1.5万
00:01:58,15252,28.3万,10万+,1.5万
00:02:00,15233,28.3万,10万+,1.5万
00:02:02,15249,28.3万,10万+,1.5万
00:02:18,15213,28.3万,10万+,1.5万
00:02:28,15233,28.3万,10万+,1.5万
00:02:30,15202,28.3万,10万+,1.5万
00:02:32,15200,28.3万,10万+,1.5万
00:02:34,15202,28.3万,10万+,1.5万
00:02:38,15167,28.3万,10万+,1.5万
00:02:44,15167,28.3万,10万+,1.5万
00:02:48,15136,28.4万,10万+,1.5万
00:02:58,15126,28.4万,10万+,1.5万
00:03:00,15095,28.4万,10万+,1.5万
00:03:02,15113,28.4万,10万+,1.5万
00:03:12,15126,28.4万,10万+,1.5万
00:03:22,15008,28.4万,10万+,1.5万
00:03:30,15060,28.4万,10万+,1.5万
00:03:32,15008,28.4万,10万+,1.5万
00:03:40,15008,28.4万,10万+,1.5万
00:03:50,14938,28.4万,10万+,1.5万
00:04:02,14957,28.4万,10万+,1.5万
00:04:12,15015,28.4万,10万+,1.5万
00:04:20,15088,28.5万,10万+,1.5万
00:04:22,15015,28.4万,10万+,1.5万
00:04:28,15052,28.4万,10万+,1.5万
00:04:30,15088,28.5万,10万+,1.5万
00:04:32,15112,28.5万,10万+,1.5万
00:04:34,15103,28.5万,10万+,1.5万
00:04:36,15088,28.5万,10万+,1.5万
00:04:38,15103,28.5万,10万+,1.5万
00:04:42,15114,28.5万,10万+,1.5万
00:04:44,15147,28.5万,10万+,1.5万
00:04:52,15147,28.5万,10万+,1.5万
00:04:54,15172,28.5万,10万+,1.5万
00:05:00,15147,28.5万,10万+,1.5万
00:05:02,15165,28.5万,10万+,1.5万
00:05:12,15153,28.5万,10万+,1.5万
00:05:22,15128,28.5万,10万+,1.5万
00:05:30,15138,28.5万,10万+,1.5万
00:05:32,15128,28.5万,10万+,1.5万
00:05:38,15136,28.5万,10万+,1.5万
00:05:48,15122,28.5万,10万+,1.5万
00:05:58,15122,28.5万,10万+,1.5万
00:06:00,15132,28.6万,10万+,1.5万
00:06:02,15132,28.6万,10万+,1.5万
00:06:06,15176,28.6万,10万+,1.5万
00:06:16,15176,28.6万,10万+,1.5万
00:06:18,15197,28.6万,10万+,1.5万
00:06:26,15197,28.6万,10万+,1.5万
00:06:32,15220,28.6万,10万+,1.5万
00:06:36,15215,28.6万,10万+,1.5万
00:06:46,15215,28.6万,10万+,1.5万
00:06:56,15303,28.6万,10万+,1.5万
00:07:00,15270,28.6万,10万+,1.5万
00:07:02,15313,28.6万,10万+,1.5万
00:07:08,15313,28.6万,10万+,1.5万
00:07:18,15355,28.6万,10万+,1.5万
00:07:28,15441,28.7万,10万+,1.5万
00:07:30,15501,28.7万,10万+,1.6万
00:07:32,15313,28.6万,10万+,1.5万
00:07:34,15515,28.7万,10万+,1.6万
00:07:36,15558,28.7万,10万+,1.6万
00:07:46,15515,28.7万,10万+,1.6万
00:07:56,15562,28.7万,10万+,1.6万
00:08:00,15571,28.7万,10万+,1.6万
00:08:02,15562,28.7万,10万+,1.6万
00:08:06,15598,28.7万,10万+,1.6万
00:08:16,15571,28.7万,10万+,1.6万
00:08:26,15756,28.7万,10万+,1.6万
00:08:30,15714,28.7万,10万+,1.6万
00:08:32,15756,28.7万,10万+,1.6万
00:08:36,15714,28.7万,10万+,1.6万
00:08:42,15931,28.7万,10万+,1.6万
00:08:52,15756,28.7万,10万+,1.6万
00:09:00,16034,28.8万,10万+,1.6万
00:09:02,16034,28.8万,10万+,1.6万
00:09:08,16089,28.8万,10万+,1.6万
00:09:12,16178,28.8万,10万+,1.6万
00:09:22,16089,28.8万,10万+,1.6万
00:09:30,16205,28.8万,10万+,1.6万
00:09:32,16214,28.8万,10万+,1.6万
00:09:36,16264,28.8万,10万+,1.6万
00:09:38,16214,28.8万,10万+,1.6万
00:09:42,16279,28.8万,10万+,1.6万
00:09:52,16309,28.8万,10万+,1.6万
00:09:56,16290,28.8万,10万+,1.6万
00:10:00,16309,28.8万,10万+,1.6万
00:10:02,16319,28.8万,10万+,1.6万
00:10:12,16328,28.8万,10万+,1.6万
00:10:24,16325,28.8万,10万+,1.6万
00:10:30,16323,28.8万,10万+,1.6万
00:10:32,16335,28.8万,10万+,1.6万
00:10:40,16311,28.8万,10万+,1.6万
00:10:42,16300,28.8万,10万+,1.6万
00:10:46,16323,28.8万,10万+,1.6万
00:10:58,16308,28.8万,10万+,1.6万
00:11:02,16296,28.9万,10万+,1.6万
00:11:08,16331,28.9万,10万+,1.6万
00:11:16,16296,28.9万,10万+,1.6万
00:11:18,16331,28.9万,10万+,1.6万
00:11:26,16279,28.9万,10万+,1.6万
00:11:28,16279,28.9万,10万+,1.6万
00:11:30,16268,28.9万,10万+,1.6万
00:11:32,16331,28.9万,10万+,1.6万
00:11:36,16267,28.9万,10万+,1.6万
00:11:46,16300,28.9万,10万+,1.6万
00:11:52,16300,28.9万,10万+,1.6万
00:12:00,16294,28.9万,10万+,1.6万
00:12:02,16332,28.9万,10万+,1.6万
00:12:06,16335,28.9万,10万+,1.6万
00:12:12,16335,28.9万,10万+,1.6万
00:12:22,16392,28.9万,10万+,1.6万
00:12:30,16420,28.9万,10万+,1.6万
00:12:32,16387,28.9万,10万+,1.6万
00:12:36,16387,28.9万,10万+,1.6万
00:12:42,16408,28.9万,10万+,1.6万
00:12:46,16439,28.9万,10万+,1.6万
00:12:56,16489,28.9万,10万+,1.6万
00:12:58,16547,29.0万,10万+,1.7万
00:13:00,16547,29.0万,10万+,1.7万
00:13:02,16563,29.0万,10万+,1.7万
00:13:04,16547,29.0万,10万+,1.7万
00:13:06,16593,29.0万,10万+,1.7万
00:13:26,16583,29.0万,10万+,1.7万
00:13:30,16597,29.0万,10万+,1.7万
00:13:32,16583,29.0万,10万+,1.7万
00:13:36,16597,29.0万,10万+,1.7万
00:13:46,16568,29.0万,10万+,1.7万
00:13:56,16546,29.0万,10万+,1.7万
00:13:58,16547,29.0万,10万+,1.7万
00:14:00,16550,29.0万,10万+,1.7万
00:14:02,16550,29.0万,10万+,1.7万
00:14:06,16514,29.0万,10万+,1.7万
00:14:08,16547,29.0万,10万+,1.7万
00:14:14,16512,29.0万,10万+,1.7万
00:14:22,16512,29.0万,10万+,1.7万
00:14:24,16507,29.0万,10万+,1.7万
00:14:30,16569,29.0万,10万+,1.7万
00:14:32,16514,29.0万,10万+,1.7万
00:14:36,16585,29.0万,10万+,1.7万
00:14:42,16583,29.0万,10万+,1.7万
00:14:52,16701,29.0万,10万+,1.7万
00:14:58,16701,29.0万,10万+,1.7万
00:15:00,16701,29.0万,10万+,1.7万
00:15:02,16708,29.0万,10万+,1.7万
00:15:08,16708,29.0万,10万+,1.7万
00:15:16,16722,29.0万,10万+,1.7万
00:15:26,16747,29.0万,10万+,1.7万
00:15:28,16722,29.0万,10万+,1.7万
00:15:30,16759,29.1万,10万+,1.7万
00:15:32,16759,29.1万,10万+,1.7万
00:15:36,16789,29.1万,10万+,1.7万
00:15:46,16807,29.1万,10万+,1.7万
00:15:52,16883,29.1万,10万+,1.7万
00:16:00,16893,29.1万,10万+,1.7万
00:16:02,16883,29.1万,10万+,1.7万
00:16:06,16885,29.1万,10万+,1.7万
00:16:08,16893,29.1万,10万+,1.7万
00:16:12,16893,29.1万,10万+,1.7万
00:16:22,16915,29.1万,10万+,1.7万
00:16:30,16950,29.1万,10万+,1.7万
00:16:32,16915,29.1万,10万+,1.7万
00:16:38,16987,29.1万,10万+,1.7万
00:16:46,17002,29.1万,10万+,1.7万
00:16:56,16991,29.1万,10万+,1.7万
00:17:00,16991,29.1万,10万+,1.7万
00:17:02,17072,29.1万,10万+,1.7万
00:17:06,17123,29.1万,10万+,1.7万
00:17:12,17130,29.1万,10万+,1.7万
00:17:22,17166,29.1万,10万+,1.7万
00:17:26,17166,29.1万,10万+,1.7万
00:17:30,17130,29.1万,10万+,1.7万
00:17:32,17203,29.1万,10万+,1.7万
00:17:38,17216,29.1万,10万+,1.7万
00:17:46,17250,29.1万,10万+,1.7万
00:17:48,17313,29.1万,10万+,1.7万
00:17:56,17328,29.2万,10万+,1.7万
00:17:58,17328,29.2万,10万+,1.7万
00:18:00,17332,29.2万,10万+,1.7万
00:18:02,17332,29.2万,10万+,1.7万
00:18:04,17332,29.2万,10万+,1.7万
00:18:10,17332,29.2万,10万+,1.7万
00:18:12,17332,29.2万,10万+,1.7万
00:18:18,16099,29.2万,10万+,1.6万
00:18:20,16099,29.2万,10万+,1.6万
00:18:24,15023,29.2万,10万+,1.5万
00:18:30,15023,29.2万,10万+,1.5万
00:18:32,15023,29.2万,10万+,1.5万
00:18:38,13622,29.2万,10万+,1.4万
00:18:42,13622,29.2万,10万+,1.4万
00:18:48,13622,29.2万,10万+,1.4万
00:18:52,12448,29.2万,10万+,1.2万
00:18:54,9890,29.2万,10万+,9890
