time,user_id,user_name,content,grade,fans_club
2026-05-16 21:03:41,2189848977878295,陌颜,@sherry💕倩倩 [比心],[等级32],[粉丝团 Lv13]
2026-05-16 21:03:41,3934507317863532,一个从人民中走出来的普通人（轮回版）,剑王加伞王,[等级23],[粉丝团 Lv2]
2026-05-16 21:03:41,96008498122,ook,撞到谁了,[等级32],[粉丝团 Lv10]
2026-05-16 21:03:41,62978378029,钟灵毓秀,带粉丝？,[等级21],[粉丝团 Lv11]
2026-05-16 21:03:41,91672910699,草履虫,落地成盒,[等级15],
2026-05-16 21:03:41,85348072672,好哇塞(✪▽✪),@sherry💕倩倩 去哪里呀,[等级15],[粉丝团 Lv1]
2026-05-16 21:03:42,4233579210742955,滚滚是小爪爪,萌妹,[等级15],[粉丝团 Lv5]
2026-05-16 21:03:42,4388846805463855,东方潇语,稳了，万一成盒怎么办,[等级6],
2026-05-16 21:03:43,1257437656002798,某某.,粉丝,[等级34],[粉丝团:张君雅 Lv16]
2026-05-16 21:03:47,102028794518,用户110524,局哥和谁啊,[等级19],[粉丝团 Lv6]
2026-05-16 21:03:47,60966512026,买吊顶找我,和萌妹真的还会撞,[等级10],[粉丝团 Lv11]
2026-05-16 21:03:49,76133959662,@等风起,这碰到谁了？,[等级14],[粉丝团 Lv8]
2026-05-16 21:03:58,95507451318,溪鱼,这么巧?,[等级17],[粉丝团 Lv10]
2026-05-16 21:03:59,2263256806988026,分,今晚最好的节目和她们打到下播,[等级9],[粉丝团 Lv9]
2026-05-16 21:04:00,3934507317863532,一个从人民中走出来的普通人（轮回版）,贝贝，贝贝，黑宝,[等级23],[粉丝团 Lv2]
2026-05-16 21:04:06,87685795754,硕歌,青岛是谁？,[等级11],[粉丝团 Lv8]
2026-05-16 21:04:13,1453995430513568,多多赚钱,[一起加油][一起加油][一起加油][一起加油],[等级7],[粉丝团 Lv3]
2026-05-16 21:04:18,2824008837643668,Hom,大仓门口有弓箭,,
2026-05-16 21:04:22,81160200889,白洛師門,我迟到了。我自罚一杯,[等级21],[粉丝团 Lv4]
2026-05-16 21:04:30,1348415730235592,唧唧复唧唧木兰开飞机,呀姐,[等级7],
2026-05-16 21:04:32,2201666492307559,慕容皓轩@,晚上好520快乐,[等级16],[粉丝团 Lv11]
2026-05-16 21:04:40,2824008837643668,Hom,大仓门口有弓箭,,
2026-05-16 21:04:42,4376501357381755,鸿运当头，,老黑   大眯的一周是多少天,[等级10],[粉丝团 Lv7]
2026-05-16 21:04:46,96389853241,诗和远方#,局哥萌妹，还有一个谁,[等级33],[粉丝团 Lv11]
2026-05-16 21:04:47,772280035849376,🌹罗富贵🌹,[捂脸],[等级29],
2026-05-16 21:04:48,95507451318,溪鱼,青岛是萌妹.萌妹是带玩,[等级17],[粉丝团 Lv10]
2026-05-16 21:04:54,55159220102,BWRZ（记录美好）,有好友都难吗笑死[看],[等级36],[粉丝团 Lv16]
2026-05-16 21:05:09,83878120591,乖宝,[比心],,
2026-05-16 21:05:11,4233546532927219,🉑🈶🉑🈚,雅马哈，你在吗,[等级20],[粉丝团 Lv10]
2026-05-16 21:05:16,70841787770,嗨🔥嗨🔥嗨,我试过好多次，一次没撞上，[尬笑][尬笑][尬笑][尬笑][尬笑],[等级25],[粉丝团 Lv8]
2026-05-16 21:05:22,55159220102,BWRZ（记录美好）,就是就是,[等级36],[粉丝团 Lv16]
2026-05-16 21:05:28,80924816230,ꦿ ₁₃¹⁴: 㞮孞🦅ᝰ᭄²⁰²⁴,公屏都打什么玩意，好好看游戏不行吗，无语,[等级25],[粉丝团 Lv2]
2026-05-16 21:05:32,93787904657,老哥,第一把就遇到萌妹了[舔屏][舔屏][舔屏],[等级23],[粉丝团 Lv12]
2026-05-16 21:05:34,76059968966,融化的冰淇淋,我的ID也是萌妹耶,[等级1],
2026-05-16 21:05:36,108756856233,殷澍锴,第一个大仓门口有弓箭🏹,[等级4],[粉丝团 Lv3]
2026-05-16 21:05:39,2770404252847896,天空,老黑刚睡醒吗？,[等级1],[粉丝团 Lv1]
2026-05-16 21:05:41,92850574669,陈可安,老黑,[等级34],
2026-05-16 21:05:43,1257437656002798,某某.,不是有好友位么，应该好撞吧,[等级34],[粉丝团:张君雅 Lv16]
2026-05-16 21:05:43,73863961887,嗯了精粹哦呜,[爱心],[等级12],[粉丝团 Lv2]
2026-05-16 21:05:45,99372859314,启  夏,[捂脸][捂脸][捂脸],[等级25],[粉丝团 Lv15]
2026-05-16 21:05:53,104227179249,🔪一笑卿莫言⁷⁰⁷,又是萌妹子[捂脸][捂脸],[等级31],[粉丝团 Lv13]
2026-05-16 21:06:12,92315339223,姐夫不喝药,不拿粉丝一针一线,[等级13],[粉丝团 Lv11]
2026-05-16 21:06:18,88312588832,🌈 𝗠𝗮𝗸𝗮𝗯𝗮𝗸𝗮。,找半天,[等级8],[粉丝团 Lv8]
2026-05-16 21:06:21,7615988333545931813,ik-🦋,雅雅最喜欢跟妹子玩,,
2026-05-16 21:06:24,4164567745964686,帕·拉,老黑天天坑粉丝东西,[等级26],[粉丝团 Lv11]
2026-05-16 21:06:26,1420988272350541,暴躁琴🫧,这是撞车的吗？,[等级30],[粉丝团 Lv10]
2026-05-16 21:06:27,7632308164797727781,我爱你中国,老黑真好,,
2026-05-16 21:06:32,95423082154,时¹,一级头啊,[等级26],
2026-05-16 21:06:32,81160200889,白洛師門,猫局。还有东源？,[等级21],[粉丝团 Lv4]
2026-05-16 21:06:36,1348415730235592,唧唧复唧唧木兰开飞机,园子上了9个小时了[打call],[等级7],
2026-05-16 21:06:38,71812741313,拜君仙⁹⁰⁹²⁷,@暴躁琴🫧 是,[等级30],[粉丝团 Lv15]
2026-05-16 21:06:41,7612312649037169701,迎娶白富美,m3338快比人都高了,[等级2],
2026-05-16 21:06:42,71812741313,拜君仙⁹⁰⁹²⁷,520快乐520快乐520快乐,[等级30],[粉丝团 Lv15]
2026-05-16 21:06:43,2456740738897724,❤️💛💚💙💜,老套路,,
2026-05-16 21:06:58,3934507317863532,一个从人民中走出来的普通人（轮回版）,黑宝。你爱我吗,[等级23],[粉丝团 Lv2]
2026-05-16 21:07:02,4233546532927219,🉑🈶🉑🈚,噢耶斯,[等级20],[粉丝团 Lv10]
2026-05-16 21:07:03,55159220102,BWRZ（记录美好）,[发呆][干饭人],[等级36],[粉丝团 Lv16]
2026-05-16 21:07:04,7615988333545931813,ik-🦋,是真人吧  穿的好看衣服,,
2026-05-16 21:07:17,108825768878,南山居士,强烈呼吁和平精英必须给和平一姐张君雅全套黄金风衣的第4天！,[等级1],
2026-05-16 21:07:21,1420988272350541,暴躁琴🫧,@拜君仙⁹⁰⁹²⁷ 谢谢,[等级30],[粉丝团 Lv10]
2026-05-16 21:07:23,109234761799,数今朝风流人物,今晚有没有丝袜？？？？没有我走了啊,[等级26],[粉丝团 Lv2]
2026-05-16 21:07:36,71812741313,拜君仙⁹⁰⁹²⁷,@暴躁琴🫧 [比心]不客气,[等级30],[粉丝团 Lv15]
2026-05-16 21:07:36,55159220102,BWRZ（记录美好）,@数今朝风流人物 去吧,[等级36],[粉丝团 Lv16]
2026-05-16 21:07:44,1728874239763085,雪梨梨梨,@数今朝风流人物 去玩吧,[等级8],[粉丝团 Lv11]
2026-05-16 21:07:45,3913913666903720,太阳☀,@数今朝风流人物 走吧走吧，没有没有,[等级41],[粉丝团 Lv13]
2026-05-16 21:07:49,98460975967,ەㅤㅤㅤㅤㅤㅤㅤㅤㅤ一个蛋🥚 ㅤㅤㅤㅤ,[捂脸][捂脸][捂脸],[等级34],[粉丝团 Lv10]
2026-05-16 21:07:49,211586920492739,不吃饭团,姚俊宇，别看了，你学不会的。,[等级12],
2026-05-16 21:07:52,91672910699,草履虫,[捂脸],[等级15],
2026-05-16 21:07:52,55159220102,BWRZ（记录美好）,[懵][懵][懵][懵][懵][懵][懵][懵],[等级36],[粉丝团 Lv16]
2026-05-16 21:07:53,2471325050870631,活着,v饭店啥的耿耿于怀健健康康扣扣空间句西泽尔uuui哦 处子之身发货很快看看,[等级1],
2026-05-16 21:07:55,110895971722,一个人挺好…👿,肚子疼,[等级24],[粉丝团 Lv9]
2026-05-16 21:08:00,1670846044449885,端木雪峰,终于要噶了,[等级24],
2026-05-16 21:08:00,99372859314,启  夏,哎哟卧槽,[等级25],[粉丝团 Lv15]
2026-05-16 21:08:00,4233546532927219,🉑🈶🉑🈚,完犊子啦,[等级20],[粉丝团 Lv10]
2026-05-16 21:08:01,61826877743,嫡长子,进来就肚子疼[捂脸],[等级20],[粉丝团 Lv3]
2026-05-16 21:08:03,98460975967,ەㅤㅤㅤㅤㅤㅤㅤㅤㅤ一个蛋🥚 ㅤㅤㅤㅤ,[尬笑][尬笑][尬笑],[等级34],[粉丝团 Lv10]
2026-05-16 21:08:04,111156712881,日行一善积大德🙏日行两善积大大德,小丑好贵呀(ó﹏ò｡)买不起520快乐,[等级18],[粉丝团 Lv10]
2026-05-16 21:08:06,1881983920385927,希芙,哈哈哈哈哈,[等级4],
2026-05-16 21:08:06,309409680207203,用户9898222205270,老黑我一来你就肚子痛吗[捂脸][捂脸][捂脸],[等级15],
2026-05-16 21:08:08,68128483419,秋霜,老黑最近是易倒体质啊[捂脸][捂脸][捂脸],[等级33],[粉丝团 Lv12]
2026-05-16 21:08:10,1881983920385927,希芙,肚子疼,[等级4],
2026-05-16 21:08:12,211586920492739,不吃饭团,俊宇别看了，你学不会的。,[等级12],
2026-05-16 21:08:17,2386378385529776,ღ 念池鱼,[鼓掌][鼓掌][鼓掌],[等级16],[粉丝团 Lv2]
2026-05-16 21:08:19,62978378029,钟灵毓秀,吃鸡不吃第一把,[等级21],[粉丝团 Lv11]
2026-05-16 21:08:20,1134350379006733,烟酒生,落地成盒,[等级19],[粉丝团 Lv4]
2026-05-16 21:08:21,4145625775736244,辣堡银川第一深情,1号刚才居然缩写了,[等级16],[粉丝团 Lv2]
2026-05-16 21:08:22,3913913666903720,太阳☀,肚子疼,[等级41],[粉丝团 Lv13]
2026-05-16 21:08:35,95507451318,溪鱼,投诉局哥?,[等级17],[粉丝团 Lv10]
2026-05-16 21:08:36,100780132326,🌈🌈十六,k20伤害好高，今天我挨两枪死,[等级26],[粉丝团 Lv11]
2026-05-16 21:08:41,104783349420,张鱼大丸子（游戏版）,空投奔赴者好些以前遇见过,[等级3],
2026-05-16 21:08:43,4063408835014094,唯一,三号妹子扛个迫击炮[呲牙][呲牙][呲牙],[等级3],
2026-05-16 21:08:51,2008152259705040,汉、歼的审判者,真准[捂脸],[等级15],[粉丝团 Lv12]
2026-05-16 21:08:54,55159220102,BWRZ（记录美好）,[懵],[等级36],[粉丝团 Lv16]
2026-05-16 21:08:55,109690106926,ᯤ⁸ᴳ⁺,遇到会玩的高手了,[等级23],[粉丝团 Lv2]
2026-05-16 21:08:58,104558352380,辰爆爆,迟到了？,[等级19],[粉丝团 Lv11]
2026-05-16 21:09:02,104783349420,张鱼大丸子（游戏版）,空投奔赴者以前打过,[等级3],
2026-05-16 21:09:05,2678053010423587,YM,猫今天用萌妹的号呀,[等级9],[粉丝团 Lv11]
2026-05-16 21:09:24,104783349420,张鱼大丸子（游戏版）,我记得空投奔赴者这个ID，是高手,[等级3],
2026-05-16 21:09:28,96293235234,每天都要看妞,不求人也在，会不会遇上,[等级12],[粉丝团 Lv5]
2026-05-16 21:09:30,3913913666903720,太阳☀,四号补了,[等级41],[粉丝团 Lv13]
2026-05-16 21:09:38,111156712881,日行一善积大德🙏日行两善积大大德,@YM 猫是一号,[等级18],[粉丝团 Lv10]
2026-05-16 21:09:41,55159220102,BWRZ（记录美好）,？,[等级36],[粉丝团 Lv16]
2026-05-16 21:09:41,3143595301,懒洋洋,局哥又碎了[看],[等级26],[粉丝团 Lv12]
2026-05-16 21:09:44,71812741313,拜君仙⁹⁰⁹²⁷,@YM 一号是猫局，萌妹的号她朋友上的,[等级30],[粉丝团 Lv15]
2026-05-16 21:09:47,55159220102,BWRZ（记录美好）,压死了,[等级36],[粉丝团 Lv16]
2026-05-16 21:09:51,55159220102,BWRZ（记录美好）,[发呆],[等级36],[粉丝团 Lv16]
2026-05-16 21:10:15,55159220102,BWRZ（记录美好）,漂亮,[等级36],[粉丝团 Lv16]
2026-05-16 21:10:17,4233546532927219,🉑🈶🉑🈚,哇塞,[等级20],[粉丝团 Lv10]
2026-05-16 21:10:19,55159220102,BWRZ（记录美好）,哇,[等级36],[粉丝团 Lv16]
2026-05-16 21:10:20,7615988333545931813,ik-🦋,剩两个主播了……,,
2026-05-16 21:10:21,73133140989,行稳致远,牛逼,[等级31],[粉丝团 Lv15]
2026-05-16 21:10:24,4258846191921225,幸福的终点是你,520快乐,[等级7],[粉丝团 Lv4]
2026-05-16 21:10:25,98460975967,ەㅤㅤㅤㅤㅤㅤㅤㅤㅤ一个蛋🥚 ㅤㅤㅤㅤ,[捂脸][捂脸][捂脸],[等级34],[粉丝团 Lv10]
2026-05-16 21:10:26,65759302943,第三人称,诛仙,[等级9],[粉丝团 Lv11]
2026-05-16 21:10:26,91946921203,苡,厉害了,[等级29],[粉丝团:张君雅 Lv10]
2026-05-16 21:10:27,55159220102,BWRZ（记录美好）,这[捂脸],[等级36],[粉丝团 Lv16]
2026-05-16 21:10:29,2395184081945055,忙里偷闲⁵¹⁰⁷⁴,哇,[等级29],[粉丝团 Lv15]
2026-05-16 21:10:31,95507451318,溪鱼,哈不容易撞到..这就没了[捂脸][捂脸][捂脸],[等级17],[粉丝团 Lv10]
2026-05-16 21:10:31,91946921203,苡,520快乐,[等级29],[粉丝团:张君雅 Lv10]
2026-05-16 21:10:36,109056187533,🥕苡.桉.🫐,好稳 老黑好帅,[等级17],[粉丝团 Lv11]
2026-05-16 21:10:38,3913913666903720,太阳☀,一号是局哥,[等级41],[粉丝团 Lv13]
2026-05-16 21:10:39,3927077882177272,隐昔,再带人家一局,[等级15],[粉丝团 Lv11]
2026-05-16 21:10:41,62978378029,钟灵毓秀,周末高手多[赞],[等级21],[粉丝团 Lv11]
2026-05-16 21:10:42,98460975967,ەㅤㅤㅤㅤㅤㅤㅤㅤㅤ一个蛋🥚 ㅤㅤㅤㅤ,你们去开下一把,[等级34],[粉丝团 Lv10]
2026-05-16 21:10:44,99372859314,启  夏,[捂脸][捂脸][捂脸],[等级25],[粉丝团 Lv15]
2026-05-16 21:10:45,116989961990570,喜欢一个人,这就是稳了,[等级12],[粉丝团 Lv10]
2026-05-16 21:10:46,67534735453,+2,带一把,[等级15],[粉丝团 Lv10]
2026-05-16 21:10:48,1881983920385927,希芙,[捂脸][捂脸],[等级4],
2026-05-16 21:10:50,7615988333545931813,ik-🦋,等下要补给两队友一局,,
2026-05-16 21:10:50,116989961990570,喜欢一个人,[互粉][比心],[等级12],[粉丝团 Lv10]
2026-05-16 21:10:52,96068811405,@余小鱼,再带一把,[等级24],[粉丝团 Lv11]
2026-05-16 21:10:54,2395184081945055,忙里偷闲⁵¹⁰⁷⁴,刚来，差点以为是局哥没了[大笑][大笑],[等级29],[粉丝团 Lv15]
2026-05-16 21:10:55,92803003327966,🚢🚀🚀🚀,下一局继续,[等级4],[粉丝团 Lv4]
2026-05-16 21:10:56,558157583101595,很好耍,我还没有开始你就结束了,[等级13],[粉丝团 Lv2]
2026-05-16 21:10:57,93787904657,老哥,一开始就把萌妹带没了[捂脸][捂脸][捂脸][捂脸],[等级23],[粉丝团 Lv12]
2026-05-16 21:10:58,108756856233,殷澍锴,再带一把,[等级4],[粉丝团 Lv3]
2026-05-16 21:10:58,2875967640449822,万柳柳小趴菜,下把在一起玩[捂脸][捂脸][捂脸][捂脸][捂脸],[等级22],[粉丝团 Lv12]
2026-05-16 21:11:02,102469975321,✨名门⭐️,举报一波呗！,[等级19],[粉丝团 Lv15]
2026-05-16 21:11:02,3927077882177272,隐昔,再带一把,[等级15],[粉丝团 Lv11]
2026-05-16 21:11:03,11430137696900,晴,再带他们一局,,
2026-05-16 21:11:06,55159220102,BWRZ（记录美好）,确实[看],[等级36],[粉丝团 Lv16]
2026-05-16 21:11:07,1533148587894504,ꦿོ༻墨染楠笙༺,520快乐520快乐甜蜜双排520快乐,[等级9],
2026-05-16 21:11:08,94442349099,cattooth,举报,[等级25],[粉丝团 Lv11]
2026-05-16 21:11:10,2576845188893629,@雨星,无语，一开就没两,,
2026-05-16 21:11:11,116989961990570,喜欢一个人,[捂脸][捂脸][捂脸],[等级12],[粉丝团 Lv10]
2026-05-16 21:11:11,109056187533,🥕苡.桉.🫐,老黑 520快乐,[等级17],[粉丝团 Lv11]
2026-05-16 21:11:17,111642458376,娱锋,蓝光比蓝光桢彩清楚呢[捂脸],[等级11],[粉丝团 Lv11]
2026-05-16 21:11:17,51204509663,羊了到处浪,猫局今天去植发了,[等级26],[粉丝团 Lv11]
2026-05-16 21:11:21,109056187533,🥕苡.桉.🫐,520快乐老黑,[等级17],[粉丝团 Lv11]
2026-05-16 21:11:23,63027055055,美女社社长,你还没开💩队友就 打标枪了[捂脸],[等级2],
2026-05-16 21:11:23,101331750665,流逝年华,会不会是低帧补偿,[等级16],[粉丝团 Lv1]
2026-05-16 21:11:26,1204668600162504,仰望星空,520快乐,[等级32],[粉丝团 Lv6]
2026-05-16 21:11:32,4410893387179436,尨l魂,520快乐,[等级5],
2026-05-16 21:11:34,75863932663,爱小猪,4号是萌妹吗？,[等级17],[粉丝团 Lv10]
2026-05-16 21:11:39,87685795754,硕歌,萌妹和陪陪？,[等级11],[粉丝团 Lv8]
2026-05-16 21:11:39,4215957197431401,红桃♥️J,这队友是粉丝吗,[等级9],[粉丝团 Lv10]
2026-05-16 21:11:51,4162095481363833,mrtang,老玩家就是ak跟762,,
2026-05-16 21:11:54,7615988333545931813,ik-🦋,嗯  粉丝撞车,,
2026-05-16 21:11:56,85348072672,好哇塞(✪▽✪),这把人掉的好快啊,[等级15],[粉丝团 Lv1]
2026-05-16 21:11:59,71812741313,拜君仙⁹⁰⁹²⁷,三号是萌妹,[等级30],[粉丝团 Lv15]
2026-05-16 21:12:05,55159220102,BWRZ（记录美好）,没事滴没事滴[看][看],[等级36],[粉丝团 Lv16]
2026-05-16 21:12:09,105689188797,一切归0️⃣,@硕歌 我老公啥陪陪,[等级43],[粉丝团:张君雅 Lv19]
2026-05-16 21:12:10,1257437656002798,某某.,萌妹玩的三号,[等级34],[粉丝团:张君雅 Lv16]
2026-05-16 21:12:16,6965023697,云开日出,[捂脸][捂脸][捂脸],[等级9],[粉丝团 Lv7]
2026-05-16 21:12:18,91672910699,草履虫,[捂脸][捂脸][捂脸],[等级15],
2026-05-16 21:12:21,55440209692,达不溜,三号今天刚撞过,[等级2],
2026-05-16 21:12:24,4233546532927219,🉑🈶🉑🈚,又凶哥,[等级20],[粉丝团 Lv10]
2026-05-16 21:12:29,7443467011387458618,骨阿夫特嫩,[捂脸][捂脸][捂脸],[等级29],
2026-05-16 21:12:32,101915521691,风涯平沫,这虎娘们真会讲话，说话方式好像宋江，太会拉拢人心[捂脸][捂脸],[等级14],
2026-05-16 21:12:35,7615988333545931813,ik-🦋,哥眼里只有妹子,,
2026-05-16 21:12:37,74037152646,Z☡zᶻ ⌁,[捂脸][捂脸][捂脸],[等级19],[粉丝团 Lv7]
2026-05-16 21:12:37,83457541066,Fɪɴᴅ ᴛɪᴍᴇ.,啊,[等级12],[粉丝团 Lv2]
2026-05-16 21:12:38,73786947592,୧⍤⃝☁️🚬ཀོ搞钱ོ要紧 ꦿ҉࿐,开了[捂脸],[等级12],[粉丝团 Lv10]
2026-05-16 21:12:38,110804669846,℡空白,你骑马[看],[等级15],[粉丝团 Lv10]
2026-05-16 21:12:38,223890403759309,寒笙,天天就知道压力局哥[捂脸],[等级18],
2026-05-16 21:12:42,55159220102,BWRZ（记录美好）,[大笑][偷笑][大笑][偷笑][大笑][偷笑][大笑][偷笑][大笑][偷笑][大笑][偷笑],[等级36],[粉丝团 Lv16]
2026-05-16 21:12:44,63197492648,Mr       刘,猫摸你的腰了,[等级24],
2026-05-16 21:12:45,712106787748301,后来的我们啊,局哥，放开雅雅,[等级8],[粉丝团 Lv7]
2026-05-16 21:12:46,94289307618,让世界充满香菜,重开一局,[等级18],[粉丝团 Lv12]
2026-05-16 21:12:47,1055949186665544,🌈好运降林同学,再来一把等下,[等级8],[粉丝团 Lv6]
2026-05-16 21:12:48,75246509244,不善言辞,局哥眼里只有你,[等级3],[粉丝团 Lv3]
2026-05-16 21:12:50,65934328725,🏀、,老黑,[等级14],[粉丝团 Lv7]
2026-05-16 21:12:50,102718830673,八月,一到我那时候就哥哥哥哥哥,[等级26],
2026-05-16 21:12:50,2263256806988026,分,下把继续,[等级9],[粉丝团 Lv9]
2026-05-16 21:12:52,100254848407,图.图,带他们打下一把,[等级11],[粉丝团 Lv9]
2026-05-16 21:12:52,106721418766,老三帮你挑,局哥满眼都是你,[等级15],[粉丝团 Lv10]
2026-05-16 21:12:54,75981901990,@@刚,下一把继续,[等级22],[粉丝团 Lv7]
2026-05-16 21:12:55,96371398580,🕊ღ᭄ꦿ꯭毒 🕊蝎ঞ子 ꦿ᭄💞🕊,甜蜜双排啊,[等级28],
2026-05-16 21:12:56,92796233743,🇨🇳清醒🇨🇳,下把在来一局,[等级28],[粉丝团 Lv6]
2026-05-16 21:12:56,616153471529053,露猪,下把再来,[等级20],[粉丝团 Lv12]
2026-05-16 21:12:58,1046381754333631,遥远的距离,不是队友你就噶了[捂脸],[等级26],[粉丝团 Lv11]
2026-05-16 21:13:00,68128483419,秋霜,你们这局结束再邀请萌妹打一局不就行了,[等级33],[粉丝团 Lv12]
2026-05-16 21:13:00,3333371591138493,萌宠朱局,敢咋咋呼呼毛局了[捂脸][捂脸][捂脸],[等级8],[粉丝团 Lv7]
2026-05-16 21:13:02,96800023676,只要啤酒,又凶猫局，你倒了猫局别扶她,[等级32],[粉丝团 Lv4]
2026-05-16 21:13:02,2897952065985544,随波逐流,直播不露脸的吗,,
2026-05-16 21:13:03,1750074424306893,Zheng_Aug3_Leo,这个名字好,[等级36],[粉丝团 Lv9]
2026-05-16 21:13:04,109056187533,🥕苡.桉.🫐,😂520快乐,[等级17],[粉丝团 Lv11]
2026-05-16 21:13:04,2824008837643668,Hom,@寒笙 只有觉得局哥好欺负[捂脸],,
2026-05-16 21:13:05,96293235234,每天都要看妞,猫在马上盯着老黑的腰，哪有空看别的,[等级12],[粉丝团 Lv5]
2026-05-16 21:13:05,4215957197431401,红桃♥️J,@一切归0️⃣ 啥就变成你老公了[捂脸],[等级9],[粉丝团 Lv10]
2026-05-16 21:13:05,65759302943,第三人称,匹配到的吗,[等级9],[粉丝团 Lv11]
2026-05-16 21:13:06,1750074424306893,Zheng_Aug3_Leo,青岛,[等级36],[粉丝团 Lv9]
2026-05-16 21:13:07,100780132326,🌈🌈十六,死的队友是粉丝不？,[等级26],[粉丝团 Lv11]
2026-05-16 21:13:07,4503658257446344,🥐cornetto,。。。,[等级41],[粉丝团 Lv6]
2026-05-16 21:13:07,3175008440419892,叫大哥,带她俩再打一把呗,[等级7],[粉丝团 Lv2]
2026-05-16 21:13:11,62905969418,油盐不进的四季豆🐬,1080,[等级5],
2026-05-16 21:13:12,2638433450727128,天下,局哥坐后面舒服吗,[等级38],
2026-05-16 21:13:17,71812741313,拜君仙⁹⁰⁹²⁷,@🌈🌈十六 是,[等级30],[粉丝团 Lv15]
2026-05-16 21:13:18,1525725697671843,暮云归²⁰²⁶,带吧。这把队友也很好,[等级42],[粉丝团 Lv12]
2026-05-16 21:13:20,7615988333545931813,ik-🦋,这把要吃鸡   下把要补偿,,
2026-05-16 21:13:20,1261832266585012,藤椒酸菜余,猫局下来，我要做马，,[等级5],[粉丝团 Lv3]
2026-05-16 21:13:23,103080271781,金刚狼,自雷再带他们一把,[等级13],[粉丝团 Lv11]
2026-05-16 21:13:29,109056187533,🥕苡.桉.🫐,局哥这小子幸福了,[等级17],[粉丝团 Lv11]
2026-05-16 21:13:29,501017431248247,今天也开心呀,再来一把呗,[等级8],[粉丝团 Lv9]
2026-05-16 21:13:47,1420996635792391,张老黑的好大儿,等会宝儿姐埋你[看][看][看],[等级24],[粉丝团 Lv12]
2026-05-16 21:13:53,2008152259705040,汉、歼的审判者,@奥特曼（变美版） [抱抱你][抱抱你][抱抱你],[等级15],[粉丝团 Lv12]
2026-05-16 21:14:11,101915521691,风涯平沫,k20一直如此，不是三级头点头基本一枪（普通玩家尝到甜头都喜欢），不过现在和平环境恶劣,[等级14],
2026-05-16 21:14:13,104783349420,张鱼大丸子（游戏版）,开密室嘛,[等级3],
2026-05-16 21:14:16,3536480698644541,✨锅包又✨,区区张君雅我随意拿捏俩[看],[等级12],[粉丝团 Lv11]
2026-05-16 21:14:27,2678053010423587,YM,wq运气这么好,[等级9],[粉丝团 Lv11]
2026-05-16 21:14:34,4233546532927219,🉑🈶🉑🈚,滴个少妇天天游戏有吗,[等级20],[粉丝团 Lv10]
2026-05-16 21:14:45,67768704718,妲己再美终是妃,三级甲,[等级16],
2026-05-16 21:14:50,1910300678307431,奶油,520快乐,[等级1],
2026-05-16 21:14:51,102091297146,一手遮天,换甲呀,[等级13],
2026-05-16 21:14:55,2008152259705040,汉、歼的审判者,@师兄 [抱抱你][抱抱你][抱抱你],[等级15],[粉丝团 Lv12]
2026-05-16 21:14:55,1458423511390539,脸红什么.,520快乐,[等级10],[粉丝团 Lv11]
2026-05-16 21:15:33,59696399335,人间边客,四号是萌妹吗,[等级12],[粉丝团 Lv10]
2026-05-16 21:15:54,71812741313,拜君仙⁹⁰⁹²⁷,@人间边客 三号,[等级30],[粉丝团 Lv15]
2026-05-16 21:15:58,1910300678307431,奶油,520快乐520快乐520快乐,[等级1],
2026-05-16 21:16:04,4233546532927219,🉑🈶🉑🈚,这么大个坑,[等级20],[粉丝团 Lv10]
2026-05-16 21:16:12,2739596892059571,卖小男孩的核弹,三号老阿姨了,[等级6],
2026-05-16 21:16:15,60423695649,闻禾,520快乐,[等级7],[粉丝团 Lv5]
2026-05-16 21:16:16,56076255513,苦菊,刚开播点点赞👍🏻上上人气[鼓掌]推推流[鼓掌],[等级24],[粉丝团 Lv15]
2026-05-16 21:16:23,93032203992,秀儿⁵¹⁰⁷⁴,@卖小男孩的核弹 ？？？？？？,[等级19],[粉丝团 Lv12]
2026-05-16 21:16:28,118363425610868,★ · 十月冬羊．,点点𧹍,[等级22],[粉丝团 Lv15]
2026-05-16 21:16:28,95893498375,三掌柜的😏😏,如果猫局表白老黑她会同意吗？,[等级13],[粉丝团 Lv9]
2026-05-16 21:16:29,93032203992,秀儿⁵¹⁰⁷⁴,@卖小男孩的核弹 好好说话,[等级19],[粉丝团 Lv12]
2026-05-16 21:16:30,2581253616838616,她说好看,好奇一问 经典海岛里没有召回吗[比心],[等级21],[粉丝团 Lv6]
2026-05-16 21:16:35,1526563896306855,Zz__,人怎么还没过万？,[等级8],[粉丝团 Lv10]
2026-05-16 21:16:36,92995252014,嫩叶叶,港噶完我主播,[等级12],
2026-05-16 21:16:38,87685795754,硕歌,@卖小男孩的核弹 不会说话,[等级11],[粉丝团 Lv8]
2026-05-16 21:16:40,92995252014,嫩叶叶,跟你拼了,[等级12],
2026-05-16 21:16:43,93032203992,秀儿⁵¹⁰⁷⁴,@她说好看 没有召回,[等级19],[粉丝团 Lv12]
2026-05-16 21:16:43,97692929095,观山海⁵¹⁰⁷⁴,@她说好看 没有,[等级30],[粉丝团 Lv13]
2026-05-16 21:16:46,2274247923467549,知遇👣,@她说好看 有,[等级24],[粉丝团 Lv10]
2026-05-16 21:16:46,1605701701738087,是彤崽呀,1号也是主播吗,[等级6],
2026-05-16 21:16:46,118363425610868,★ · 十月冬羊．,@她说好看 有啊,[等级22],[粉丝团 Lv15]
2026-05-16 21:16:48,3548869789757283,鹤锦怀,@她说好看 有,[等级14],
2026-05-16 21:16:51,55159220102,BWRZ（记录美好）,@三掌柜的😏😏 问题不成立拱啊,[等级36],[粉丝团 Lv16]
2026-05-16 21:16:52,71812741313,拜君仙⁹⁰⁹²⁷,@她说好看 没有，主题里有,[等级30],[粉丝团 Lv15]
2026-05-16 21:16:53,63197492648,Mr       刘,俩队友还在呢,[等级24],
2026-05-16 21:17:00,118363425610868,★ · 十月冬羊．,吃鸡了不就召回了吗？,[等级22],[粉丝团 Lv15]
2026-05-16 21:17:11,68689644015,无边界.🎀,是匹配到的吗,[等级14],[粉丝团 Lv10]
2026-05-16 21:17:13,59193739258,徐徐晚风_,@是彤崽呀 是的,[等级9],[粉丝团 Lv10]
2026-05-16 21:17:18,116989961990570,喜欢一个人,@是彤崽呀 是猫局，局哥，是主播,[等级12],[粉丝团 Lv10]
2026-05-16 21:17:19,4215957197431401,红桃♥️J,@她说好看 下把召回[捂脸],[等级9],[粉丝团 Lv10]
2026-05-16 21:17:19,4092811494299594,Ivy,4号是粉丝吗,[等级12],[粉丝团 Lv10]
2026-05-16 21:17:21,99372859314,启  夏,@无边界.🎀 对,[等级25],[粉丝团 Lv15]
2026-05-16 21:17:21,75485062293,明头⁸⁰⁰⁸,@是彤崽呀 是的，猫局,[等级20],[粉丝团 Lv10]
2026-05-16 21:17:22,4072210216795099,平,他俩死的挺冤，一会带他们一把,[等级2],
2026-05-16 21:17:22,71812741313,拜君仙⁹⁰⁹²⁷,@无边界.🎀 是,[等级30],[粉丝团 Lv15]
2026-05-16 21:17:25,2395184081945055,忙里偷闲⁵¹⁰⁷⁴,来都来了，点点关注，亮灯牌❤️❤️❤️送送小心心,[等级29],[粉丝团 Lv15]
2026-05-16 21:17:26,2581253616838616,她说好看,好的好的[看],[等级21],[粉丝团 Lv6]
2026-05-16 21:17:26,100044676422,heart break,有人玩游戏吗？带上我呗,[等级30],[粉丝团 Lv10]
2026-05-16 21:17:29,106767791004,迦_南,三号也是主播吗,[等级18],[粉丝团 Lv6]
2026-05-16 21:17:31,81792345938,十禾,@是彤崽呀 是的  他叫猫局,[等级17],[粉丝团 Lv5]
2026-05-16 21:17:35,68689644015,无边界.🎀,可怜的萌妹[捂脸],[等级14],[粉丝团 Lv10]
2026-05-16 21:17:38,82240872765,依然执着承诺,这么好的队友可以再打一把,[等级19],[粉丝团 Lv10]
2026-05-16 21:17:43,73020457364,果粒橙 ✌︎' ֊',淘汰王是谁,[等级24],
2026-05-16 21:17:43,1605701701738087,是彤崽呀,1号也是主播吗,[等级6],
2026-05-16 21:17:45,2395184081945055,忙里偷闲⁵¹⁰⁷⁴,小[爱心][爱心]走一波，小[爱心][爱心]走一波[爱心],[等级29],[粉丝团 Lv15]
2026-05-16 21:17:49,4006223208780211,男生宿舍,猫局就是个干苦力的，一到地方，就要给君雅挖坑。:炸坑哥，炸坑哥[捂脸],[等级22],[粉丝团 Lv12]
2026-05-16 21:17:49,1533148587894504,ꦿོ༻墨染楠笙༺,@她说好看 520快乐[爱心][爱心][爱心]520快乐[爱心][爱心][爱心]520快乐[爱心][爱心][爱心],[等级9],
2026-05-16 21:17:50,71126905166,抖音小肋手,@温棪 谢谢老板,[等级11],[粉丝团 Lv10]
2026-05-16 21:17:51,1293483307448312,序言页,老黑快把标题换了,[等级6],[粉丝团 Lv7]
2026-05-16 21:17:51,2008152259705040,汉、歼的审判者,@温棪 [抱抱你][抱抱你][抱抱你],[等级15],[粉丝团 Lv12]
2026-05-16 21:17:54,4453499700524396,ℳ̶̶̶̶♡̶҉℘忘川ℳᥫᩣ”,为什么我一卡一卡的,[等级20],[粉丝团 Lv4]
2026-05-16 21:17:55,71812741313,拜君仙⁹⁰⁹²⁷,@是彤崽呀 抖音搜   猫局,[等级30],[粉丝团 Lv15]
2026-05-16 21:17:59,114781675069815,断ღ念💫,520快乐520快乐520快乐,[等级37],[粉丝团 Lv11]
2026-05-16 21:17:59,93545132133,上上签.,队友偷学技术,[等级4],
2026-05-16 21:18:00,3447666525090040,朐,@是彤崽呀 猫局,[等级19],[粉丝团 Lv13]
2026-05-16 21:18:04,59193739258,徐徐晚风_,@是彤崽呀 是的哦，猫局,[等级9],[粉丝团 Lv10]
2026-05-16 21:18:05,93864905741,他们叫我张大湿,8888,[等级16],[粉丝团 Lv11]
2026-05-16 21:18:07,71812741313,拜君仙⁹⁰⁹²⁷,@ℳ̶̶̶̶♡̶℘忘川ℳᥫᩣ” 网络问题,[等级30],[粉丝团 Lv15]
2026-05-16 21:18:08,69654624609,温棪,[比心][比心][比心],[等级30],[粉丝团:张君雅 Lv14]
2026-05-16 21:18:10,1956757538102459,🌈糖糖🌺🌺,[赞][赞][赞],[等级20],[粉丝团 Lv10]
2026-05-16 21:18:10,4305294912129470,余拉,老黑我爱你,[等级18],[粉丝团 Lv10]
2026-05-16 21:18:10,3043058096026183,迎风撒尿手插兜,内涵老黑了,[等级30],[粉丝团 Lv8]
2026-05-16 21:18:10,3425725105578781,是💗呀,@ℳ̶̶̶̶♡̶℘忘川ℳᥫᩣ” 我也卡,[等级15],
2026-05-16 21:18:12,67652067063,辰言乐,哈哈,[等级23],[粉丝团 Lv10]
2026-05-16 21:18:12,111574193221,林包包,8888,[等级11],[粉丝团 Lv7]
2026-05-16 21:18:12,92796233743,🇨🇳清醒🇨🇳,[捂脸][捂脸][捂脸][捂脸],[等级28],[粉丝团 Lv6]
2026-05-16 21:18:19,1427578915392024,朰,[赞][赞][赞][666][666][666],[等级14],[粉丝团 Lv11]
2026-05-16 21:18:21,100515465222,✨甜憨憨吖🌈,有格局,[等级8],[粉丝团 Lv3]
2026-05-16 21:18:22,1525725697671843,暮云归²⁰²⁶,发财,[等级42],[粉丝团 Lv12]
2026-05-16 21:18:22,106767791004,迦_南,三号四号都是主播吗,[等级18],[粉丝团 Lv6]
2026-05-16 21:18:23,13060129382,薯条搭配土豆泥,哈哈哈哈哈哈有格局,[等级32],[粉丝团 Lv12]
2026-05-16 21:18:25,93032203992,秀儿⁵¹⁰⁷⁴,[捂脸][捂脸][捂脸],[等级19],[粉丝团 Lv12]
2026-05-16 21:18:26,102469975321,✨名门⭐️,小子情商真高[666][666],[等级19],[粉丝团 Lv15]
2026-05-16 21:18:27,55159220102,BWRZ（记录美好）,笑死,[等级36],[粉丝团 Lv16]
2026-05-16 21:18:31,93032203992,秀儿⁵¹⁰⁷⁴,@迦_南 不是,[等级19],[粉丝团 Lv12]
2026-05-16 21:18:32,62666028044,钟钟bb,大姨还在呀,[等级32],
2026-05-16 21:18:33,76927102221,足迹,我信你个鬼，你个糟老头子，坏的很。,[等级32],[粉丝团 Lv9]
2026-05-16 21:18:34,4233546532927219,🉑🈶🉑🈚,不应该是没东西吗,[等级20],[粉丝团 Lv10]
2026-05-16 21:18:34,71812741313,拜君仙⁹⁰⁹²⁷,@迦_南 粉丝,[等级30],[粉丝团 Lv15]
2026-05-16 21:18:35,4176364167504665,一斗小米,信我的永生,[等级6],
2026-05-16 21:18:38,62237980371,ℒᎭℯ⃝共卜💞金生💕⁵²º࿐狗抓鸡,必须再带一局,[等级24],[粉丝团 Lv15]
2026-05-16 21:18:39,3967481098810589,朝暮²⁷⁷,许愿🏝️上线[捂脸][捂脸][捂脸],[等级31],
2026-05-16 21:18:40,101804966887,吴可挑剔,血案,[等级20],
2026-05-16 21:18:41,1130741524601308,博哥主播,说了啥,,
2026-05-16 21:18:42,2374557380392285,雪花。,说啤酒瓶我就想起猫局昨天，,[等级3],[粉丝团 Lv3]
2026-05-16 21:18:44,98261208043,麒麟^_^,菜得练[捂脸][捂脸][捂脸][捂脸][捂脸],[等级16],[粉丝团 Lv12]
2026-05-16 21:18:45,698881292111118,5是20,也许过去就是个屁,[等级12],[粉丝团 Lv9]
2026-05-16 21:18:46,97004479072,南宁VG,这地方风水好,[等级2],[粉丝团 Lv5]
2026-05-16 21:18:47,108756856233,殷澍锴,两个人都挂在这边,[等级4],[粉丝团 Lv3]
2026-05-16 21:18:48,4453499700524396,ℳ̶̶̶̶♡̶҉℘忘川ℳᥫᩣ”,我别的直播间都没问题就着一卡一卡的额,[等级20],[粉丝团 Lv4]
2026-05-16 21:18:49,100515465222,✨甜憨憨吖🌈,这小子不能留，情商极高,[等级8],[粉丝团 Lv3]
2026-05-16 21:18:51,1367445777424910,Eucalyptus 🐸,萌妹声音真好听,[等级24],[粉丝团 Lv14]
2026-05-16 21:18:52,3204455763031220,寻🦌,有老六,[等级26],[粉丝团 Lv1]
2026-05-16 21:18:55,2739596892059571,卖小男孩的核弹,@钟钟bb 好好说话,[等级6],
2026-05-16 21:18:58,87685795754,硕歌,你得练，但是不一定管用,[等级11],[粉丝团 Lv8]
2026-05-16 21:18:58,3073835942285533,¹,纯海岛的女战神[赞],[等级5],
2026-05-16 21:19:00,4176364167504665,一斗小米,信我得永生,[等级6],
2026-05-16 21:19:02,55159220102,BWRZ（记录美好）,宁可错杀一千 不放过一个就举报[看][看][看],[等级36],[粉丝团 Lv16]
2026-05-16 21:19:03,71126905166,抖音小肋手,@ℳ̶̶̶̶♡̶℘忘川ℳᥫᩣ” 重新进入一下试试,[等级11],[粉丝团 Lv10]
2026-05-16 21:19:07,13060129382,薯条搭配土豆泥,@温棪 g x g w[比心]感谢哥[比心][比心][比心][比心],[等级32],[粉丝团 Lv12]
2026-05-16 21:19:10,71820339446,LLLIS777,1080,[等级10],
2026-05-16 21:19:10,2395184081945055,忙里偷闲⁵¹⁰⁷⁴,❤️💐❤️感谢老板，老板大气，喝茶🍵🍵🍵,[等级29],[粉丝团 Lv15]
2026-05-16 21:19:11,2008152259705040,汉、歼的审判者,@温棪 [抱抱你][抱抱你][抱抱你],[等级15],[粉丝团 Lv12]
2026-05-16 21:19:11,100780132326,🌈🌈十六,萌妹烟瘾大,[等级26],[粉丝团 Lv11]
2026-05-16 21:19:14,93032203992,秀儿⁵¹⁰⁷⁴,@钟钟bb 别在这找骂,[等级19],[粉丝团 Lv12]
2026-05-16 21:19:38,2763506534587609,梧桐树,@秀儿⁵¹⁰⁷⁴ 四号是谁？,,
2026-05-16 21:19:38,59162977083,福元,为什么会有两个空投呀,[等级15],[粉丝团 Lv6]
2026-05-16 21:19:42,61305168809,腿腿,这是在带老板吗,[等级18],[粉丝团 Lv12]
2026-05-16 21:19:44,50872828975,大海之子,抽烟的女人全部杀了[鼓掌],[等级35],
2026-05-16 21:19:51,77416951506,ら孤痞,@温棪 谢谢温木火火[看],[等级36],[粉丝团 Lv17]
2026-05-16 21:19:54,2885539345748439,旁觀者る,兄弟姐妹们，中午直播打算来送箭的那妹子那局吃鸡了吗，合影了吗,[等级14],[粉丝团 Lv8]
2026-05-16 21:19:57,4453499700524396,ℳ̶̶̶̶♡̶҉℘忘川ℳᥫᩣ”,重进好几次了 清晰度也换了还刷新感觉一卡一卡的,[等级20],[粉丝团 Lv4]
2026-05-16 21:19:57,4442475258739288,湫,老黑，提个意见，直播间进来总是很卡，看下能不能解决，看着很难受，谢谢,[等级21],[粉丝团 Lv11]
2026-05-16 21:20:05,100910484972,ㅤ ㅤㅤㅤ ㅤ,@钟钟bb 你还会说话呢？,[等级19],[粉丝团 Lv12]
2026-05-16 21:20:15,93171998731,a屁桃,@旁觀者る 没有,[等级15],[粉丝团 Lv11]
2026-05-16 21:20:19,474639356942429,多云转晴,@湫 会不会你家网问题,[等级29],[粉丝团 Lv15]
2026-05-16 21:20:19,100910484972,ㅤ ㅤㅤㅤ ㅤ,@湫 我不卡,[等级19],[粉丝团 Lv12]
2026-05-16 21:20:23,97692929095,观山海⁵¹⁰⁷⁴,@湫 有没有可能是你手机的问题[捂脸],[等级30],[粉丝团 Lv13]
2026-05-16 21:20:23,92992288513,昕愿,倒了,[等级10],[粉丝团 Lv2]
2026-05-16 21:20:23,986727866970276,如此简单呀,还有一个,,
2026-05-16 21:20:30,71126905166,抖音小肋手,@ℳ̶̶̶̶♡̶℘忘川ℳᥫᩣ” 退出抖音，网重新连一下试试。我有次也这样,[等级11],[粉丝团 Lv10]
2026-05-16 21:20:30,2395184081945055,忙里偷闲⁵¹⁰⁷⁴,[666][666][666],[等级29],[粉丝团 Lv15]
2026-05-16 21:20:30,46647388407515,不…晚…,3倍镜扔了？,,
2026-05-16 21:20:31,101875225014,🐮,牛,[等级15],[粉丝团 Lv7]
2026-05-16 21:20:31,3143595301,懒洋洋,[捂脸][捂脸][捂脸],[等级26],[粉丝团 Lv12]
2026-05-16 21:20:32,93032203992,秀儿⁵¹⁰⁷⁴,@梧桐树 战榜的大姐,[等级19],[粉丝团 Lv12]
2026-05-16 21:20:36,71812741313,拜君仙⁹⁰⁹²⁷,太爽了[泪奔][黑脸][泪奔][黑脸][泪奔][黑脸][九转大肠][一头乱麻][九转大肠][一头乱麻],[等级30],[粉丝团 Lv15]
2026-05-16 21:20:37,102469975321,✨名门⭐️,[666][666][666],[等级19],[粉丝团 Lv15]
2026-05-16 21:20:42,2885539345748439,旁觀者る,@a屁桃 谢谢,[等级14],[粉丝团 Lv8]
2026-05-16 21:20:42,3038660332100189,九月🌙,为啥这么卡,[等级13],[粉丝团 Lv10]
2026-05-16 21:20:43,4215957197431401,红桃♥️J,好爽，死一堆[捂脸],[等级9],[粉丝团 Lv10]
2026-05-16 21:20:49,2763506534587609,梧桐树,@秀儿⁵¹⁰⁷⁴ 萌妹不是三号？,,
2026-05-16 21:20:49,69565622888,偶尔の小叛逆,好肥,[等级15],
2026-05-16 21:20:50,4453499700524396,ℳ̶̶̶̶♡̶҉℘忘川ℳᥫᩣ”,我在网吧,[等级20],[粉丝团 Lv4]
2026-05-16 21:20:53,67847211974,唯一🌹,[666][666][666][666],[等级19],[粉丝团 Lv15]
2026-05-16 21:20:56,102057833976,就事论事,自救藏起来一个一会儿，完了再回来取那个,[等级7],[粉丝团 Lv9]
2026-05-16 21:20:59,100910484972,ㅤ ㅤㅤㅤ ㅤ,@九月🌙 换个手机就好了,[等级19],[粉丝团 Lv12]
2026-05-16 21:21:05,4162095481363833,mrtang,小番茄,,
2026-05-16 21:21:08,93032203992,秀儿⁵¹⁰⁷⁴,@梧桐树 他俩换号玩,[等级19],[粉丝团 Lv12]
2026-05-16 21:21:09,1276987230137771,ber,爆米花一样蹦死了[比心],,
2026-05-16 21:21:11,62467530775,平安.😼,自救给三号吧,[等级23],[粉丝团 Lv8]
2026-05-16 21:21:20,3038660332100189,九月🌙,拉卡拉,[等级13],[粉丝团 Lv10]
2026-05-16 21:21:22,75446230005,@Lucky￥,@湫 换个遥遥领先试一下[尬笑],[等级17],[粉丝团 Lv13]
2026-05-16 21:21:51,2763506534587609,梧桐树,@秀儿⁵¹⁰⁷⁴ 跟萌妹换号的是谁[捂脸],,
2026-05-16 21:21:53,71126905166,抖音小肋手,张君雅牛逼,[等级11],[粉丝团 Lv10]
2026-05-16 21:21:56,93032203992,秀儿⁵¹⁰⁷⁴,洋柿子,[等级19],[粉丝团 Lv12]
2026-05-16 21:21:57,96197197101,睡醒了就回你,牛逼,[等级19],[粉丝团 Lv5]
2026-05-16 21:21:57,65759302943,第三人称,好爽,[等级9],[粉丝团 Lv11]
2026-05-16 21:21:58,71812741313,拜君仙⁹⁰⁹²⁷,牛逼[黑脸][咒骂][黑脸][咒骂][黑脸][咒骂][黑脸][咒骂][黑脸][咒骂],[等级30],[粉丝团 Lv15]
2026-05-16 21:22:00,2782225270309235,问心,太有实力了,[等级13],[粉丝团 Lv8]
2026-05-16 21:22:00,91672910699,草履虫,[捂脸][捂脸][捂脸],[等级15],
2026-05-16 21:22:02,2532895178888260,【俩俩相忘】安静看👀🚫禁止带节奏,[捂脸][捂脸][捂脸],[等级9],
2026-05-16 21:22:04,3537571553215177,█星🔥🇨🇳,[捂脸][捂脸][捂脸][捂脸],[等级4],[粉丝团 Lv6]
2026-05-16 21:22:07,2395184081945055,忙里偷闲⁵¹⁰⁷⁴,[捂脸][捂脸],[等级29],[粉丝团 Lv15]
2026-05-16 21:22:07,92992288513,昕愿,我什么会不打你[看],[等级10],[粉丝团 Lv2]
2026-05-16 21:22:09,4494404333607655,深渊,老黑手拿把攥,[等级22],[粉丝团 Lv7]
2026-05-16 21:22:10,4508316446,大闸蟹（黎明中的花朵）,[坏笑][绝望的凝视],[等级40],[粉丝团:张君雅 Lv16]
2026-05-16 21:22:11,1257437656002798,某某.,你打的最狠了,[等级34],[粉丝团:张君雅 Lv16]
2026-05-16 21:22:11,82240872765,依然执着承诺,肯定会,[等级19],[粉丝团 Lv10]
2026-05-16 21:22:11,698881292111118,5是20,你必打的,[等级12],[粉丝团 Lv9]
2026-05-16 21:22:16,4407315866330222,123854,[捂脸][捂脸][捂脸],[等级14],[粉丝团 Lv10]
2026-05-16 21:22:16,2941934469909608,51～9527😎👍🧞‍♂️,谢宝庆呀谢宝庆，你惹她悍妇干嘛？[尬笑][尬笑][尬笑],[等级19],[粉丝团 Lv15]
2026-05-16 21:22:16,93032203992,秀儿⁵¹⁰⁷⁴,@梧桐树 那我哪知道[捂脸]我哪知道他俩啥关系,[等级19],[粉丝团 Lv12]
2026-05-16 21:22:17,1750074424306893,Zheng_Aug3_Leo,青岛的小姐姐,[等级36],[粉丝团 Lv9]
2026-05-16 21:22:18,2008152259705040,汉、歼的审判者,萌妹好可爱[捂脸][捂脸][捂脸],[等级15],[粉丝团 Lv12]
2026-05-16 21:22:18,67652067063,辰言乐,老北鼻,[等级23],[粉丝团 Lv10]
2026-05-16 21:22:18,94712180008,CX330.,谢宝庆啊谢宝庆,[等级31],[粉丝团 Lv4]
2026-05-16 21:22:18,3967481098810589,朝暮²⁷⁷,[捂脸][捂脸][捂脸],[等级31],
2026-05-16 21:22:19,7612951911537198138,一条锦鲤游啊游～,老黑：打的就是粉丝,[等级6],[粉丝团 Lv2]
2026-05-16 21:22:20,71126905166,抖音小肋手,[捂脸][捂脸],[等级11],[粉丝团 Lv10]
2026-05-16 21:22:20,101875225014,🐮,我的天，太厉害了,[等级15],[粉丝团 Lv7]
2026-05-16 21:22:20,71812741313,拜君仙⁹⁰⁹²⁷,你不轻打[捂脸][捂脸][捂脸],[等级30],[粉丝团 Lv15]
2026-05-16 21:22:20,91609062591,久久💞ــــﮩﮩ٨,萌妹撞到了啊,[等级35],[粉丝团 Lv15]
2026-05-16 21:22:23,101138818359,小鱼,[捂脸][捂脸][捂脸],[等级34],[粉丝团 Lv15]
2026-05-16 21:22:24,62978378029,钟灵毓秀,你俩秀了我一脸,[等级21],[粉丝团 Lv11]
2026-05-16 21:22:25,3664003065714740,学会沉默888,520快乐,[等级16],[粉丝团 Lv12]
2026-05-16 21:22:26,96408972583,🈚,把公屏扣在张君雅牛逼上,[等级16],
2026-05-16 21:22:28,2598859158075331,守猎者,打粉第一人,[等级8],
2026-05-16 21:22:34,60551427010,李环朗,三倍直接放复合弓上啊,[等级33],[粉丝团 Lv10]
2026-05-16 21:22:34,71126905166,抖音小肋手,[捂脸],[等级11],[粉丝团 Lv10]
2026-05-16 21:22:36,1684102039218525,博,你200子弹留着干嘛？,[等级3],
2026-05-16 21:22:39,93032203992,秀儿⁵¹⁰⁷⁴,姜子牙牛逼,[等级19],[粉丝团 Lv12]
2026-05-16 21:22:40,2763506534587609,梧桐树,@秀儿⁵¹⁰⁷⁴ [捂脸]谁问你他俩啥关系了 你直接说不知道呗,,
2026-05-16 21:22:41,106644765988,和煦,看张老黑打的咋这么轻松加愉快！,[等级25],[粉丝团 Lv11]
2026-05-16 21:22:44,99460247743,日行一善²⁰²⁶,三号是萌妹？,[等级12],[粉丝团 Lv10]
2026-05-16 21:22:51,3778395903894708,不吃香菜,卡,[等级7],[粉丝团 Lv2]
2026-05-16 21:22:51,1917990204084584,念,生活所迫  拿尊严讨个泡面  两天没吃饭有没有好心人 跪谢了,[等级13],
2026-05-16 21:22:54,1003205268617283,左右言它,200子弹留着干嘛,[等级25],[粉丝团 Lv8]
2026-05-16 21:22:55,106729703660,💫布衣✨陳💦,[666][666][666],[等级13],[粉丝团 Lv7]
2026-05-16 21:22:55,1917990204084584,念,两天没吃东西  太难了生活 有没有好心人跪谢了,[等级13],
2026-05-16 21:22:58,2395184081945055,忙里偷闲⁵¹⁰⁷⁴,❤️💐❤️感谢老板，老板大气，喝茶🍵🍵🍵,[等级29],[粉丝团 Lv15]
2026-05-16 21:23:00,13060129382,薯条搭配土豆泥,@@L_Y@⁵¹⁰⁷⁴₈₀₀₈ 感谢哥[比心][比心],[等级32],[粉丝团 Lv12]
2026-05-16 21:23:01,2008152259705040,汉、歼的审判者,@@L_Y@⁵¹⁰⁷⁴₈₀₀₈ [抱抱你][抱抱你][抱抱你],[等级15],[粉丝团 Lv12]
2026-05-16 21:23:03,2395184081945055,忙里偷闲⁵¹⁰⁷⁴,❤️💐❤️感谢老板，老板大气，喝茶🍵🍵🍵,[等级29],[粉丝团 Lv15]
2026-05-16 21:23:03,3601589106902589,刚,@博 那是338子弹,[等级20],[粉丝团 Lv11]
2026-05-16 21:23:04,108825768878,南山居士,强烈呼吁和平精英必须给和平一姐张君雅全套黄金风衣的第4天！,[等级1],
2026-05-16 21:23:05,111642458376,娱锋,@日行一善²⁰²⁶ 都是萌妹的号,[等级11],[粉丝团 Lv11]
2026-05-16 21:23:05,109163960668,༺.͡ꦿ᭄ღ过客᭄ꦿ༃,老板糊涂啊,[等级21],
2026-05-16 21:23:11,4266530398280583,xrg徐荣贵,用狙才是张老黑,[等级14],
2026-05-16 21:23:11,519437177339150,人间过客^O^,520快乐,[等级16],[粉丝团 Lv9]
2026-05-16 21:23:14,100910484972,ㅤ ㅤㅤㅤ ㅤ,@念 手机卖了 吃顿大餐,[等级19],[粉丝团 Lv12]
2026-05-16 21:23:20,2739596892059571,卖小男孩的核弹,都是大姨的号,[等级6],
2026-05-16 21:23:25,59694230817,萍萍,520快乐520快乐[比心][比心],[等级13],[粉丝团 Lv10]
2026-05-16 21:23:29,105392418367,TB12,520快乐,[等级24],[粉丝团 Lv15]
2026-05-16 21:23:29,1798426632924423,辰风,[看]12点后就没有这么好打了,[等级28],
2026-05-16 21:23:31,100056462711,是玲玲吖丶ᥫᩣ,338没子弹了,[等级29],[粉丝团 Lv8]
2026-05-16 21:23:39,2915492866562654,田园布丁,大家觉得主播打的厉害的就点点赞,[等级26],[粉丝团 Lv10]
2026-05-16 21:23:41,111120665619,乄乂,三个号都是吗？,[等级20],[粉丝团 Lv12]
2026-05-16 21:23:41,97156735623,55岁美艳毒妇,@ㅤ ㅤㅤㅤ ㅤ 哈哈哈哈[捂脸][捂脸],[等级21],[粉丝团 Lv12]
2026-05-16 21:23:46,66000111942,東,@念 中午来  现在还来,[等级6],[粉丝团 Lv2]
2026-05-16 21:23:51,3430895678660199,就要李_发财,晚上敢乱跑了，不像白天畏畏缩缩[捂脸],[等级29],
2026-05-16 21:24:00,79782168061,是非2711,怎么没见人面？,,
2026-05-16 21:24:00,519437177339150,人间过客^O^,520快乐520快乐520快乐,[等级16],[粉丝团 Lv9]
2026-05-16 21:24:06,4126937170577897,宝宝不开心啦,君姐，你的粉丝破1万了,[等级8],[粉丝团 Lv1]
2026-05-16 21:24:06,93032203992,秀儿⁵¹⁰⁷⁴,@就要李_发财 ？？？？？？,[等级19],[粉丝团 Lv12]
2026-05-16 21:24:10,1701698370278087,hsl,信号枪,[等级5],
2026-05-16 21:24:15,92992288513,昕愿,白天躲都躲不赢,[等级10],[粉丝团 Lv2]
2026-05-16 21:24:23,110079185105,呼吸🌱,@就要李_发财  没人配合，路人局咋乱跑乱杀,[等级20],[粉丝团 Lv1]
2026-05-16 21:24:23,1292615602677486,山水长虹数码音响,1080,[等级21],
2026-05-16 21:24:28,93032203992,秀儿⁵¹⁰⁷⁴,@就要李_发财 战神局你自己去跑呗,[等级19],[粉丝团 Lv12]
2026-05-16 21:24:29,92966257923,独拥小雯殿下,520快乐,[等级9],[粉丝团 Lv8]
2026-05-16 21:24:33,96471514187,小兮兮,1万人才6万赞,[等级10],[粉丝团 Lv6]
2026-05-16 21:24:33,104706507502,伈倘人,信号枪,[等级18],[粉丝团 Lv11]
2026-05-16 21:24:53,111217116338,烟心,生活所迫，拿尊严讨个媳妇，二十几年没媳妇了，有没有好心人，跪谢了,[等级8],[粉丝团 Lv6]
2026-05-16 21:24:53,60743243189,汐颜,@小兮兮 那你点,[等级12],[粉丝团 Lv10]
2026-05-16 21:24:54,70142777287,豐う,51074,[等级27],[粉丝团 Lv11]
2026-05-16 21:24:57,93032203992,秀儿⁵¹⁰⁷⁴,@就要李_发财 都是一张嘴,[等级19],[粉丝团 Lv12]
2026-05-16 21:25:02,4259925351218591,寒江雪,谁跟我一起点赞[爱心][爱心][爱心][爱心][爱心],[等级16],[粉丝团 Lv12]
2026-05-16 21:25:03,110804669846,℡空白,君雅的粉丝都不点赞[酷拽],[等级15],[粉丝团 Lv10]
2026-05-16 21:25:04,1293483307448312,序言页,@小兮兮 你快点,[等级6],[粉丝团 Lv7]
2026-05-16 21:25:04,3430895678660199,就要李_发财,@秀儿⁵¹⁰⁷⁴ 你话挺密呀，小朋友,[等级29],
2026-05-16 21:25:12,55159220102,BWRZ（记录美好）,@烟心 去个屁的,[等级36],[粉丝团 Lv16]
2026-05-16 21:25:15,93032203992,秀儿⁵¹⁰⁷⁴,@就要李_发财 你废话挺多,[等级19],[粉丝团 Lv12]
2026-05-16 21:25:18,3587055588480890,扶塘最后一个老实人,碰都没有碰到烫到了[呲牙],,
2026-05-16 21:25:19,96471514187,小兮兮,没停啊,[等级10],[粉丝团 Lv6]
2026-05-16 21:25:26,2395184081945055,忙里偷闲⁵¹⁰⁷⁴,来都来了，点点关注，亮灯牌❤️❤️❤️送送小心心,[等级29],[粉丝团 Lv15]
2026-05-16 21:25:29,118363425610868,★ · 十月冬羊．,@就要李_发财 就你有资格评论别人吗？,[等级22],[粉丝团 Lv15]
2026-05-16 21:25:31,2395184081945055,忙里偷闲⁵¹⁰⁷⁴,来都来了，点点关注，亮灯牌❤️❤️❤️送送小心心,[等级29],[粉丝团 Lv15]
2026-05-16 21:25:40,1701698370278087,hsl,信号枪,[等级5],
2026-05-16 21:25:43,78454208812,大脸猫爱吃鱼,[比心][比心][比心],[等级12],[粉丝团 Lv10]
2026-05-16 21:25:47,99549870598,顾北 ￴ ￴￴,给我个面子，把赞点到100万。,[等级30],[粉丝团 Lv13]
2026-05-16 21:25:49,3819026927860087,搁浅的鱼！！,。,[等级22],[粉丝团 Lv5]
2026-05-16 21:25:51,60993121321,现在就发财,点点赞 点点赞,[等级10],[粉丝团 Lv7]
2026-05-16 21:25:58,2069731754390944,yx,点点赞点点赞,[等级15],[粉丝团 Lv12]
2026-05-16 21:26:03,111120665619,乄乂,那叫温yan,[等级20],[粉丝团 Lv12]
2026-05-16 21:26:03,99787889302,心若兰兮终不移,@顾北 ￴ ￴￴ 不给[看],[等级34],[粉丝团 Lv4]
2026-05-16 21:26:07,3447666525090040,朐,温木火🔥？？,[等级19],[粉丝团 Lv13]
2026-05-16 21:26:09,4259925351218591,寒江雪,哇(✪ω✪)点赞的时候屏幕上都是520520快乐520快乐520快乐,[等级16],[粉丝团 Lv12]
2026-05-16 21:26:13,59093912879,清晏·景行,@顾北 ￴ ￴￴ 不给,[等级35],[粉丝团 Lv8]
2026-05-16 21:26:14,111217116338,烟心,@BWRZ（记录美好） [看],[等级8],[粉丝团 Lv6]
2026-05-16 21:26:15,1051557497414579,龙,这队友极品名字啊,[等级24],[粉丝团 Lv9]
2026-05-16 21:26:21,93087399041,七星照锦鲤,卡了,[等级17],
2026-05-16 21:26:22,91650170068,🌈花花,卡了,[等级14],
2026-05-16 21:26:23,60490022442,momo🐰,520快乐520快乐520快乐,[等级27],[粉丝团 Lv9]
2026-05-16 21:26:26,7472439803331576891,ACE、,我腊？,[等级17],[粉丝团 Lv4]
2026-05-16 21:26:27,607384838873437,👑别掉～,520快乐,[等级9],
2026-05-16 21:26:28,277516361404942,云中大漈：帅哥,520快乐520快乐[捂脸],[等级20],[粉丝团 Lv1]
2026-05-16 21:26:28,7472439803331576891,ACE、,我卡？,[等级17],[粉丝团 Lv4]
2026-05-16 21:26:29,53157713811,🌈阿波,卡了,[等级12],
2026-05-16 21:26:30,96140656696,Z....,卡,[等级13],[粉丝团 Lv11]
2026-05-16 21:26:30,1429820600760359,反正不吃香菜,卡了,[等级10],
2026-05-16 21:26:31,93087399041,七星照锦鲤,卡卡卡,[等级17],
2026-05-16 21:26:31,343486129250376,Zzz...,卡卡卡,[等级14],[粉丝团 Lv9]
2026-05-16 21:26:31,68689644015,无边界.🎀,卡了雅雅,[等级14],[粉丝团 Lv10]
2026-05-16 21:26:32,101875225014,🐮,卡？,[等级15],[粉丝团 Lv7]
2026-05-16 21:26:32,99075460350,陪伴。,点到100w主包给你们送丝袜,[等级16],[粉丝团 Lv11]
2026-05-16 21:26:32,78808950005,包包,520快乐,[等级9],
2026-05-16 21:26:33,94289307618,让世界充满香菜,卡了,[等级18],[粉丝团 Lv12]
2026-05-16 21:26:33,1946599684842282,春日捕月,点赞有特效诶,[等级6],[粉丝团 Lv5]
2026-05-16 21:26:34,1807239114666904,·喵了个咪,卡了,[等级20],[粉丝团 Lv15]
2026-05-16 21:26:34,98348519924,心中的ััꦿ᭄ﻬ海ั,卡,[等级17],[粉丝团 Lv1]
2026-05-16 21:26:34,80713123424,是铜钱，金宝，核桃，钢镚的喵主子呀～～～,卡卡,[等级14],[粉丝团 Lv10]
2026-05-16 21:26:34,2500750007610655,狼不点,？,[等级11],[粉丝团 Lv2]
2026-05-16 21:26:35,2541711077421758,🌈蜡笔小新,卡死了,[等级31],[粉丝团 Lv10]
2026-05-16 21:26:35,65972743228,快乐,老卡了,[等级11],[粉丝团 Lv11]
2026-05-16 21:26:36,319305397578456,uu,卡,[等级2],
2026-05-16 21:26:36,1666452086092492,L 。。,卡了,[等级14],[粉丝团 Lv5]
2026-05-16 21:26:36,7632744393065858106,马路卡扣,卡了,,
2026-05-16 21:26:37,95359148410,昭昭᭨如愿💕,卡了,[等级11],[粉丝团 Lv10]
2026-05-16 21:26:37,98460975967,ەㅤㅤㅤㅤㅤㅤㅤㅤㅤ一个蛋🥚 ㅤㅤㅤㅤ,[酷拽],[等级34],[粉丝团 Lv10]
2026-05-16 21:26:37,62188460684,火锅🍲,是我卡了吗？,[等级21],[粉丝团 Lv6]
2026-05-16 21:26:37,95137559702,༺猎𓆩鳜𓆪人༻,哦豁,[等级32],[粉丝团 Lv12]
2026-05-16 21:26:37,543586675076003,妖疯杰,卡,[等级16],[粉丝团 Lv2]
2026-05-16 21:26:37,96718600522,八岁习武,卡,[等级14],[粉丝团 Lv8]
2026-05-16 21:26:37,1429820600760359,反正不吃香菜,卡死了,[等级10],
2026-05-16 21:26:37,77560052576,🌈泽哥哥,我卡了,[等级20],
2026-05-16 21:26:38,105614299326,潵z悾尐誋憶,卡了,[等级15],[粉丝团 Lv11]
2026-05-16 21:26:38,1991958038316940,我去,主播卡了,[等级2],
2026-05-16 21:26:38,2440518857659115,gjw,卡,[等级3],
2026-05-16 21:26:38,59011956650,ღ᭄不念过往ꦿ࿐,卡了,[等级20],[粉丝团 Lv11]
2026-05-16 21:26:38,75420161651,黄   阿玛,卡,[等级10],
2026-05-16 21:26:38,81922832250,心之所向 (-^〇^-),卡了,[等级12],[粉丝团 Lv11]
2026-05-16 21:26:39,7597016172899632187,冰雨倾城😇,卡了,[等级33],
2026-05-16 21:26:39,100595219540,Joemx-117,卡了？,[等级14],[粉丝团 Lv8]
2026-05-16 21:26:39,99445363305,乆伴卜离,拉了,[等级13],[粉丝团 Lv7]
2026-05-16 21:26:39,1827809526030755,君雅酒店对面老黑,卡,[等级12],[粉丝团 Lv8]
2026-05-16 21:26:39,3227813815019183,孟起,卡,[等级13],[粉丝团 Lv6]
2026-05-16 21:26:39,61760575786,磊࿐้,卡卡卡卡卡卡,[等级20],
2026-05-16 21:26:39,51963385368,.   .,我以为我卡,[等级30],[粉丝团 Lv11]
2026-05-16 21:26:39,93311320853,壹梦.,卡了,[等级9],[粉丝团 Lv10]
2026-05-16 21:26:39,105436758931,困眠,卡了,[等级12],[粉丝团 Lv4]
2026-05-16 21:26:39,94014866237,回忆,卡死了,[等级30],[粉丝团 Lv3]
2026-05-16 21:26:40,2763501565389178,昭之衡,卡了,[等级5],[粉丝团 Lv1]
2026-05-16 21:26:40,71126905166,抖音小肋手,卡啦,[等级11],[粉丝团 Lv10]
2026-05-16 21:26:40,91616813169,七点兀,520快乐,[等级7],[粉丝团 Lv3]
2026-05-16 21:26:40,105011612108,雁字囬,这么卡,[等级18],[粉丝团 Lv10]
2026-05-16 21:26:40,3238488436382032,用户1324082652476,卡,[等级11],[粉丝团 Lv11]
2026-05-16 21:26:40,66739735625,崇拜,卡了,[等级5],
2026-05-16 21:26:41,58606089925,ss,卡了,[等级20],[粉丝团 Lv3]
2026-05-16 21:26:41,543586675076003,妖疯杰,卡,[等级16],[粉丝团 Lv2]
2026-05-16 21:26:41,2500744598796624,🪳🪳🪳,卡了,[等级6],[粉丝团 Lv4]
2026-05-16 21:26:42,109641567461,人间理想呀,我还以为是我卡,[等级11],[粉丝团 Lv11]
2026-05-16 21:26:42,2334957579812151,张根568,卡？,[等级10],[粉丝团 Lv10]
2026-05-16 21:26:42,266503392330851,悲伤张鱼小丸子,卡,[等级20],
2026-05-16 21:26:42,110804669846,℡空白,点个赞要命似的,[等级15],[粉丝团 Lv10]
2026-05-16 21:26:42,84875744470,Rock,都卡了,[等级33],[粉丝团 Lv12]
2026-05-16 21:26:42,1134350379006733,烟酒生,好卡，,[等级19],[粉丝团 Lv4]
2026-05-16 21:26:42,1526572873424447,堰坎边边的绿毛竹,卡,[等级32],
2026-05-16 21:26:42,101277257606,风的影子🧸,？,[等级42],[粉丝团 Lv11]
2026-05-16 21:26:42,3175868363977623,洋  仔⁸⁰⁰⁸,这么卡吗,[等级21],[粉丝团:张君雅 Lv12]
2026-05-16 21:26:42,105649705844,紫川,你卡我卡啊,[等级14],[粉丝团 Lv3]
2026-05-16 21:26:42,101895558378,光辉岁月🤟🤟🤟,卡,[等级10],[粉丝团 Lv2]
2026-05-16 21:26:42,102096829979,淡雨～萧然,卡了,[等级12],[粉丝团 Lv10]
2026-05-16 21:26:42,89434792598,、安逸,卡了,[等级10],[粉丝团 Lv9]
2026-05-16 21:26:42,104176913996,潕名指的ヾ等彳寺,520快乐,[等级28],[粉丝团 Lv12]
2026-05-16 21:26:42,1420996635792391,张老黑的好大儿,我还以为我卡[捂脸],[等级24],[粉丝团 Lv12]
2026-05-16 21:26:43,59093912879,清晏·景行,怎么卡了,[等级35],[粉丝团 Lv8]
2026-05-16 21:26:43,7473394533577851964,、卿～,现在出来很多新礼物,[等级31],[粉丝团 Lv10]
2026-05-16 21:26:43,80740002826,八九不离十,卡死了,[等级15],[粉丝团 Lv2]
2026-05-16 21:26:44,68689644015,无边界.🎀,雅雅卡了,[等级14],[粉丝团 Lv10]
2026-05-16 21:26:44,543586675076003,妖疯杰,卡,[等级16],[粉丝团 Lv2]
2026-05-16 21:26:44,101475054252,·,卡,[等级14],[粉丝团 Lv12]
2026-05-16 21:26:44,101856036008,就让往事都随风,我还以为我卡呢,[等级4],[粉丝团 Lv2]
2026-05-16 21:26:44,96909596070,Miraitowa,卡了,[等级19],
2026-05-16 21:26:44,2763501565389178,昭之衡,看不到了,[等级5],[粉丝团 Lv1]
2026-05-16 21:26:44,59183220644,www2900,卡,[等级26],[粉丝团 Lv2]
2026-05-16 21:26:44,74387273951,永康宝哥690428冠珠陶瓷批发,卡了大姐,[等级21],[粉丝团 Lv1]
2026-05-16 21:26:45,74056764786,老公@,这几天怎么这么卡？,[等级12],
2026-05-16 21:26:45,106845409794,小武,卡了,[等级6],[粉丝团 Lv9]
2026-05-16 21:26:45,7597016172899632187,冰雨倾城😇,卡死了,[等级33],
2026-05-16 21:26:45,3243996015769075,难免,我卡？,[等级12],[粉丝团 Lv1]
2026-05-16 21:26:45,319305397578456,uu,卡,[等级2],
2026-05-16 21:26:46,96529285287,@L_Y@⁵¹⁰⁷⁴₈₀₀₈,咋回事[发呆],[等级43],[粉丝团:张君雅 Lv17]
2026-05-16 21:26:46,63570268942,张歪歪,我以为我卡了[捂脸],[等级13],[粉丝团 Lv11]
2026-05-16 21:26:46,1452874105881897,用户11260272749,卡,,
2026-05-16 21:26:46,62119679974,可爱到你了,哦豁,[等级15],
2026-05-16 21:26:46,102807734423,俊🍓,完啦,[等级26],[粉丝团 Lv8]
2026-05-16 21:26:46,3965264749665753,奋斗a,卡了,[等级4],[粉丝团 Lv2]
2026-05-16 21:26:46,118363425610868,★ · 十月冬羊．,又又又停电了,[等级22],[粉丝团 Lv15]
2026-05-16 21:26:46,104369134984,with。,拉了,[等级4],
2026-05-16 21:26:46,105977908412,陈大大,是我卡了吗,[等级17],[粉丝团 Lv3]
2026-05-16 21:26:46,2475702575179399,这个我是真的喜欢,我以为就我卡了,[等级14],
2026-05-16 21:26:47,70142777287,豐う,卡,[等级27],[粉丝团 Lv11]
2026-05-16 21:26:47,96006528229,小明同学👨‍🎓,掉了？,[等级15],
2026-05-16 21:26:47,80713123424,是铜钱，金宝，核桃，钢镚的喵主子呀～～～,拉卡拉,[等级14],[粉丝团 Lv10]
2026-05-16 21:26:48,1605701701738087,是彤崽呀,卡,[等级6],
2026-05-16 21:26:48,63056364493,少年,卡,[等级15],
2026-05-16 21:26:48,116989961990570,喜欢一个人,我以为我卡呢,[等级12],[粉丝团 Lv10]
2026-05-16 21:26:48,55466809404,时光清浅依旧,卡,[等级13],[粉丝团 Lv1]
2026-05-16 21:26:48,2298446766681833,幸福的开始^O^,卡了,[等级5],
2026-05-16 21:26:48,493018001980624,放弃不后悔,10086,[等级10],[粉丝团 Lv11]
2026-05-16 21:26:49,98238207128,田不甜。,卡了,[等级13],
2026-05-16 21:26:49,71126905166,抖音小肋手,这次真都卡啦,[等级11],[粉丝团 Lv10]
2026-05-16 21:26:49,4160159374915432,斜阳丶,尽金浅浅，来报道,[等级19],[粉丝团 Lv12]
2026-05-16 21:26:49,102469975321,✨名门⭐️,萨瓦迪卡,[等级19],[粉丝团 Lv15]
2026-05-16 21:26:49,2541711077421758,🌈蜡笔小新,赚那么多能不能换一下WLAN,[等级31],[粉丝团 Lv10]
2026-05-16 21:26:49,3634320654740922,轩尼诗弟弟,卡,[等级5],
2026-05-16 21:26:49,3670593507960647,谦,我以为我卡了,[等级6],[粉丝团 Lv5]
2026-05-16 21:26:49,105305101895,随缘的烤冷面,我以为我卡了,[等级24],
2026-05-16 21:26:49,98460975967,ەㅤㅤㅤㅤㅤㅤㅤㅤㅤ一个蛋🥚 ㅤㅤㅤㅤ,卡[酷拽],[等级34],[粉丝团 Lv10]
2026-05-16 21:26:50,3745352442715644,@.,卡了,[等级2],
2026-05-16 21:26:50,2532895178888260,【俩俩相忘】安静看👀🚫禁止带节奏,我还以为我卡,[等级9],
2026-05-16 21:26:50,4356724900496122,XiiTn,我也是,[等级5],
2026-05-16 21:26:50,1222258877544510,光芒万  张,卡,[等级5],[粉丝团 Lv5]
2026-05-16 21:26:51,61268613964,呆小布.,卡了,[等级17],
2026-05-16 21:26:51,3632429062165917,🙈xoxo,老黑,[等级7],[粉丝团 Lv7]
2026-05-16 21:26:51,106680709669,心誓缘,芭比q,[等级16],[粉丝团 Lv11]
2026-05-16 21:26:51,101277257606,风的影子🧸,我以为是我卡了,[等级42],[粉丝团 Lv11]
2026-05-16 21:26:52,99209088779,秋月,卡死我了,[等级9],[粉丝团 Lv10]
2026-05-16 21:26:52,104369134984,with。,520快乐,[等级4],
2026-05-16 21:26:52,281910859799629,@少爷,卡了,[等级10],[粉丝团 Lv9]
2026-05-16 21:26:52,2817421719906032,zLy-,卡了,[等级3],
2026-05-16 21:26:52,932020701366701,用户3076875594551,卡卡卡,[等级13],
2026-05-16 21:26:52,3664003065714740,学会沉默888,[互粉],[等级16],[粉丝团 Lv12]
2026-05-16 21:26:52,935046906131703,小熊爱说话,卡,[等级7],[粉丝团 Lv6]
2026-05-16 21:26:52,7473394533577851964,、卿～,卡了,[等级31],[粉丝团 Lv10]
2026-05-16 21:26:52,101875225014,🐮,卡？,[等级15],[粉丝团 Lv7]
2026-05-16 21:26:53,108756856233,殷澍锴,我以为是我自己卡了[捂脸],[等级4],[粉丝团 Lv3]
2026-05-16 21:26:53,75420161651,黄   阿玛,卡了,[等级10],
2026-05-16 21:26:53,99240303123,🔥影儿🔥,不会又要停电吧,[等级16],[粉丝团 Lv9]
2026-05-16 21:26:53,2052114653906784,不吃糖🍬,我以为我网络问题[捂脸],,
2026-05-16 21:26:53,74056764786,老公@,好卡,[等级12],
2026-05-16 21:26:54,87797456056,菌,我以为我卡了,[等级20],
2026-05-16 21:26:54,2417196860189236,拾光✨,不动了,[等级16],
2026-05-16 21:26:54,88953647860,长安宁。,我以为就我卡,[等级9],
2026-05-16 21:26:54,99549870598,顾北 ￴ ￴￴,是老黑卡了[舔屏][恐惧][舔屏][恐惧][舔屏][恐惧],[等级30],[粉丝团 Lv13]
2026-05-16 21:26:54,97830542355,卖ྀ身ྀ不ྀ卖ྀ艺ྀ༢,哦豁，   停电了,[等级20],[粉丝团 Lv10]
2026-05-16 21:26:54,95546344151,健南春,卡卡卡,[等级12],
2026-05-16 21:26:54,4127996811935995,用户10356758886012,[赞],,
2026-05-16 21:26:54,2541711077421758,🌈蜡笔小新,卡,[等级31],[粉丝团 Lv10]
2026-05-16 21:26:54,65318692375,似水流年,卡了,[等级18],[粉丝团 Lv13]
2026-05-16 21:26:55,62119679974,可爱到你了,谁的问题？卡了,[等级15],
2026-05-16 21:26:55,96718600522,八岁习武,卡了,[等级14],[粉丝团 Lv8]
2026-05-16 21:26:55,3901515185526603,呀啦索,卡了,[等级5],
2026-05-16 21:26:56,106601464815,柳,卡了,[等级15],
2026-05-16 21:26:56,2824008837643668,Hom,卡了,,
2026-05-16 21:26:56,106767791004,迦_南,我还以为是卡了,[等级18],[粉丝团 Lv6]
2026-05-16 21:26:56,3817942478750480,伤心的你,不动了,[等级2],[粉丝团 Lv5]
2026-05-16 21:26:57,98225784642,辻 弌。,我卡了还是主播卡了？,[等级11],
2026-05-16 21:26:57,3038660332100189,九月🌙,卡死了,[等级13],[粉丝团 Lv10]
2026-05-16 21:26:57,65008922355,🌈浮夸.,停电了 所以卡了[尬笑],[等级27],[粉丝团 Lv5]
2026-05-16 21:26:57,60944771605,洪雅县瑞峰竹木加工厂,卡成狗,[等级23],
2026-05-16 21:26:57,3628844885484733,来啦,卡了,[等级2],
2026-05-16 21:26:57,86716677489,〈勇哥〉野钓,卡了,[等级15],[粉丝团 Lv8]
2026-05-16 21:26:57,3789330169987475,嗯哼,卡,[等级15],[粉丝团 Lv5]
2026-05-16 21:26:57,3073883570977624,小刘,啥情况,,
2026-05-16 21:26:57,60846740521,Luna· Jade,哦豁，卡了,[等级13],[粉丝团 Lv4]
2026-05-16 21:26:57,99997472580,放肆DI小侽人,卡了,[等级19],[粉丝团 Lv13]
2026-05-16 21:26:58,2817421719906032,zLy-,卡了,[等级3],
2026-05-16 21:26:58,4127996811935995,用户10356758886012,[呲牙],,
2026-05-16 21:26:58,100293855205,（？大叔,卡了,,
2026-05-16 21:26:58,100056462711,是玲玲吖丶ᥫᩣ,[捂脸][捂脸][捂脸],[等级29],[粉丝团 Lv8]
2026-05-16 21:26:58,1969964588214184,卧室打笨驴,我还以为网络出问题了,[等级21],[粉丝团 Lv10]
2026-05-16 21:26:58,99542162139,lulu,卡了,[等级8],
2026-05-16 21:26:58,3657438303882196,乐小喵,卡,[等级19],[粉丝团 Lv2]
2026-05-16 21:26:59,76918676189,浅唱你给的悲伤,我以为我卡了,[等级10],
2026-05-16 21:26:59,116989961990570,喜欢一个人,弄了半天老黑卡了,[等级12],[粉丝团 Lv10]
2026-05-16 21:26:59,923214816488077,妄願,看不了,[等级23],
2026-05-16 21:26:59,2963916385959575,黑仔零食,没卡,[等级10],
2026-05-16 21:26:59,1605701701738087,是彤崽呀,我以为只有我卡了,[等级6],
2026-05-16 21:26:59,93169074503,縸藜,我还以为我卡了,[等级18],[粉丝团 Lv11]
2026-05-16 21:26:59,68112236383,冀R. F 小伙,卡,[等级5],[粉丝团 Lv8]
2026-05-16 21:26:59,1767669746371549,Vvvvv,卡住了,[等级23],[粉丝团 Lv10]
2026-05-16 21:27:00,92803003327966,🚢🚀🚀🚀,[流泪],[等级4],[粉丝团 Lv4]
2026-05-16 21:27:00,109042802862,有点困,卡爆了,[等级14],
2026-05-16 21:27:00,73459388873,sun璃瑛,掉了卡了,[等级22],[粉丝团 Lv3]
2026-05-16 21:27:00,104706507502,伈倘人,卡了,[等级18],[粉丝团 Lv11]
2026-05-16 21:27:00,7573551590699975739,@、,我还以为我卡了,,
2026-05-16 21:27:00,309409680207203,用户9898222205270,我也以为我卡了呢,[等级15],
2026-05-16 21:27:01,73373250895,🈚师自通,真卡了,[等级20],[粉丝团 Lv10]
2026-05-16 21:27:01,3745352442715644,@.,卡出了,[等级2],
2026-05-16 21:27:01,3038660332100189,九月🌙,每天卡,[等级13],[粉丝团 Lv10]
2026-05-16 21:27:01,3238488436382032,用户1324082652476,君雅那边卡,[等级11],[粉丝团 Lv11]
2026-05-16 21:27:02,1410000883817616,物是人非丶,我以为我卡呢,[等级23],[粉丝团 Lv11]
2026-05-16 21:27:02,2958142095494739,盛小盛,我卡了,[等级10],[粉丝团 Lv1]
2026-05-16 21:27:02,108756856233,殷澍锴,卡,[等级4],[粉丝团 Lv3]
2026-05-16 21:27:02,63098556324,✨☀️莹,卡了,,
2026-05-16 21:27:02,75420161651,黄   阿玛,卡卡,[等级10],
2026-05-16 21:27:02,62119679974,可爱到你了,卡住了,[等级15],
2026-05-16 21:27:02,60781166615,💋甜宝儿🌈,都卡,[等级9],
2026-05-16 21:27:02,102703277923,猪肉炖粉条,我还以为是我卡了呢。,,
2026-05-16 21:27:02,847094502918092,雨停了,断网了,[等级3],[粉丝团 Lv4]
2026-05-16 21:27:02,281910859799629,@少爷,卡咯,[等级10],[粉丝团 Lv9]
2026-05-16 21:27:02,2704407724044788,匚亓,卡了,[等级15],[粉丝团 Lv7]
2026-05-16 21:27:02,78029247834,《简》,我还以为是我卡了，卡的就不动,[等级27],[粉丝团 Lv9]
2026-05-16 21:27:03,51044689674,🇨🇳,卡了,[等级13],
2026-05-16 21:27:03,94719578533,52,我次了,[等级20],[粉丝团 Lv10]
2026-05-16 21:27:03,100604674196,马克,好卡,[等级24],[粉丝团 Lv2]
2026-05-16 21:27:04,52190158005,伟子哥,卡了,[等级6],[粉丝团 Lv8]
2026-05-16 21:27:04,85348072672,好哇塞(✪▽✪),退网退网退网,[等级15],[粉丝团 Lv1]
2026-05-16 21:27:04,3967481098810589,朝暮²⁷⁷,网络告急[捂脸][捂脸][捂脸],[等级31],
2026-05-16 21:27:04,84880484245,从化#顺风顺水,卡,[等级4],
2026-05-16 21:27:04,50421957381,🍳,拉闸了,[等级16],
2026-05-16 21:27:04,94708862143,毛毛虫.,断网了,[等级34],[粉丝团 Lv8]
2026-05-16 21:27:04,105213984452,不旅游的保温杯,没了,[等级1],
2026-05-16 21:27:04,103624090741,语凌,我还以为是我卡,[等级13],[粉丝团 Lv5]
2026-05-16 21:27:04,4001867781381405,叨叨叨,喔豁,[等级22],[粉丝团 Lv10]
2026-05-16 21:27:04,96309215102,逝水留情丶,卡了,[等级7],[粉丝团 Lv3]
2026-05-16 21:27:04,71812741313,拜君仙⁹⁰⁹²⁷,完了，没交电费,[等级30],[粉丝团 Lv15]
2026-05-16 21:27:04,50440656118,ღ᭄把心归零࿐,[发呆],[等级16],[粉丝团 Lv4]
2026-05-16 21:27:04,51848403000,标得否,我以为是我的呢,[等级9],[粉丝团 Lv10]
2026-05-16 21:27:05,53599471470,A-svvv.,完蛋 又卡了,[等级18],[粉丝团 Lv11]
2026-05-16 21:27:05,96822844982,良先生,拔网线了,[等级21],
2026-05-16 21:27:05,62496824524,好困💤,卡没了,[等级24],[粉丝团 Lv6]
2026-05-16 21:27:06,2875967640449822,万柳柳小趴菜,我还以为我卡呢,[等级22],[粉丝团 Lv12]
2026-05-16 21:27:06,2131283360626551,暴富吧，皮卡丘,？？？,[等级1],
2026-05-16 21:27:06,76057053554,余温该放哪󰠇,卡卡,[等级12],
2026-05-16 21:27:06,3112078588520611,小帅🙄,我以为我卡了,[等级5],
2026-05-16 21:27:06,95927521174,初欢,我以为我卡了呢,[等级5],[粉丝团 Lv6]
2026-05-16 21:27:06,78571325695,⊙﹏⊙,卡拉彼丘,[等级1],[粉丝团 Lv2]
2026-05-16 21:27:07,4127996811935995,用户10356758886012,[666],,
2026-05-16 21:27:07,61328869279,北极熊,卡卡卡卡,[等级2],
2026-05-16 21:27:07,63027055055,美女社社长,卡卡卡卡,[等级2],
2026-05-16 21:27:07,101687967112,无脚的鸟,卡卡卡卡卡卡卡卡卡卡卡卡卡卡卡卡,[等级15],[粉丝团 Lv7]
2026-05-16 21:27:07,61135305063,ღᩚ俗人,卡了,[等级33],[粉丝团 Lv6]
2026-05-16 21:27:08,71449718911,小泽哥,卡了,[等级13],[粉丝团 Lv8]
2026-05-16 21:27:08,1556515796039133,方兴未艾,卡了,[等级16],[粉丝团 Lv6]
2026-05-16 21:27:08,98238207128,田不甜。,我以为是我卡呢,[等级13],
2026-05-16 21:27:08,84875744470,Rock,断网了,[等级33],[粉丝团 Lv12]
2026-05-16 21:27:08,109273692485,跟八旬富婆谈恋爱之每天抱着她的甲沟炎狂亲,卡了,[等级16],
2026-05-16 21:27:08,68778957380,陳默是金,还让我切画质[捂脸],[等级14],[粉丝团 Lv10]
2026-05-16 21:27:08,116989961990570,喜欢一个人,电脑又坏了？,[等级12],[粉丝团 Lv10]
2026-05-16 21:27:08,60793325751,李二蛋🏂,卡,[等级32],[粉丝团 Lv2]
2026-05-16 21:27:08,52592847352,铎羲,卡住了,[等级11],[粉丝团 Lv4]
2026-05-16 21:27:09,95467273316,云南李家古茶坊²º²⁶,我以为就我卡,[等级29],[粉丝团 Lv11]
2026-05-16 21:27:09,7597016172899632187,冰雨倾城😇,卡死了,[等级33],
2026-05-16 21:27:09,78038737885,嘿嘿,我以为我的网，看了两次,[等级7],[粉丝团 Lv10]
2026-05-16 21:27:09,96551196509,Boxing,[捂脸],[等级25],
2026-05-16 21:27:09,2031490875791127,小成成,卡了吗,[等级10],[粉丝团 Lv2]
2026-05-16 21:27:10,3962260748249928,正玺影视,又卡了？,[等级22],[粉丝团 Lv10]
2026-05-16 21:27:10,2651651401850973,云见山川,我还重新进入了几次，以为我网卡了,[等级10],[粉丝团 Lv6]
2026-05-16 21:27:10,3854222465706788,￥无名&,是我卡吗？,[等级25],[粉丝团 Lv7]
2026-05-16 21:27:10,110764516901,✘✔,卡到你外婆家去了,[等级3],[粉丝团 Lv2]
2026-05-16 21:27:10,96857350830,好运来喽！,卡了,[等级3],
2026-05-16 21:27:10,101856036008,就让往事都随风,还没好吗 这么卡,[等级4],[粉丝团 Lv2]
2026-05-16 21:27:10,70737077975,绝对ぺ緈福,我以为网卡,[等级10],[粉丝团 Lv9]
2026-05-16 21:27:10,92945206933,不做梵高.,哦豁,[等级14],
2026-05-16 21:27:10,105467129481,奋斗,限制了？,[等级14],
2026-05-16 21:27:11,4127996811935995,用户10356758886012,[看],,
2026-05-16 21:27:12,52646520064,Cc（辣卤门卤味铺子）,卡了,[等级11],[粉丝团 Lv3]
2026-05-16 21:27:12,99209088779,秋月,黑屏了,[等级9],[粉丝团 Lv10]
2026-05-16 21:27:12,394079141639065,P90,卡,[等级2],[粉丝团 Lv2]
2026-05-16 21:27:12,58218184284,摩羯男♂,以为自己卡了,[等级36],
2026-05-16 21:27:12,62977313690,LO,断网了？,[等级25],[粉丝团 Lv8]
2026-05-16 21:27:12,3038660332100189,九月🌙,看猫局去,[等级13],[粉丝团 Lv10]
2026-05-16 21:27:12,1829206389950766,伱我皆牛马,？？？？？！？,[等级25],[粉丝团 Lv2]
2026-05-16 21:27:12,101875225014,🐮,卡黑屏了,[等级15],[粉丝团 Lv7]
2026-05-16 21:27:12,1442152038021736,ztt,卡了,[等级6],
2026-05-16 21:27:12,106890095600,悠￥闲,卡卡卡,[等级37],[粉丝团 Lv5]
2026-05-16 21:27:12,118363425610868,★ · 十月冬羊．,又又又又停电了,[等级22],[粉丝团 Lv15]
2026-05-16 21:27:14,2141442928811836,凤栖阁,卡死了,[等级21],[粉丝团 Lv12]
2026-05-16 21:27:14,94708862143,毛毛虫.,停电了,[等级34],[粉丝团 Lv8]
2026-05-16 21:27:14,1706914754341008,絮见,？,[等级14],
2026-05-16 21:27:14,75430506644,🍃可乐✨,浇花去了[赞],[等级36],[粉丝团 Lv2]
2026-05-16 21:27:14,75075723471,YB12,？？？？？？？？？？？？？？？？？？？？？？,[等级2],
2026-05-16 21:27:14,67836897623,𝑯𝒆𝒍𝒍𝒐 Mr 陳,我以为是我的网络问题,[等级23],[粉丝团 Lv11]
2026-05-16 21:27:14,78571325695,⊙﹏⊙,520快乐,[等级1],[粉丝团 Lv2]
2026-05-16 21:27:15,93787904657,老哥,又停电了,[等级23],[粉丝团 Lv12]
2026-05-16 21:27:15,343486129250376,Zzz...,估计老黑的平板发烫了,[等级14],[粉丝团 Lv9]
2026-05-16 21:27:15,53911070638,平常心,以为我卡了[抠鼻][抠鼻][抠鼻],[等级12],[粉丝团 Lv9]
2026-05-16 21:27:15,486398830848045,雪雪和强哥,？,[等级4],
2026-05-16 21:27:15,109600067848,沉默,还以为是我手机卡了呢,[等级26],[粉丝团 Lv5]
2026-05-16 21:27:15,2626060024550940,改天是哪天.,到底是谁卡了,[等级2],
2026-05-16 21:27:15,4372090580909815,执着终究输,卡了,[等级12],[粉丝团 Lv8]
2026-05-16 21:27:15,97895275715,匠鑫模具,又要放假了,[等级23],[粉丝团 Lv11]
2026-05-16 21:27:16,835246774297879,联合 软膜材料,卡了,[等级15],[粉丝团 Lv8]
2026-05-16 21:27:16,1829206389950766,伱我皆牛马,？？？,[等级25],[粉丝团 Lv2]
2026-05-16 21:27:16,72667854111,一只扬,啥情况啊,[等级17],[粉丝团 Lv7]
2026-05-16 21:27:16,3670593507960647,谦,延迟一分钟，卡了老黑都不知道,[等级6],[粉丝团 Lv5]
2026-05-16 21:27:17,74056764786,老公@,我以为是我卡，没想到你们大家都卡,[等级12],
2026-05-16 21:27:17,63217086762,俊行致远,卡,[等级15],[粉丝团 Lv11]
2026-05-16 21:27:17,60793325751,李二蛋🏂,投屏都卡下来了,[等级32],[粉丝团 Lv2]
2026-05-16 21:27:17,87483850393,堪培拉的风,？？？？,[等级27],[粉丝团 Lv5]
2026-05-16 21:27:17,1367445777424910,Eucalyptus 🐸,一激动提踢网线了？,[等级24],[粉丝团 Lv14]
2026-05-16 21:27:17,2246995185243198,道友，请留步,卡了,[等级2],
2026-05-16 21:27:17,245936687944350,煮酒者,卡卡,[等级15],[粉丝团 Lv12]
2026-05-16 21:27:18,923214816488077,妄願,卡卡卡卡卡卡卡卡卡卡卡卡卡卡卡卡卡卡卡卡卡卡卡卡卡卡卡卡卡卡卡卡卡卡卡卡卡卡卡卡卡卡卡卡卡卡卡卡卡卡,[等级23],
2026-05-16 21:27:18,108825768878,南山居士,隔壁邻居偷电,[等级1],
2026-05-16 21:27:18,3723397241514860,欺侮老头,完了，又停电了？,,
2026-05-16 21:27:18,96999040000,银河通缉令,卡,[等级8],[粉丝团 Lv5]
2026-05-16 21:27:18,3705782183399833,冰雨,？？？,,
2026-05-16 21:27:19,7521532263738541113,秋天的海风,啥情况,[等级3],[粉丝团 Lv8]
2026-05-16 21:27:19,63027055055,美女社社长,卡卡卡卡卡卡卡卡卡卡,[等级2],
2026-05-16 21:27:19,69513036064,小小韩,是我卡了吗,[等级13],[粉丝团 Lv10]
2026-05-16 21:27:19,101822137025,💞ꦽ满是心酸ꦿ皆是遗憾,还以为是我网络问题,[等级13],[粉丝团 Lv8]
2026-05-16 21:27:19,1829206389950766,伱我皆牛马,？？？？,[等级25],[粉丝团 Lv2]
2026-05-16 21:27:19,105689188797,一切归0️⃣,卡了等一下,[等级43],[粉丝团:张君雅 Lv19]
2026-05-16 21:27:20,87074209700,♪.蔚儿🥐,？,[等级31],
2026-05-16 21:27:20,76490847219,👨╭💳刷我滴卡杨,艹都不动了,[等级19],
2026-05-16 21:27:20,3496917899426304,王者日常秀,断网了,,
2026-05-16 21:27:20,3628844885484733,来啦,卡,[等级2],
2026-05-16 21:27:20,1134350379006733,烟酒生,拔网线了？,[等级19],[粉丝团 Lv4]
2026-05-16 21:27:21,60781166615,💋甜宝儿🌈,我还以为是我卡了,[等级9],
2026-05-16 21:27:21,2824008837643668,Hom,卡了,,
2026-05-16 21:27:21,103790275797,浙里伴,人呢,[等级8],[粉丝团 Lv9]
2026-05-16 21:27:21,2638426362375405,小依,有画面了,[等级15],[粉丝团 Lv11]
2026-05-16 21:27:21,3705782183399833,冰雨,》？？？？,,
2026-05-16 21:27:22,75885705876,tAN~💱🔰,我还退出再进，原来老黑卡,[等级31],[粉丝团 Lv12]
2026-05-16 21:27:22,101856036008,就让往事都随风,卡的不动了🤦‍♂️,[等级4],[粉丝团 Lv2]
2026-05-16 21:27:22,1533148587894504,ꦿོ༻墨染楠笙༺,被举报了,[等级9],
2026-05-16 21:27:23,63217086762,俊行致远,卡的,[等级15],[粉丝团 Lv11]
2026-05-16 21:27:23,1829206389950766,伱我皆牛马,？？？？？,[等级25],[粉丝团 Lv2]
2026-05-16 21:27:23,60993121321,现在就发财,断网了啊。,[等级10],[粉丝团 Lv7]
2026-05-16 21:27:23,464452240027865,南城✗雨落༉,我拔的网线,[等级29],
2026-05-16 21:27:23,97709323957,烟雨稠,没交网费,[等级4],
2026-05-16 21:27:23,108239413902,包,又卡,[等级1],[粉丝团 Lv2]
2026-05-16 21:27:23,104929377161,大爷,我以为我卡了，到处找位置,[等级17],[粉丝团 Lv5]
2026-05-16 21:27:23,3825901139410685,李哥,我以为是我家网卡了,[等级31],[粉丝团 Lv10]
2026-05-16 21:27:23,95612560308,@锋哥,又欠费了[捂脸],[等级13],
2026-05-16 21:27:24,60339107486,语,？,[等级2],[粉丝团 Lv3]
2026-05-16 21:27:24,66000111942,東,我刚点 篮光   我以为我卡了,[等级6],[粉丝团 Lv2]
2026-05-16 21:27:24,3491663673567784,横渠四句,我以为我卡了,[等级15],[粉丝团 Lv5]
2026-05-16 21:27:24,690120964189620,逸澄,我还以为我卡了,[等级28],[粉丝团 Lv5]
2026-05-16 21:27:24,59746128050,随遇而安,卡了,[等级25],[粉丝团 Lv2]
2026-05-16 21:27:24,96214406741,往事如风,设备不能搞搞好,[等级29],[粉丝团 Lv12]
2026-05-16 21:27:25,4127996811935995,用户10356758886012,[玫瑰],,
2026-05-16 21:27:25,3913913666903720,太阳☀,棪（读yan 炎）,[等级41],[粉丝团 Lv13]
2026-05-16 21:27:26,98519895327,玫瑰你拿才好看,卡了,[等级8],[粉丝团 Lv5]
2026-05-16 21:27:26,91682738528,DYBB,抬走下一位[捂脸],[等级29],
2026-05-16 21:27:26,4259925351218591,寒江雪,没事， 她卡她的   我们点赞520快乐520快乐520快乐,[等级16],[粉丝团 Lv12]
2026-05-16 21:27:26,98010310613,一枚小蛋蛋,下播 下播 下播,,
2026-05-16 21:27:26,2532895178888260,【俩俩相忘】安静看👀🚫禁止带节奏,我滴天，卡了，能看到吗[发呆],[等级9],
2026-05-16 21:27:26,97438866789,晚风🌾,是卡着了吗,[等级15],
2026-05-16 21:27:26,71182698712,德成（码字人）,老黑卡死了,[等级7],[粉丝团 Lv2]
2026-05-16 21:27:27,7573551590699975739,@、,被偷家了,,
2026-05-16 21:27:27,61226959541,路人甲的煽情༊,卡了？,[等级23],[粉丝团 Lv8]
2026-05-16 21:27:27,1829206389950766,伱我皆牛马,？？？？？？,[等级25],[粉丝团 Lv2]
2026-05-16 21:27:27,101688175963,从风,卡卡卡卡卡,[等级23],[粉丝团 Lv6]
2026-05-16 21:27:27,3356154399829091,³⁹⁹,我以为我卡了呢,[等级6],[粉丝团 Lv5]
2026-05-16 21:27:27,85026040227,做人优于做事,我卡了吗,[等级29],[粉丝团 Lv9]
2026-05-16 21:27:28,2782184854794804,嘦姕,没了,[等级20],[粉丝团 Lv2]
2026-05-16 21:27:28,14875459344,兔子,谁卡了,[等级10],
2026-05-16 21:27:28,55159220102,BWRZ（记录美好）,成都网真不好[懵][懵][懵],[等级36],[粉丝团 Lv16]
2026-05-16 21:27:29,1900375782994060,有我有一切,播不了了，电脑死机了[捂脸][捂脸][捂脸][捂脸][捂脸][捂脸],[等级24],
2026-05-16 21:27:29,2365787403984237,平度蟹蟹哥手抓海鲜,我以为我卡了呢,[等级29],
2026-05-16 21:27:29,65318692375,似水流年,黑了,[等级18],[粉丝团 Lv13]
2026-05-16 21:27:29,103790275797,浙里伴,出来,[等级8],[粉丝团 Lv9]
2026-05-16 21:27:29,2330580519498381,故里+,卡死,[等级8],[粉丝团 Lv3]
2026-05-16 21:27:29,2870198053640221,青柠.,偷的网,[等级3],[粉丝团 Lv2]
2026-05-16 21:27:29,311870894390839,小强,我还以为我断网了,[等级18],
2026-05-16 21:27:29,2656010348025624,昊昊,咔咔咔。,[等级8],[粉丝团 Lv6]
2026-05-16 21:27:29,11040850491,楠影星泽（🏃🏻‍♂️互）,我以为我卡呢,[等级8],
2026-05-16 21:27:30,98460975967,ەㅤㅤㅤㅤㅤㅤㅤㅤㅤ一个蛋🥚 ㅤㅤㅤㅤ,停电断网了[捂脸],[等级34],[粉丝团 Lv10]
2026-05-16 21:27:31,3587055588480890,扶塘最后一个老实人,[捂脸],,
2026-05-16 21:27:31,1758812041909997,回忆🐸,老黑了,[等级18],[粉丝团 Lv15]
2026-05-16 21:27:31,64891362014,灵子,咋啦？？？？？？？？？？？？？？看不见了,[等级9],[粉丝团 Lv6]
2026-05-16 21:27:31,1358622873619940,爱言珠宝-钻戒定制,卡没了,[等级18],
2026-05-16 21:27:31,1829206389950766,伱我皆牛马,？？？？？？？,[等级25],[粉丝团 Lv2]
2026-05-16 21:27:32,62532676545,单色黎明,这下真黑了,[等级36],
2026-05-16 21:27:32,4127996811935995,用户10356758886012,[流泪],,
2026-05-16 21:27:32,55159220102,BWRZ（记录美好）,我说白了,[等级36],[粉丝团 Lv16]
2026-05-16 21:27:32,103486923518,(ノへ`、)海哥仔🐲,又可以休息了,[等级11],[粉丝团 Lv10]
2026-05-16 21:27:32,2651651401850973,云见山川,这不得去猫局那里问问啊,[等级10],[粉丝团 Lv6]
2026-05-16 21:27:32,2552435347306792,“”迷茫”,搞不成了,[等级5],[粉丝团 Lv7]
2026-05-16 21:27:33,85348072672,好哇塞(✪▽✪),哈哈哈哈哈哈哈哈哈哈哈哈哈哈哈哈哈哈哈哈哈哈哈哈哈哈,[等级15],[粉丝团 Lv1]
2026-05-16 21:27:33,93277570347,本༒是俗人,我还以为我网不对,[等级18],[粉丝团 Lv3]
2026-05-16 21:27:33,71126905166,抖音小肋手,老黑网费有吗,[等级11],[粉丝团 Lv10]
2026-05-16 21:27:33,80713123424,是铜钱，金宝，核桃，钢镚的喵主子呀～～～,完啦，停电了吧,[等级14],[粉丝团 Lv10]
2026-05-16 21:27:33,64124242405,Dreamer,投屏掉了,,
2026-05-16 21:27:34,101687967112,无脚的鸟,卡卡卡卡卡卡卡卡卡卡卡卡卡,[等级15],[粉丝团 Lv7]
2026-05-16 21:27:34,2395184081945055,忙里偷闲⁵¹⁰⁷⁴,520快乐520快乐520快乐,[等级29],[粉丝团 Lv15]
2026-05-16 21:27:34,106357344136,龙,卡没了,[等级29],[粉丝团 Lv13]
2026-05-16 21:27:35,3347394361297940,橙味奶祺🍫,？,[等级19],[粉丝团 Lv8]
2026-05-16 21:27:35,67024475993,小艺大王,卡,[等级9],
2026-05-16 21:27:35,3246177278230717,碰倒,又停电了？,[等级20],[粉丝团 Lv8]
2026-05-16 21:27:35,87199394396,小曹跑不动,卡了,[等级18],
2026-05-16 21:27:35,99787889302,心若兰兮终不移,被对面拔网线了,[等级34],[粉丝团 Lv4]
2026-05-16 21:27:37,1991958038316940,我去,是不是忘记交网费了,[等级2],
2026-05-16 21:27:37,101602471310,🌸李.别管🌸⁵¹⁰⁷²,[捂脸][捂脸][捂脸]谢没了,[等级20],[粉丝团 Lv13]
2026-05-16 21:27:37,1829206389950766,伱我皆牛马,？？？？？？？？？,[等级25],[粉丝团 Lv2]
2026-05-16 21:27:37,97391065780,Mc小四,不是卡,[等级22],[粉丝团 Lv14]
2026-05-16 21:27:38,2638426362375405,小依,刚有画面,[等级15],[粉丝团 Lv11]
2026-05-16 21:27:38,75075723471,YB12,？？？？？？？？？？？？？？？？？？？？？？？？？？？？？？？？？？？？？？？？？？,[等级2],
2026-05-16 21:27:39,101856036008,就让往事都随风,什么情况🤔,[等级4],[粉丝团 Lv2]
2026-05-16 21:27:39,4356724900496122,XiiTn,我还以为只有我,[等级5],
2026-05-16 21:27:39,98010310613,一枚小蛋蛋,网线被剪了,,
2026-05-16 21:27:39,121385257828032,·小泽..,我去了！,,
2026-05-16 21:27:39,64075060327,一路小跑,抬走了,[等级13],[粉丝团 Lv10]
2026-05-16 21:27:39,200580296878250,ο▬▬▬◙▅▅▆▆▆▆◤千,我以为我卡了呢,[等级7],[粉丝团 Lv10]
2026-05-16 21:27:40,52646520064,Cc（辣卤门卤味铺子）,没画面了,[等级11],[粉丝团 Lv3]
2026-05-16 21:27:40,3821544740241006,ZY,卡死了,[等级21],
2026-05-16 21:27:40,1829206389950766,伱我皆牛马,？,[等级25],[粉丝团 Lv2]
2026-05-16 21:27:40,67686863587,🇨🇳房   🍬3️⃣   岁,撒情况,[等级12],[粉丝团 Lv4]
2026-05-16 21:27:41,97600631186,Zik-,520快乐,[等级17],[粉丝团 Lv9]
2026-05-16 21:27:41,281910859799629,@少爷,房子塌了,[等级10],[粉丝团 Lv9]
2026-05-16 21:27:41,70027785103,噢☞坏男人,卡死了,[等级7],
2026-05-16 21:27:41,105685248806,雷与灵,卡卡,[等级14],[粉丝团 Lv10]
2026-05-16 21:27:41,3109899729643216,自由的风,我靠，我以为我卡，我都把wifi关了,[等级13],[粉丝团 Lv11]
2026-05-16 21:27:42,61226959541,路人甲的煽情༊,好卡,[等级23],[粉丝团 Lv8]
2026-05-16 21:27:42,547998865294616,金疙瘩,该换设备，影响观影,[等级4],
2026-05-16 21:27:42,58022069792,嘿！杰,你卡了,[等级3],
2026-05-16 21:27:42,98238207128,田不甜。,卡了完犊子了,[等级13],
2026-05-16 21:27:43,923214816488077,妄願,没了,[等级23],
2026-05-16 21:27:44,102399851609,别闹,真的卡,[等级32],
2026-05-16 21:27:44,2392170377267661,张店同城快印,又中病毒了,[等级3],
2026-05-16 21:27:44,1829206389950766,伱我皆牛马,？？,[等级25],[粉丝团 Lv2]
2026-05-16 21:27:44,2532895178888260,【俩俩相忘】安静看👀🚫禁止带节奏,我切两次都卡,[等级9],
2026-05-16 21:27:44,101856036008,就让往事都随风,还能看吗,[等级4],[粉丝团 Lv2]
2026-05-16 21:27:45,1291293317931904,徐运,卡了,[等级28],
2026-05-16 21:27:45,111427396941,风,看猫局,[等级22],[粉丝团 Lv11]
2026-05-16 21:27:45,62198742039,🌈咬不断的痰,我以为我卡了,[等级18],[粉丝团 Lv3]
2026-05-16 21:27:45,60763626650,广饶安装服务,不好意思，网线被剪断了,[等级22],
2026-05-16 21:27:45,1728065454751395,小蒙,卡沟里了,[等级11],
2026-05-16 21:27:45,866057902897223,shamsoon,？？？，,[等级10],
2026-05-16 21:27:45,70027785103,噢☞坏男人,大老黑,[等级7],
2026-05-16 21:27:45,101895558378,光辉岁月🤟🤟🤟,人呢,[等级10],[粉丝团 Lv2]
2026-05-16 21:27:47,3532063191606712,浅羽<服饰定制>限量,大卡蛋子,[等级2],
2026-05-16 21:27:47,2638426362375405,小依,别下播[流泪][流泪],[等级15],[粉丝团 Lv11]
2026-05-16 21:27:47,93944839374,何先生,我卡还是你卡,[等级19],[粉丝团 Lv10]
2026-05-16 21:27:47,1971854602142396,感悟@,开始看黑白电视📺了,[等级3],
2026-05-16 21:27:47,383067601516935,回城补个妆,我卡住了吗,[等级11],[粉丝团 Lv5]
2026-05-16 21:27:47,1829206389950766,伱我皆牛马,？？？,[等级25],[粉丝团 Lv2]
2026-05-16 21:27:47,479040158833726,浮生,老黑,[等级10],[粉丝团 Lv2]
2026-05-16 21:27:47,3356154399829091,³⁹⁹,停水停电了,[等级6],[粉丝团 Lv5]
2026-05-16 21:27:48,96909596070,Miraitowa,卡死了,[等级19],
2026-05-16 21:27:48,2031487343664568,Lawfe,520快乐,[等级25],[粉丝团 Lv10]
2026-05-16 21:27:48,59180132182,可否许我在少年,我去我还以为我卡了我使劲换网络[捂脸][捂脸][捂脸][捂脸][捂脸],[等级7],[粉丝团 Lv7]
2026-05-16 21:27:49,96949891154,热血与梦想ね,被人偷网了,[等级15],[粉丝团 Lv11]
2026-05-16 21:27:49,102628639095,@大哥哥@,爆炸弓把屏幕炸了,[等级46],[粉丝团 Lv12]
2026-05-16 21:27:49,96999040000,银河通缉令,卡,[等级8],[粉丝团 Lv5]
2026-05-16 21:27:49,7542012252325905468,一个人,？？？？,[等级2],
2026-05-16 21:27:49,97610404908,PL,网线被拔了,[等级15],
2026-05-16 21:27:50,74796340829,摘 星陈,？？？？？,[等级26],[粉丝团 Lv3]
2026-05-16 21:27:50,1829206389950766,伱我皆牛马,？？？？,[等级25],[粉丝团 Lv2]
2026-05-16 21:27:51,61320726473,郭哥,卡了卡了卡了,[等级1],
2026-05-16 21:27:51,14875459344,兔子,房子卡了,[等级10],
2026-05-16 21:27:51,110124124311,Ronin⊙,张老黑,[等级12],[粉丝团 Lv6]
2026-05-16 21:27:51,65972743228,快乐,干嘛去了？卡死了！快整整。没办法看了！,[等级11],[粉丝团 Lv11]
2026-05-16 21:27:51,3347394361297940,橙味奶祺🍫,想早退是吧,[等级19],[粉丝团 Lv8]
2026-05-16 21:27:52,71126905166,抖音小肋手,不要停电吧,[等级11],[粉丝团 Lv10]
2026-05-16 21:27:53,2661268843147476,大白菜,完了，停电了[捂脸][捂脸],[等级37],[粉丝团 Lv2]
2026-05-16 21:27:53,55159220102,BWRZ（记录美好）,@一切归0️⃣ 我现在需要实时播报[看][看][看][看][看][看][看][看],[等级36],[粉丝团 Lv16]
2026-05-16 21:27:53,923214816488077,妄願,卡死了,[等级23],
2026-05-16 21:27:53,3993880314003203,野，,补时长。加班,[等级16],[粉丝团 Lv1]
2026-05-16 21:27:53,1829206389950766,伱我皆牛马,？？？？？,[等级25],[粉丝团 Lv2]
2026-05-16 21:27:54,3913913666903720,太阳☀,不动了吗？,[等级41],[粉丝团 Lv13]
2026-05-16 21:27:54,1560897837869139,风之骄子,老黑自己拔网线了,[等级32],[粉丝团 Lv15]
2026-05-16 21:27:55,111404229078,阿金,我超威，你倒是播好的呀,[等级15],
2026-05-16 21:27:55,85318919447,为你忠诚,卡死了,[等级2],
2026-05-16 21:27:56,98286974398,🌈,又卡了,[等级25],[粉丝团 Lv4]
2026-05-16 21:27:56,63027055055,美女社社长,最近你这网不行🙅,[等级2],
2026-05-16 21:27:56,281910859799629,@少爷,完了,[等级10],[粉丝团 Lv9]
2026-05-16 21:27:56,93549182554,Eternity,通知，停电了,[等级43],
2026-05-16 21:27:56,1956757538102459,🌈糖糖🌺🌺,停电了,[等级20],[粉丝团 Lv10]
2026-05-16 21:27:57,97391065780,Mc小四,卵了卵了,[等级22],[粉丝团 Lv14]
2026-05-16 21:27:57,101822137025,💞ꦽ满是心酸ꦿ皆是遗憾,在这数据无线切换,[等级13],[粉丝团 Lv8]
2026-05-16 21:27:57,1829206389950766,伱我皆牛马,？？？？？？,[等级25],[粉丝团 Lv2]
2026-05-16 21:27:58,2638426362375405,小依,不下播 修一下吧[流泪][流泪][流泪],[等级15],[粉丝团 Lv11]
2026-05-16 21:27:58,96999040000,银河通缉令,停电了,[等级8],[粉丝团 Lv5]
2026-05-16 21:27:58,111404229078,阿金,我超威，你倒是播好的呀,[等级15],
2026-05-16 21:27:59,62037881856,啵龙西,卡了,[等级5],[粉丝团 Lv2]
2026-05-16 21:27:59,163206174093518,小小乐🍊,卡了,[等级21],[粉丝团 Lv12]
2026-05-16 21:27:59,2590079228859485,✔️,我以为我卡了,[等级3],
2026-05-16 21:27:59,95579765825,鱼䲆鱻䲜@,akkakakakakakkakakakkakakakak,[等级9],[粉丝团 Lv3]
2026-05-16 21:28:01,82555286983,游,？？？,[等级4],[粉丝团 Lv6]
2026-05-16 21:28:01,866032946527787,牛 二,完了又停电了？,[等级25],[粉丝团 Lv15]
2026-05-16 21:28:03,1691517243364212,肉丸子,我说呢,[等级10],[粉丝团 Lv4]
2026-05-16 21:28:03,3298148086449303,热心市民杨先生,我还以为是我网卡了,[等级10],[粉丝团 Lv10]
2026-05-16 21:28:05,3927077882177272,隐昔,人呢,[等级15],[粉丝团 Lv11]
2026-05-16 21:28:05,22080829482,🍋,？？？？？？,[等级10],[粉丝团 Lv1]
2026-05-16 21:28:05,82555286983,游,？,[等级4],[粉丝团 Lv6]
2026-05-16 21:28:06,1291293317931904,徐运,卡了,[等级28],
2026-05-16 21:28:07,58790772834,ღ᭄ꦿ人间卟清醒】 ҉҉҉҉：,网卡拔了,[等级44],
2026-05-16 21:28:07,4090615603673671,ꫛꫀ陳先森•⚘,猫去封烟,[等级17],
2026-05-16 21:28:08,95629382838,🌈天空,下雨打雷了嘛,[等级18],
2026-05-16 21:28:08,3331954428877587,燕儿翩翩飞,欧,[等级2],
2026-05-16 21:28:08,3778386515474196,陈先生,我看没卡啊,[等级13],[粉丝团 Lv10]
2026-05-16 21:28:08,52646520064,Cc（辣卤门卤味铺子）,今晚又得加班了,[等级11],[粉丝团 Lv3]
2026-05-16 21:28:09,80797621894,猫俢,我还以为是我卡了呢[捂脸],[等级24],[粉丝团 Lv10]
2026-05-16 21:28:11,3993880314003203,野，,加班,[等级16],[粉丝团 Lv1]
2026-05-16 21:28:12,101954260623,心如止水,还以为我卡呢[捂脸][捂脸][捂脸],[等级8],[粉丝团 Lv3]
2026-05-16 21:28:12,281910859799629,@少爷,停电通知,[等级10],[粉丝团 Lv9]
2026-05-16 21:28:12,95579765825,鱼䲆鱻䲜@,卡卡卡卡卡卡卡卡卡卡卡,[等级9],[粉丝团 Lv3]
2026-05-16 21:28:15,74128966615,美式加冰🧊,被抬了,[等级18],
2026-05-16 21:28:15,3993880314003203,野，,加班,[等级16],[粉丝团 Lv1]
2026-05-16 21:28:16,105689188797,一切归0️⃣,停了一下电，稍等[呲牙],[等级43],[粉丝团:张君雅 Lv19]
2026-05-16 21:28:17,3778386515474196,陈先生,团灭了,[等级13],[粉丝团 Lv10]
2026-05-16 21:28:18,4331724512952494,乐在其中,拔网线了,[等级20],[粉丝团 Lv8]
2026-05-16 21:28:18,98531320097,人间果味,我以为我卡了,[等级20],
2026-05-16 21:28:18,2532895178888260,【俩俩相忘】安静看👀🚫禁止带节奏,😭精彩的环节,[等级9],
2026-05-16 21:28:20,64891362014,灵子,老黑的电脑有问题了吧？不稳定,[等级9],[粉丝团 Lv6]
2026-05-16 21:28:20,1788283149357412,金木水火土,主播你被雷击了吗？,[等级9],[粉丝团 Lv1]
2026-05-16 21:28:20,1956757538102459,🌈糖糖🌺🌺,[尴尬流汗][尴尬流汗][尴尬流汗],[等级20],[粉丝团 Lv10]
2026-05-16 21:28:21,1291293317931904,徐运,我把路由器重启了,[等级28],
2026-05-16 21:28:22,311914706515448,私有星芒,怎么个事,[等级9],[粉丝团 Lv8]
2026-05-16 21:28:22,3601589106902589,刚,完犊子了,[等级20],[粉丝团 Lv11]
2026-05-16 21:28:24,121385257828032,·小泽..,老黑不会还没发现直播间卡没了吧,,
2026-05-16 21:28:24,64607624757,曾经少年,我刚要给宽带打投诉电话   一看弹幕都卡了,[等级22],[粉丝团 Lv6]
2026-05-16 21:28:25,3331954428877587,燕儿翩翩飞,网费交了吗,[等级2],
2026-05-16 21:28:27,95579765825,鱼䲆鱻䲜@,卡卡卡卡卡卡卡卡卡卡卡卡卡卡卡卡,[等级9],[粉丝团 Lv3]
2026-05-16 21:28:28,311870894390839,小强,什么鬼啊，再不好人都没了,[等级18],
2026-05-16 21:28:28,3821544740241006,ZY,去看猫局,[等级21],
2026-05-16 21:28:30,3993880314003203,野，,补时长加班,[等级16],[粉丝团 Lv1]
2026-05-16 21:28:31,3430895678660199,就要李_发财,黑子，说话,[等级29],
2026-05-16 21:28:32,1788283149357412,金木水火土,张君雅,[等级9],[粉丝团 Lv1]
2026-05-16 21:28:33,52050847967,🔆詻妖妖🥕,我也以为我卡了[捂脸],[等级15],[粉丝团 Lv8]
2026-05-16 21:28:34,93027815355,路漫漫其修远兮∈,咋回事了,[等级16],[粉丝团 Lv1]
2026-05-16 21:28:34,101789812445,沉默,张老黑，停水停电了啊[捂脸],[等级20],[粉丝团 Lv10]
2026-05-16 21:28:35,64133755439,龍少⁸⁰⁰⁸,我以为是我卡了,[等级28],[粉丝团 Lv11]
2026-05-16 21:28:38,3601589106902589,刚,啥也没有了,[等级20],[粉丝团 Lv11]
2026-05-16 21:28:39,1138697502201755,谁要吃辣妹,走好多人。[流泪],[等级4],[粉丝团 Lv4]
2026-05-16 21:28:39,60846740521,Luna· Jade,投屏掉了,[等级13],[粉丝团 Lv4]
2026-05-16 21:28:40,63027055055,美女社社长,拜拜了您嘞,[等级2],
2026-05-16 21:28:41,67686863587,🇨🇳房   🍬3️⃣   岁,人跑完了,[等级12],[粉丝团 Lv4]
2026-05-16 21:28:44,4391881922061728,AJ331,怎么了这是？,,
2026-05-16 21:28:44,64133755439,龍少⁸⁰⁰⁸,520快乐,[等级28],[粉丝团 Lv11]
2026-05-16 21:28:47,4353662066371230,小夏&#,人呢,[等级16],
2026-05-16 21:28:49,311870894390839,小强,没人了,[等级18],
2026-05-16 21:28:50,383067601516935,回城补个妆,卡住了,[等级11],[粉丝团 Lv5]
2026-05-16 21:28:50,95579765825,鱼䲆鱻䲜@,她在拉屎,[等级9],[粉丝团 Lv3]
2026-05-16 21:28:51,3408098413512419,心静自然,你们咋老停电我们从来不停,[等级30],[粉丝团 Lv11]
2026-05-16 21:28:53,1777277832279591,等天亮,？,[等级22],[粉丝团 Lv6]
2026-05-16 21:28:53,95390948668,大王来巡山,怎么了？,[等级21],[粉丝团 Lv4]
2026-05-16 21:28:55,99207755433,魚,停电了,[等级13],[粉丝团 Lv5]
2026-05-16 21:28:56,3889430151311972,ㅤㅤㅤㅤㅤㅤ,卡了吧,[等级15],[粉丝团 Lv4]
2026-05-16 21:28:56,67944418849,薄荷本心❤️,又掉,[等级8],
2026-05-16 21:29:01,311870894390839,小强,撤了,[等级18],
2026-05-16 21:29:03,64133755439,龍少⁸⁰⁰⁸,520快乐520快乐520快乐,[等级28],[粉丝团 Lv11]
2026-05-16 21:29:03,111156712881,日行一善积大德🙏日行两善积大大德,哎哟我去,[等级18],[粉丝团 Lv10]
2026-05-16 21:29:03,1138694405504564,Ly李岩,怎么关注里面进不来,[等级25],[粉丝团 Lv14]
2026-05-16 21:29:03,85921616488,可乐的哥哥,欧吼,,
2026-05-16 21:29:05,95051246319,猫寧,咋滴啦,[等级12],[粉丝团 Lv8]
2026-05-16 21:29:09,866032946527787,牛 二,是萌妹干的吗？,[等级25],[粉丝团 Lv15]
2026-05-16 21:29:09,2656010348025624,昊昊,猫橘那边是好的。,[等级8],[粉丝团 Lv6]
2026-05-16 21:29:11,3413334368722349,小阿悄,拉屎去了[捂脸],[等级15],[粉丝团 Lv11]
2026-05-16 21:29:13,88427980807,Z☡zᶻq,我还以为我网络卡了,[等级12],[粉丝团 Lv8]
2026-05-16 21:29:18,59162977083,福元,[捂脸][捂脸],[等级15],[粉丝团 Lv6]
2026-05-16 21:29:26,383067601516935,回城补个妆,@深情（张君雅助理） 是不是主播那边没网络了,[等级11],[粉丝团 Lv5]
2026-05-16 21:29:27,2853967229879182,憂鬱﹏✎,给线踢断了吧,[等级9],[粉丝团 Lv2]
2026-05-16 21:29:27,92768388485,高端瓷砖美缝,凉凉了,[等级15],
2026-05-16 21:29:29,104966543575,🐥落日🐥🐺,正能量,[等级20],[粉丝团 Lv9]
2026-05-16 21:29:29,3645627829596804,一口八个包子,？,[等级18],[粉丝团 Lv3]
2026-05-16 21:29:37,1556515796039133,方兴未艾,局哥那可以看,[等级16],[粉丝团 Lv6]
2026-05-16 21:29:41,4208563338616316,半盏清梦,看不到了,[等级26],
2026-05-16 21:29:41,68139327074,🫧🫧,先去猫局那看吧,[等级20],[粉丝团 Lv13]
2026-05-16 21:29:42,104783349420,张鱼大丸子（游戏版）,没画面，先去猫局,[等级3],
2026-05-16 21:29:49,104369134984,with。,请给我一个合理的解释,[等级4],
2026-05-16 21:29:49,893243414819400,酒,服务器崩了啊,[等级3],[粉丝团 Lv7]
2026-05-16 21:29:55,3934507317863532,一个从人民中走出来的普通人（轮回版）,？,[等级23],[粉丝团 Lv2]
2026-05-16 21:30:06,96190559830,天赐的缘分,啥意思,[等级11],[粉丝团 Lv12]
2026-05-16 21:30:07,106212162521,辞忧、,看了个寂寞,[等级36],
2026-05-16 21:30:11,104369134984,with。,否则你就不用播了,[等级4],
2026-05-16 21:30:11,99548245107,Felix,不要走开，精彩马上回来,[等级18],[粉丝团 Lv11]
2026-05-16 21:30:18,698881292111118,5是20,人又丢了,[等级12],[粉丝团 Lv9]
2026-05-16 21:30:20,96190559830,天赐的缘分,刷到还是进不去,[等级11],[粉丝团 Lv12]
2026-05-16 21:30:28,698881292111118,5是20,报个警吧,[等级12],[粉丝团 Lv9]
2026-05-16 21:30:31,3746774330903896,一旺🐵无界,咋了,[等级33],[粉丝团 Lv3]
2026-05-16 21:30:35,11805950518,深情（张君雅助理）,下面插播一条精彩内容,[等级39],[粉丝团:张君雅 Lv18]
2026-05-16 21:30:40,1910300678307431,奶油,K,[等级1],
2026-05-16 21:30:44,1458405762154048,3CS起源,卡了吗,,
2026-05-16 21:30:45,105689188797,一切归0️⃣,停电了等一下[呲牙],[等级43],[粉丝团:张君雅 Lv19]
2026-05-16 21:30:47,561182614253578,潦草的大叔,报J了,[等级10],
2026-05-16 21:30:48,2079931848206323,—,[打call][打call][打call][打call],[等级14],
2026-05-16 21:30:48,60713288870,小超,？？？,[等级25],
2026-05-16 21:30:49,96190559830,天赐的缘分,直接没这个人了,[等级11],[粉丝团 Lv12]
2026-05-16 21:30:50,91650170068,🌈花花,好了没,[等级14],
2026-05-16 21:30:55,1904006761290302,浪子阿刚,[比心],[等级29],[粉丝团 Lv12]
2026-05-16 21:31:00,3116462989647070,南先生,怎么了,[等级14],[粉丝团 Lv1]
2026-05-16 21:31:02,2656010348025624,昊昊,猫橘那边是好的。,[等级8],[粉丝团 Lv6]
2026-05-16 21:31:04,72707849024,文案时光@,啥玩意,[等级28],
2026-05-16 21:31:08,1458405762154048,3CS起源,修一下设备吧,,
2026-05-16 21:31:11,72707849024,文案时光@,哦尿去了,[等级28],
2026-05-16 21:31:16,2546109827789207,困困魚🕶,？,[等级18],
2026-05-16 21:31:17,60933851596,＊LH,还是看不见,[等级10],
2026-05-16 21:31:31,57368535590,愤怒的前男友,？,[等级18],[粉丝团 Lv5]
2026-05-16 21:31:44,2656010348025624,昊昊,猫橘那边是好的。,[等级8],[粉丝团 Lv6]
2026-05-16 21:31:55,2246995185243198,道友，请留步,看到了,[等级2],
2026-05-16 21:31:55,57368535590,愤怒的前男友,蛋 你搞什么,[等级18],[粉丝团 Lv5]
2026-05-16 21:31:56,99548245107,Felix,主播在表演木头人,[等级18],[粉丝团 Lv11]
2026-05-16 21:31:58,94161696152,V夏梦,回来了,[等级15],[粉丝团 Lv11]
2026-05-16 21:31:59,1728874239763085,雪梨梨梨,我回来啦,[等级8],[粉丝团 Lv11]
2026-05-16 21:31:59,4001818201303352,西红柿🫧,好了,[等级16],
2026-05-16 21:32:00,2246995185243198,道友，请留步,好了,[等级2],
2026-05-16 21:32:04,1657705633422284,白宝山,听声音脑补画面吧[捂脸],[等级8],[粉丝团 Lv2]
2026-05-16 21:32:09,3632429062165917,🙈xoxo,老黑,[等级7],[粉丝团 Lv7]
2026-05-16 21:32:19,3315728247958590,狗吃我再吃,怎么黑屏,[等级22],[粉丝团 Lv10]
2026-05-16 21:32:20,2374557380392285,雪花。,画面呢？,[等级3],[粉丝团 Lv3]
2026-05-16 21:32:22,465827212562832,乌恩文,？,[等级40],[粉丝团 Lv5]
2026-05-16 21:32:25,68628027284058,卜范喜,咋了这是？,,
2026-05-16 21:32:26,2374557380392285,雪花。,我手机问题？,[等级3],[粉丝团 Lv3]
2026-05-16 21:32:27,2638426362375405,小依,来了,[等级15],[粉丝团 Lv11]
2026-05-16 21:32:29,63611092592,楠一💙,我卡了么,[等级17],[粉丝团 Lv5]
2026-05-16 21:32:29,93126368980,曲水流觞,一进来就看见常威在打来福,[等级6],[粉丝团 Lv7]
2026-05-16 21:32:33,102274202810,月见,？我怎么一直重播,[等级21],[粉丝团 Lv11]
2026-05-16 21:32:34,2638426362375405,小依,来了来了,[等级15],[粉丝团 Lv11]
2026-05-16 21:32:34,1728874239763085,雪梨梨梨,卡,[等级8],[粉丝团 Lv11]
2026-05-16 21:32:37,1841054966900747,相思,有点儿理解为啥叫老黑了，哈哈,[等级9],[粉丝团 Lv10]
2026-05-16 21:32:41,88312588832,🌈 𝗠𝗮𝗸𝗮𝗯𝗮𝗸𝗮。,画面回来了,[等级8],[粉丝团 Lv8]
2026-05-16 21:32:41,314937364709696,初7️⃣,我卡了吗,[等级21],
2026-05-16 21:32:41,52646520064,Cc（辣卤门卤味铺子）,人呢,[等级11],[粉丝团 Lv3]
2026-05-16 21:32:42,75225022862222,余-生,卡,[等级12],
2026-05-16 21:32:44,729698943901115,过往,好卡,[等级9],[粉丝团 Lv8]
2026-05-16 21:32:45,85921616488,可乐的哥哥,还没走的是铁粉,,
2026-05-16 21:32:46,3115354720569258,瑞,我以为我卡了,[等级19],[粉丝团 Lv7]
2026-05-16 21:32:46,64559412355,—━☆沉默づ,好卡,[等级38],
2026-05-16 21:32:50,2500750007610655,狼不点,还卡,[等级11],[粉丝团 Lv2]
2026-05-16 21:32:51,88308162229,行走的鱼📷,卡死了,[等级16],[粉丝团 Lv5]
2026-05-16 21:32:52,83588313892,满山猴子属你腚红,谁卡了,[等级17],[粉丝团 Lv9]
2026-05-16 21:32:55,66766973129,༻时༄迁ྀ,姐们，卡了,[等级16],[粉丝团 Lv8]
2026-05-16 21:32:55,104227179249,🔪一笑卿莫言⁷⁰⁷,[捂脸][捂脸][捂脸],[等级31],[粉丝团 Lv13]
2026-05-16 21:32:55,52646520064,Cc（辣卤门卤味铺子）,没画面啊,[等级11],[粉丝团 Lv3]
2026-05-16 21:32:56,3943283060122191,芝士球_Sweet,看不到了,[等级26],[粉丝团 Lv9]
2026-05-16 21:32:57,2638426362375405,小依,[流泪][流泪][流泪],[等级15],[粉丝团 Lv11]
2026-05-16 21:32:57,102489922881,烟雨凄迷,搞什么,[等级14],
2026-05-16 21:32:57,108192829237,路人😨,牛批，吃鸡了,[等级14],[粉丝团 Lv7]
2026-05-16 21:32:57,2335012074554636,diao钓鱼要到岛上钓,只有声音,[等级11],
2026-05-16 21:32:57,2826160041896200,思妤(♡˙︶˙♡),[捂脸],[等级9],[粉丝团 Lv6]
2026-05-16 21:32:58,1904803790468327,pBxtW( ´▽｀),怎么这么卡,[等级2],
2026-05-16 21:32:59,51871243938,亮、,咋回事,[等级9],[粉丝团 Lv10]
2026-05-16 21:33:00,3628844885484733,来啦,卡卡卡,[等级2],
2026-05-16 21:33:00,57368535590,愤怒的前男友,蛋 什么情况😳,[等级18],[粉丝团 Lv5]
2026-05-16 21:33:00,104588605965,Eric lee,又被人掐电了呀,[等级25],[粉丝团 Lv12]
2026-05-16 21:33:00,1969964588214184,卧室打笨驴,老黑怒冲100元电费,[等级21],[粉丝团 Lv10]
2026-05-16 21:33:01,73498333874,残❤️影,黑屏呀,[等级15],
2026-05-16 21:33:02,63611092592,楠一💙,画面了,[等级17],[粉丝团 Lv5]
2026-05-16 21:33:04,2638426362375405,小依,现在好了,[等级15],[粉丝团 Lv11]
2026-05-16 21:33:04,3315728247958590,狗吃我再吃,我是铁粉,[等级22],[粉丝团 Lv10]
2026-05-16 21:33:04,88308162229,行走的鱼📷,啥情况,[等级16],[粉丝团 Lv5]
2026-05-16 21:33:04,103442798670,夜...dz,有声没影[流泪],[等级14],[粉丝团 Lv11]
2026-05-16 21:33:06,83024458084,善保,干嘛去了,[等级32],[粉丝团 Lv2]
2026-05-16 21:33:06,101350113102,🌈Coco🌈,是卡还是画面不会动？,[等级11],[粉丝团 Lv7]
2026-05-16 21:33:06,60972087833,铭记于心😈,人呢？黑黑的,[等级21],
2026-05-16 21:33:07,2742595623064060,上岸先斩意中人,为啥我进来是黑屏,[等级17],[粉丝团 Lv2]
2026-05-16 21:33:08,93126368980,曲水流觞,老黑趴在那里干什么,[等级6],[粉丝团 Lv7]
2026-05-16 21:33:08,2397382235142078,用户35398184576,开挂怕你们看见了,,
2026-05-16 21:33:09,108192829237,路人😨,最后这波打的好,[等级14],[粉丝团 Lv7]
2026-05-16 21:33:10,111156712881,日行一善积大德🙏日行两善积大大德,我来了,[等级18],[粉丝团 Lv10]
2026-05-16 21:33:10,4424872983274371,雾眠眠,刚来  还以为我网络卡滴,[等级26],[粉丝团 Lv13]
2026-05-16 21:33:10,2638426362375405,小依,重播,[等级15],[粉丝团 Lv11]
2026-05-16 21:33:12,110900463630,青瓦白墙,爆炸弓,[等级23],[粉丝团 Lv14]
2026-05-16 21:33:17,85284297714,无所谓84819,咋停电了,[等级19],[粉丝团 Lv7]
2026-05-16 21:33:17,62119679974,可爱到你了,s人呢,[等级15],
2026-05-16 21:33:18,4503699279715189,落叶孤烟,黑屏了？,[等级7],[粉丝团 Lv6]
2026-05-16 21:33:19,83024458084,善保,什么情况嘛,[等级32],[粉丝团 Lv2]
2026-05-16 21:33:19,96795724988,铭记于心 聪明睿智,录播,[等级9],
2026-05-16 21:33:19,2500750007610655,狼不点,搞什么,[等级11],[粉丝团 Lv2]
2026-05-16 21:33:19,71197806219,泡菜,卡死了,[等级22],
2026-05-16 21:33:19,109886789309,✨️larkspur_tang⁵¹⁰⁷⁴,延迟吧,[等级31],[粉丝团 Lv16]
2026-05-16 21:33:20,62119679974,可爱到你了,人呢,[等级15],
2026-05-16 21:33:20,95579765825,鱼䲆鱻䲜@,快去猫局那里看,[等级9],[粉丝团 Lv3]
2026-05-16 21:33:22,2826160041896200,思妤(♡˙︶˙♡),别着急,[等级9],[粉丝团 Lv6]
2026-05-16 21:33:23,96399334278,古井无波🍡956  8008,又是采集卡出问题了。,[等级28],[粉丝团 Lv15]
2026-05-16 21:33:23,363270671963724,勿忘自我,老黑就是黑屏来的吗[捂脸],[等级2],[粉丝团 Lv3]
2026-05-16 21:33:23,3179403341731661,小丨生,你这啥玩意,[等级18],[粉丝团 Lv10]
2026-05-16 21:33:23,63027055055,美女社社长,ー_ー,[等级2],
2026-05-16 21:33:24,83024458084,善保,看不见,[等级32],[粉丝团 Lv2]
2026-05-16 21:33:24,1349839534954935,开心有妳在,啥情况,[等级20],[粉丝团 Lv10]
2026-05-16 21:33:25,101297950035,糖宝,啥情况,[等级15],
2026-05-16 21:33:28,62119679974,可爱到你了,黑屏的,[等级15],
2026-05-16 21:33:30,2638426362375405,小依,快来啊 爱播[流泪][流泪][流泪],[等级15],[粉丝团 Lv11]
2026-05-16 21:33:30,80936008613,别忘了.,完了,[等级9],[粉丝团 Lv2]
2026-05-16 21:33:31,2532895178888260,【俩俩相忘】安静看👀🚫禁止带节奏,别急，老黑也急着呢,[等级9],
2026-05-16 21:33:31,104982158385,都别@我,老黑，怎么弄的。还能玩吗,[等级3],
2026-05-16 21:33:31,73908919846,袜子一周一洗,黑屏了？,[等级4],[粉丝团 Lv8]
2026-05-16 21:33:35,80936008613,别忘了.,废了,[等级9],[粉丝团 Lv2]
2026-05-16 21:33:35,68628027284058,卜范喜,卧槽，限制级吗？,,
2026-05-16 21:33:36,66857736436,村  长,短裤子翻边去了,[等级24],
2026-05-16 21:33:36,1789609679531916,顺风顺水顺财神1005,开门,[等级12],[粉丝团 Lv7]
2026-05-16 21:33:38,3494715881947162,不玩了⁵¹⁰⁷⁴,老黑，黑了啊,[等级36],[粉丝团 Lv14]
2026-05-16 21:33:38,1046325426913655,小呼呼,咋回事啊,[等级5],[粉丝团 Lv3]
2026-05-16 21:33:39,93576336740,南书,我以为我卡了,[等级4],[粉丝团 Lv4]
2026-05-16 21:33:39,85284297714,无所谓84819,别乱摸,[等级19],[粉丝团 Lv7]
2026-05-16 21:33:39,1601357024344691,L eo,@用户35398184576 对对对，赶紧举报去,[等级19],[粉丝团 Lv11]
2026-05-16 21:33:39,110900463630,青瓦白墙,打得好 在右下,[等级23],[粉丝团 Lv14]
2026-05-16 21:33:39,104826304605,㞮孞,好黑啊,[等级15],[粉丝团 Lv6]
2026-05-16 21:33:39,2387755862853676,@哎呦喂～,撒玩意？,[等级24],[粉丝团 Lv6]
2026-05-16 21:33:41,3189040898378931,用户2329486046113,看不到啊,,
2026-05-16 21:33:43,2500750007610655,狼不点,嘻嘻嘻嘻嘻嘻嘻,[等级11],[粉丝团 Lv2]
2026-05-16 21:33:43,61226959541,路人甲的煽情༊,爱播啊你咋总断网,[等级23],[粉丝团 Lv8]
2026-05-16 21:33:43,2335012074554636,diao钓鱼要到岛上钓,哇1v4了,[等级11],
2026-05-16 21:33:44,104826304605,㞮孞,老黑,[等级15],[粉丝团 Lv6]
2026-05-16 21:33:47,80936008613,别忘了.,老黑开灯,[等级9],[粉丝团 Lv2]
2026-05-16 21:33:47,3179403341731661,小丨生,保捷是个啥,[等级18],[粉丝团 Lv10]
2026-05-16 21:33:48,111155608775,下个路口遇见你,封号10年,[等级10],
2026-05-16 21:33:50,2321779027616264,🥀⃟错把᭄敷衍ꦻ当承诺ꦿ,怎么回事,[等级14],[粉丝团 Lv1]
2026-05-16 21:33:52,73908919846,袜子一周一洗,主播别急，慢慢来，不行下播休息休息,[等级4],[粉丝团 Lv8]
2026-05-16 21:33:54,104982158385,都别@我,我马上砸手机,[等级3],
2026-05-16 21:33:55,83024458084,善保,这样你不得加班两个小时？,[等级32],[粉丝团 Lv2]
2026-05-16 21:33:56,2321779027616264,🥀⃟错把᭄敷衍ꦻ当承诺ꦿ,还是卡,[等级14],[粉丝团 Lv1]
2026-05-16 21:33:56,55437751072,ღ人生如茶꧔ꦿএ,管你在干嘛,[等级15],
2026-05-16 21:33:58,1913614701181150,顺其自冉,北封号了吗,[等级2],
2026-05-16 21:33:59,1556525685934064,wang.,完犊子了,[等级7],
2026-05-16 21:33:59,2731638396291357,弹剑听潮🍁,[看],[等级15],
2026-05-16 21:34:00,83024458084,善保,什么啊,[等级32],[粉丝团 Lv2]
2026-05-16 21:34:02,2500750007610655,狼不点,嘻嘻嘻嘻,[等级11],[粉丝团 Lv2]
2026-05-16 21:34:02,3315728247958590,狗吃我再吃,找猫去了,[等级22],[粉丝团 Lv10]
2026-05-16 21:34:02,1533148587894504,ꦿོ༻墨染楠笙༺,好几千人总是闲着，也不挖煤,[等级9],
2026-05-16 21:34:03,83024458084,善保,服了,[等级32],[粉丝团 Lv2]
2026-05-16 21:34:03,2269019460342412,爱吃火锅的二喵,我这是卡了吗，杂不动了,[等级11],[粉丝团 Lv10]
2026-05-16 21:34:06,104588605965,Eric lee,是静止画面吗？,[等级25],[粉丝团 Lv12]
2026-05-16 21:34:06,74796340829,摘 星陈,？？？,[等级26],[粉丝团 Lv3]
2026-05-16 21:34:07,1692898541450062,余生,一个小三,[等级1],
2026-05-16 21:34:07,96667074684,芥子,真 老黑,[等级13],[粉丝团 Lv8]
2026-05-16 21:34:08,1601357024344691,L eo,爱看，喜欢看，黑子,[等级19],[粉丝团 Lv11]
2026-05-16 21:34:08,4199735100443804,玖五贰7⃣️,是不是怕白天那样被黑粉突脸淘汰了,[等级21],[粉丝团 Lv3]
2026-05-16 21:34:08,93576336740,南书,黑了,[等级4],[粉丝团 Lv4]
2026-05-16 21:34:10,2387755862853676,@哎呦喂～,封了,[等级24],[粉丝团 Lv7]
2026-05-16 21:34:11,60720763321,″北柠″🐾,没有画面啊,[等级34],[粉丝团 Lv8]
2026-05-16 21:34:12,60972087833,铭记于心😈,卡了卡了,[等级21],
2026-05-16 21:34:12,93576336740,南书,黑了,[等级4],[粉丝团 Lv4]
2026-05-16 21:34:12,58604923792,边卡宝商贸,怎么黑屏的。,[等级22],[粉丝团 Lv2]
2026-05-16 21:34:15,93576336740,南书,黑了,[等级4],[粉丝团 Lv4]
2026-05-16 21:34:16,102830709413,白羊座♈️,是我卡吗？,[等级13],
2026-05-16 21:34:19,76867584034,～风生水起～,你个老黑灯呢,[等级13],[粉丝团 Lv10]
2026-05-16 21:34:19,363270671963724,勿忘自我,太黑都别乱摸,[等级2],[粉丝团 Lv3]
2026-05-16 21:34:19,72624273628,石头,怎么还不能看啊,[等级11],[粉丝团 Lv10]
2026-05-16 21:34:19,2387755862853676,@哎呦喂～,老黑就是黑,[等级24],[粉丝团 Lv7]
2026-05-16 21:34:20,83024458084,善保,手机都想砸了,[等级32],[粉丝团 Lv2]
2026-05-16 21:34:21,101688753557,阿杰,黑屏了,[等级19],[粉丝团 Lv3]
2026-05-16 21:34:21,97062477929,"以爱为半径,",为什么看不了了,[等级18],[粉丝团 Lv2]
2026-05-16 21:34:22,100500325028,纯洁de迷惑,听声辩位,[等级11],[粉丝团 Lv2]
2026-05-16 21:34:23,1910300678307431,奶油,K,[等级1],
2026-05-16 21:34:26,2418570760305576,香菜不加葱,你们自己想象画面,[等级1],
2026-05-16 21:34:26,108580024596,留存记忆中的你,张老黑,[等级12],[粉丝团 Lv1]
2026-05-16 21:34:26,1910300678307431,奶油,K,[等级1],
2026-05-16 21:34:27,1913614701181150,顺其自冉,黑的,[等级2],
2026-05-16 21:34:27,2500750007610655,狼不点,嘻嘻嘻,[等级11],[粉丝团 Lv2]
2026-05-16 21:34:30,1910300678307431,奶油,K,[等级1],
2026-05-16 21:34:30,468846006249684,W·Nov¹¹ Sagi ✧°,这是张老黑，果然黑,[等级21],
2026-05-16 21:34:30,61746802212,世间八万字，唯有名字最动听,什么情况,[等级18],[粉丝团 Lv10]
2026-05-16 21:34:33,3826717835928462,32,右边还有一个,[等级11],[粉丝团 Lv5]
2026-05-16 21:34:33,83024458084,善保,取关取关,[等级32],[粉丝团 Lv2]
2026-05-16 21:34:34,93576336740,南书,卡了,[等级4],[粉丝团 Lv4]
2026-05-16 21:34:34,2066673565966568,大元,没声音还卡,[等级29],[粉丝团 Lv12]
2026-05-16 21:34:34,1811616933094295,苦瓜,黑屏了,[等级30],
2026-05-16 21:34:35,2500750007610655,狼不点,嘻嘻嘻,[等级11],[粉丝团 Lv2]
2026-05-16 21:34:36,73908919846,袜子一周一洗,卡,[等级4],[粉丝团 Lv8]
2026-05-16 21:34:40,2500750007610655,狼不点,嘻嘻嘻嘻,[等级11],[粉丝团 Lv2]
2026-05-16 21:34:41,92358212208,饮水思源,怎么这么卡,[等级17],[粉丝团 Lv13]
2026-05-16 21:34:41,1913614701181150,顺其自冉,黑,[等级2],
2026-05-16 21:34:42,3826717835928462,32,右边右边，看你右边,[等级11],[粉丝团 Lv5]
2026-05-16 21:34:43,1346219162469335,亥拾栖,看不了,[等级6],
2026-05-16 21:34:43,1604906776528811,C.C.,[爱心][爱心][爱心],[等级10],[粉丝团 Lv8]
2026-05-16 21:34:43,3185703414409401,山丘,卡,,
2026-05-16 21:34:43,3195643127668587,常态ovO,卞,[等级6],
2026-05-16 21:34:47,1134350379006733,烟酒生,夜黑风高的夜晚静悄悄我独自走在那小路上突然背后传来脚步声转头一看原来是大灰狼,[等级19],[粉丝团 Lv4]
2026-05-16 21:34:50,3406715409669276,我睡觉的时候不困,一动不动，是我手机的问题吗？,,
2026-05-16 21:34:50,93576336740,南书,黑了,[等级4],[粉丝团 Lv4]
2026-05-16 21:34:51,82555286983,游,还没好？,[等级4],[粉丝团 Lv6]
2026-05-16 21:34:51,74384873108843,☾⋆᭄ 神说要有光💋,是需要付费才能观看吗,[等级25],[粉丝团 Lv8]
2026-05-16 21:34:52,102274202810,月见,卡住了,[等级21],[粉丝团 Lv11]
2026-05-16 21:34:53,2612032067352452,红尘小致,老黑  黑屏没声  啦,[等级4],[粉丝团 Lv1]
2026-05-16 21:34:55,79305983418,半醉半醒,刚开播？,[等级4],
2026-05-16 21:34:56,67731209383,798🫵发财,卡卡,[等级14],
2026-05-16 21:34:56,101688753557,阿杰,我以为我网络卡了，我还来回切换,[等级19],[粉丝团 Lv3]
2026-05-16 21:34:56,2537315597563134,烽行天下,看不见啦,[等级12],[粉丝团 Lv3]
2026-05-16 21:34:56,103165243757,A开心就好,什么情况？,[等级12],[粉丝团 Lv11]
2026-05-16 21:34:56,162357713575484,廾匸_,见鬼了，这么卡？,[等级14],
2026-05-16 21:34:56,3532084126161293,꧁༺๑时间๑༻꧂,卡,,
2026-05-16 21:34:56,3195643127668587,常态ovO,卡卡卡,[等级6],
2026-05-16 21:34:57,2500750007610655,狼不点,卡卡卡卡,[等级11],[粉丝团 Lv2]
2026-05-16 21:34:58,58047156437,耀,咋个什么都看不了,[等级19],[粉丝团 Lv3]
2026-05-16 21:34:58,65773065645,甜甜的棉花糖,黑屏了吗,[等级4],
2026-05-16 21:34:59,4062023312223140,某人」,别急[懵],[等级27],[粉丝团 Lv10]
2026-05-16 21:34:59,2984502456237699,汪汪小汪,哦？,[等级32],[粉丝团:张君雅 Lv15]
2026-05-16 21:34:59,73486945027,樵夫,还有四千人拿[呲牙][呲牙],[等级15],[粉丝团 Lv2]
2026-05-16 21:35:03,3826717835928462,32,说卡了退出去，重新进,[等级11],[粉丝团 Lv5]
2026-05-16 21:35:03,100469100457,齐少,卡,[等级15],
2026-05-16 21:35:04,106534429420,橙子宝鲜,看不见,[等级21],[粉丝团 Lv6]
2026-05-16 21:35:04,96722339546,坏坏,这咋回事，是我手机不行还是卡啊,[等级22],[粉丝团 Lv11]
2026-05-16 21:35:04,2500750007610655,狼不点,卡卡,[等级11],[粉丝团 Lv2]
2026-05-16 21:35:05,75951165926,巴萨,卡,[等级11],
2026-05-16 21:35:05,7549456355062170681,还没想好~,什么意思,,
2026-05-16 21:35:06,65773065645,甜甜的棉花糖,还是我手机问题,[等级4],
2026-05-16 21:35:07,3532084126161293,꧁༺๑时间๑༻꧂,黑屏了,,
2026-05-16 21:35:07,2704407724044788,匚亓,@善保 灯牌都没有，带什么节奏,[等级15],[粉丝团 Lv7]
2026-05-16 21:35:07,2387755862853676,@哎呦喂～,黑了别乱摸,[等级24],[粉丝团 Lv7]
2026-05-16 21:35:07,106795818583,Luolfei,卡卡卡卡,[等级11],[粉丝团 Lv2]
2026-05-16 21:35:08,3833347972804362,一路有你,[捂脸][捂脸][捂脸][捂脸][捂脸],[等级9],[粉丝团 Lv8]
2026-05-16 21:35:10,7549456355062170681,还没想好~,什么意思,,
2026-05-16 21:35:10,104982158385,都别@我,拉黑，取关，永不观注,[等级3],
2026-05-16 21:35:10,39236988582787,滋典面包,果然黑了,[等级14],[粉丝团 Lv9]
2026-05-16 21:35:11,96667074684,芥子,近点来人了,[等级13],[粉丝团 Lv8]
2026-05-16 21:35:11,2366586187689304,可乐不乐（见过汪苏泷版）,我还以为我卡了[捂脸],[等级3],
2026-05-16 21:35:14,7549456355062170681,还没想好~,什么意思,,
2026-05-16 21:35:15,2500750007610655,狼不点,卡卡西,[等级11],[粉丝团 Lv2]
2026-05-16 21:35:15,3826717835928462,32,一点都不卡,[等级11],[粉丝团 Lv5]
2026-05-16 21:35:19,497404843918919,耗子,卡了,[等级40],[粉丝团 Lv10]
2026-05-16 21:35:21,1130741524601308,博哥主播,老黑的问题,,
2026-05-16 21:35:21,1372666211088404,幸运,谁摸我,[等级15],[粉丝团 Lv10]
2026-05-16 21:35:21,103805164678,悦己,卡死啦,[等级36],
2026-05-16 21:35:22,92813625406967,LT123456,卡了,[等级16],[粉丝团 Lv2]
2026-05-16 21:35:23,101897324890,😉😁😜✧*｡٩(ˊᗜˋ*)و✧*｡,黑屏啊,[等级4],[粉丝团 Lv2]
2026-05-16 21:35:24,103805164678,悦己,卡死了,[等级36],
2026-05-16 21:35:25,1778359666216362,廘逸（8023）,？,[等级4],
2026-05-16 21:35:26,7549456355062170681,还没想好~,什么意思,,
2026-05-16 21:35:26,1376236603441517,@随性,取关,[等级21],[粉丝团 Lv1]
2026-05-16 21:35:27,2154638085461037,miss ye,黑屏了,[等级4],[粉丝团 Lv8]
2026-05-16 21:35:28,50624336988,小李大山土货,卡两次了,[等级9],
2026-05-16 21:35:28,61787933842,任平生,吃鸡了吗,[等级11],[粉丝团 Lv6]
2026-05-16 21:35:28,103805164678,悦己,黑屏了,[等级36],
2026-05-16 21:35:29,3414400259078636,昆仑,不出画面了,,
2026-05-16 21:35:30,7549456355062170681,还没想好~,什么意思,,
2026-05-16 21:35:30,52921214819,有鹿归林,黑了啊,[等级1],
2026-05-16 21:35:30,72611094068,付,卡,[等级22],[粉丝团 Lv8]
2026-05-16 21:35:30,74640734765,C,黑屏阿,[等级4],
2026-05-16 21:35:31,103165243757,A开心就好,让不让看了,[等级12],[粉丝团 Lv11]
2026-05-16 21:35:32,55437751072,ღ人生如茶꧔ꦿএ,又困了,[等级15],
2026-05-16 21:35:32,76707525955,青城山-十三月客栈。🎐,黑睡了,[等级12],[粉丝团 Lv3]
2026-05-16 21:35:33,50954806010,@@,咋黑屏呢,[等级18],
2026-05-16 21:35:33,108711484906,小于同学😋,黑屏了老黑,[等级11],[粉丝团 Lv3]
2026-05-16 21:35:33,106795818583,Luolfei,黑屏,[等级11],[粉丝团 Lv2]
2026-05-16 21:35:34,103805164678,悦己,黑屏啦,[等级36],
2026-05-16 21:35:34,4183012501360872,一只柚子,什么鬼,[等级4],[粉丝团 Lv8]
2026-05-16 21:35:34,1778359666216362,廘逸（8023）,为啥黑屏,[等级4],
2026-05-16 21:35:35,7549456355062170681,还没想好~,什么意思啊,,
2026-05-16 21:35:35,99557528667,妈妈说名字取得长就有沙雕跟着念,黑屏啊,[等级14],
2026-05-16 21:35:35,93576336740,南书,卡了,[等级4],[粉丝团 Lv4]
2026-05-16 21:35:35,73042763502,九十,黑了,[等级12],
2026-05-16 21:35:36,3403684267176124,圈⭕啦🌈,直接取关,[等级10],[粉丝团 Lv10]
2026-05-16 21:35:36,76707525955,青城山-十三月客栈。🎐,黑屏了,[等级12],[粉丝团 Lv3]
2026-05-16 21:35:36,98560991461,"H.,",黑色,[等级37],[粉丝团 Lv2]
2026-05-16 21:35:36,11332426940,🕊,？？？,[等级7],
2026-05-16 21:35:37,52921214819,有鹿归林,只有我这样吗,[等级1],
2026-05-16 21:35:38,74771790717,奶瓶。,卡爆炸了,[等级7],
2026-05-16 21:35:38,93576336740,南书,卡了,[等级4],[粉丝团 Lv4]
2026-05-16 21:35:38,101897324890,😉😁😜✧*｡٩(ˊᗜˋ*)و✧*｡,黑屏啊,[等级4],[粉丝团 Lv2]
2026-05-16 21:35:40,76707525955,青城山-十三月客栈。🎐,好了,[等级12],[粉丝团 Lv3]
2026-05-16 21:35:41,2377583253274119,凉川,咋回事，我以为我卡呢，反复进还是这样,[等级29],[粉丝团 Lv11]
2026-05-16 21:35:42,1150505302099424,东阿哥,有窥子吗,[等级2],
2026-05-16 21:35:42,7549456355062170681,还没想好~,什么意思啊,,
2026-05-16 21:35:43,3532084126161293,꧁༺๑时间๑༻꧂,黑屏了,,
2026-05-16 21:35:44,1336614484975304,白圄,卡卡西,[等级10],
2026-05-16 21:35:44,83545613631,⌚️高二废,黑屏,[等级26],[粉丝团 Lv5]
2026-05-16 21:35:44,98349299658,刚刚@好,听声音直播啊,[等级26],
2026-05-16 21:35:45,105455613281,狼行者,遭求了，,[等级7],[粉丝团 Lv2]
2026-05-16 21:35:46,99557528667,妈妈说名字取得长就有沙雕跟着念,大哥看不见了,[等级14],
2026-05-16 21:35:46,1789623818004772,半夜三更偷偷去厕所调戏绝美蠕动小奶蛆,卡,,
2026-05-16 21:35:46,71924681685,江沉晚吟时,有不卡的吗？,[等级30],[粉丝团 Lv8]
2026-05-16 21:35:46,100752914999,海之魂,卡了,[等级12],[粉丝团 Lv11]
