time,user_id,user_name,count,total,grade,fans_club
2026-05-16 21:03:40,176392914349309,过客而已,12,12109,[等级2],[粉丝团 Lv4]
2026-05-16 21:03:40,69922849595,七月🍬,12,12176,[等级25],[粉丝团 Lv6]
2026-05-16 21:03:40,102718440067,晨曦,6,12211,[等级12],[粉丝团 Lv2]
2026-05-16 21:03:40,3025488582294387,用户6205584704829,1,12219,[等级24],[粉丝团 Lv5]
2026-05-16 21:03:40,176392914349309,过客而已,10,12278,[等级2],[粉丝团 Lv4]
2026-05-16 21:03:40,237088232449438,醉仙灵芙🌿,9,12290,[等级9],[粉丝团 Lv10]
2026-05-16 21:03:41,92705481023,五月feng,10,12406,[等级27],[粉丝团 Lv5]
2026-05-16 21:03:41,3433109703365099,⁷⁹分喜欢,10,12418,[等级8],[粉丝团 Lv5]
2026-05-16 21:03:41,176392914349309,过客而已,12,12462,[等级2],[粉丝团 Lv4]
2026-05-16 21:03:41,237088232449438,醉仙灵芙🌿,9,12474,[等级9],[粉丝团 Lv10]
2026-05-16 21:03:41,3433109703365099,⁷⁹分喜欢,10,12570,[等级8],[粉丝团 Lv5]
2026-05-16 21:03:41,2132689772357678,Y·Mar⁴- Tau❣,8,12581,[等级36],[粉丝团 Lv6]
2026-05-16 21:03:41,176392914349309,过客而已,10,12644,[等级2],[粉丝团 Lv4]
2026-05-16 21:03:41,97923585715,...successful...,8,12644,[等级27],[粉丝团 Lv3]
2026-05-16 21:03:41,4176364167504665,一斗小米,10,12711,[等级6],
2026-05-16 21:03:41,92705481023,五月feng,10,12775,[等级27],[粉丝团 Lv5]
2026-05-16 21:03:41,176392914349309,过客而已,12,12803,[等级2],[粉丝团 Lv4]
2026-05-16 21:03:41,237088232449438,醉仙灵芙🌿,6,12850,[等级9],[粉丝团 Lv10]
2026-05-16 21:03:41,3433109703365099,⁷⁹分喜欢,9,12899,[等级8],[粉丝团 Lv5]
2026-05-16 21:03:41,92705481023,五月feng,10,12953,[等级27],[粉丝团 Lv5]
2026-05-16 21:03:41,237088232449438,醉仙灵芙🌿,7,12994,[等级9],[粉丝团 Lv10]
2026-05-16 21:03:41,69922849595,七月🍬,12,13066,[等级25],[粉丝团 Lv6]
2026-05-16 21:03:42,446859307912490,秋拾伍,4,13100,,
2026-05-16 21:03:42,92705481023,五月feng,10,13100,[等级27],[粉丝团 Lv5]
2026-05-16 21:03:42,176392914349309,过客而已,11,13172,[等级2],[粉丝团 Lv4]
2026-05-16 21:03:42,2132689772357678,Y·Mar⁴- Tau❣,8,13148,[等级36],[粉丝团 Lv6]
2026-05-16 21:03:42,81577125189,缓步,2,13243,[等级9],[粉丝团 Lv2]
2026-05-16 21:03:42,3548856688590364,米粒,11,13261,[等级14],
2026-05-16 21:03:42,7615988333545931813,ik-🦋,13,13351,,
2026-05-16 21:03:42,176392914349309,过客而已,11,13351,[等级2],[粉丝团 Lv4]
2026-05-16 21:03:43,92705481023,五月feng,9,13470,[等级27],[粉丝团 Lv5]
2026-05-16 21:03:43,3548856688590364,米粒,14,13470,[等级14],
2026-05-16 21:03:43,97923585715,...successful...,10,13540,[等级27],[粉丝团 Lv3]
2026-05-16 21:03:43,176392914349309,过客而已,11,13540,[等级2],[粉丝团 Lv4]
2026-05-16 21:03:43,3135454922419099,0923,11,13630,[等级37],[粉丝团 Lv11]
2026-05-16 21:03:43,104783349420,张鱼大丸子（游戏版）,9,13630,[等级3],
2026-05-16 21:03:43,7615988333545931813,ik-🦋,12,13750,,
2026-05-16 21:03:43,237088232449438,醉仙灵芙🌿,8,13758,[等级9],[粉丝团 Lv10]
2026-05-16 21:03:44,4176364167504665,一斗小米,12,13847,[等级6],
2026-05-16 21:03:44,98460975967,ەㅤㅤㅤㅤㅤㅤㅤㅤㅤ一个蛋🥚 ㅤㅤㅤㅤ,12,13857,[等级34],[粉丝团 Lv10]
2026-05-16 21:03:45,176392914349309,过客而已,11,13964,[等级2],[粉丝团 Lv4]
2026-05-16 21:03:45,237088232449438,醉仙灵芙🌿,8,13990,[等级9],[粉丝团 Lv10]
2026-05-16 21:03:46,102718440067,晨曦,10,14086,[等级12],[粉丝团 Lv2]
2026-05-16 21:03:46,2132689772357678,Y·Mar⁴- Tau❣,13,14086,[等级36],[粉丝团 Lv6]
2026-05-16 21:03:47,7615988333545931813,ik-🦋,12,14169,,
2026-05-16 21:03:47,176392914349309,过客而已,11,14169,[等级2],[粉丝团 Lv4]
2026-05-16 21:03:48,3548856688590364,米粒,11,14307,[等级14],
2026-05-16 21:03:48,81577125189,缓步,2,14307,[等级9],[粉丝团 Lv2]
2026-05-16 21:03:49,176392914349309,过客而已,10,14381,[等级2],[粉丝团 Lv4]
2026-05-16 21:03:49,7615988333545931813,ik-🦋,6,14381,,
2026-05-16 21:03:50,3135454922419099,0923,11,14485,[等级37],[粉丝团 Lv11]
2026-05-16 21:03:50,307460328135588,L林林,3,14495,[等级8],[粉丝团 Lv10]
2026-05-16 21:03:51,56076255513,苦菊,10,14570,[等级24],[粉丝团 Lv15]
2026-05-16 21:03:51,97923585715,...successful...,9,14593,[等级27],[粉丝团 Lv3]
2026-05-16 21:03:52,92705481023,五月feng,9,14728,[等级27],[粉丝团 Lv5]
2026-05-16 21:03:52,62960186639,浪荡天涯客,13,14759,[等级32],[粉丝团 Lv10]
2026-05-16 21:03:53,176392914349309,过客而已,10,14783,[等级2],[粉丝团 Lv4]
2026-05-16 21:03:53,7615988333545931813,ik-🦋,11,14783,,
2026-05-16 21:03:54,3135454922419099,0923,11,14883,[等级37],[粉丝团 Lv11]
2026-05-16 21:03:54,3433109703365099,⁷⁹分喜欢,8,14902,[等级8],[粉丝团 Lv5]
2026-05-16 21:03:55,97923585715,...successful...,10,14966,[等级27],[粉丝团 Lv3]
2026-05-16 21:03:55,176392914349309,过客而已,10,14978,[等级2],[粉丝团 Lv4]
2026-05-16 21:03:56,2132689772357678,Y·Mar⁴- Tau❣,13,15094,[等级36],[粉丝团 Lv6]
2026-05-16 21:03:56,98460975967,ەㅤㅤㅤㅤㅤㅤㅤㅤㅤ一个蛋🥚 ㅤㅤㅤㅤ,12,15105,[等级34],[粉丝团 Lv10]
2026-05-16 21:03:57,97923585715,...successful...,8,15161,[等级27],[粉丝团 Lv3]
2026-05-16 21:03:57,176392914349309,过客而已,12,15173,[等级2],[粉丝团 Lv4]
2026-05-16 21:03:58,12457236197,蓝色果冻,7,15287,[等级16],[粉丝团 Lv6]
2026-05-16 21:03:58,92705481023,五月feng,10,15287,[等级27],[粉丝团 Lv5]
2026-05-16 21:03:59,69654624609,温棪,11,15316,[等级30],[粉丝团:张君雅 Lv14]
2026-05-16 21:03:59,7615988333545931813,ik-🦋,12,15338,,
2026-05-16 21:04:00,12457236197,蓝色果冻,12,15438,[等级16],[粉丝团 Lv6]
2026-05-16 21:04:00,62960186639,浪荡天涯客,14,15438,[等级32],[粉丝团 Lv10]
2026-05-16 21:04:01,2132689772357678,Y·Mar⁴- Tau❣,13,15482,[等级36],[粉丝团 Lv6]
2026-05-16 21:04:01,7615988333545931813,ik-🦋,12,15491,,
2026-05-16 21:04:02,12457236197,蓝色果冻,11,15597,[等级16],[粉丝团 Lv6]
2026-05-16 21:04:02,92705481023,五月feng,10,15597,[等级27],[粉丝团 Lv5]
2026-05-16 21:04:03,176392914349309,过客而已,10,15639,[等级2],[粉丝团 Lv4]
2026-05-16 21:04:03,7615988333545931813,ik-🦋,12,15651,,
2026-05-16 21:04:04,12457236197,蓝色果冻,11,15740,[等级16],[粉丝团 Lv6]
2026-05-16 21:04:04,92705481023,五月feng,10,15740,[等级27],[粉丝团 Lv5]
2026-05-16 21:04:05,176392914349309,过客而已,10,15792,[等级2],[粉丝团 Lv4]
2026-05-16 21:04:05,7615988333545931813,ik-🦋,11,15805,,
2026-05-16 21:04:06,59348532870,贫僧法号：乱来,11,15889,[等级34],
2026-05-16 21:04:06,12457236197,蓝色果冻,10,15909,[等级16],[粉丝团 Lv6]
2026-05-16 21:04:07,176392914349309,过客而已,11,15943,[等级2],[粉丝团 Lv4]
2026-05-16 21:04:07,87925062079,紧握双手,3,15973,[等级21],[粉丝团 Lv12]
2026-05-16 21:04:08,12457236197,蓝色果冻,10,16065,[等级16],[粉丝团 Lv6]
2026-05-16 21:04:08,83724067872,草莓啵啵^,9,16076,[等级12],[粉丝团 Lv11]
2026-05-16 21:04:09,176392914349309,过客而已,10,16113,[等级2],[粉丝团 Lv4]
2026-05-16 21:04:09,56076255513,苦菊,9,16106,[等级24],[粉丝团 Lv15]
2026-05-16 21:04:10,2132689772357678,Y·Mar⁴- Tau❣,11,16208,[等级36],[粉丝团 Lv6]
2026-05-16 21:04:10,62960186639,浪荡天涯客,13,16217,[等级32],[粉丝团 Lv10]
2026-05-16 21:04:11,87925062079,紧握双手,10,16283,[等级21],[粉丝团 Lv12]
2026-05-16 21:04:11,7615988333545931813,ik-🦋,11,16274,,
2026-05-16 21:04:12,1956757538102459,🌈糖糖🌺🌺,8,16357,[等级20],[粉丝团 Lv10]
2026-05-16 21:04:12,2132689772357678,Y·Mar⁴- Tau❣,13,16376,[等级36],[粉丝团 Lv6]
2026-05-16 21:04:13,87925062079,紧握双手,9,16428,[等级21],[粉丝团 Lv12]
2026-05-16 21:04:13,7615988333545931813,ik-🦋,11,16428,,
2026-05-16 21:04:14,59348532870,贫僧法号：乱来,7,16495,[等级34],
2026-05-16 21:04:14,12457236197,蓝色果冻,10,16515,[等级16],[粉丝团 Lv6]
2026-05-16 21:04:15,87925062079,紧握双手,2,16560,[等级21],[粉丝团 Lv12]
2026-05-16 21:04:15,237088232449438,醉仙灵芙🌿,4,16572,[等级9],[粉丝团 Lv10]
2026-05-16 21:04:16,3135454922419099,0923,10,16627,[等级37],[粉丝团 Lv11]
2026-05-16 21:04:16,12457236197,蓝色果冻,10,16657,[等级16],[粉丝团 Lv6]
2026-05-16 21:04:17,93060552271,小别兔别又别,7,16699,[等级11],[粉丝团 Lv9]
2026-05-16 21:04:18,2132689772357678,Y·Mar⁴- Tau❣,13,16699,[等级36],[粉丝团 Lv6]
2026-05-16 21:04:18,62960186639,浪荡天涯客,14,16803,[等级32],[粉丝团 Lv10]
2026-05-16 21:04:18,12457236197,蓝色果冻,9,16803,[等级16],[粉丝团 Lv6]
2026-05-16 21:04:19,176392914349309,过客而已,11,16823,[等级2],[粉丝团 Lv4]
2026-05-16 21:04:20,87925062079,紧握双手,9,16838,[等级21],[粉丝团 Lv12]
2026-05-16 21:04:20,1956757538102459,🌈糖糖🌺🌺,9,16896,[等级20],[粉丝团 Lv10]
2026-05-16 21:04:20,12457236197,蓝色果冻,9,16941,[等级16],[粉丝团 Lv6]
2026-05-16 21:04:21,69654624609,温棪,4,16962,[等级30],[粉丝团:张君雅 Lv14]
2026-05-16 21:04:22,87925062079,紧握双手,10,16965,[等级21],[粉丝团 Lv12]
2026-05-16 21:04:23,92705481023,五月feng,10,17060,[等级27],[粉丝团 Lv5]
2026-05-16 21:04:23,12457236197,蓝色果冻,9,17060,[等级16],[粉丝团 Lv6]
2026-05-16 21:04:24,87925062079,紧握双手,1,17104,[等级21],[粉丝团 Lv12]
2026-05-16 21:04:24,62960186639,浪荡天涯客,12,17104,[等级32],[粉丝团 Lv10]
2026-05-16 21:04:24,2132689772357678,Y·Mar⁴- Tau❣,3,17163,[等级36],[粉丝团 Lv6]
2026-05-16 21:04:25,92705481023,五月feng,10,17163,[等级27],[粉丝团 Lv5]
2026-05-16 21:04:26,176392914349309,过客而已,10,17213,[等级2],[粉丝团 Lv4]
2026-05-16 21:04:26,237088232449438,醉仙灵芙🌿,8,17239,[等级9],[粉丝团 Lv10]
2026-05-16 21:04:26,12457236197,蓝色果冻,9,17275,[等级16],[粉丝团 Lv6]
2026-05-16 21:04:27,83724067872,草莓啵啵^,8,17285,[等级12],[粉丝团 Lv11]
2026-05-16 21:04:27,176392914349309,过客而已,10,17303,[等级2],[粉丝团 Lv4]
2026-05-16 21:04:27,2263256806988026,分,11,17330,[等级9],[粉丝团 Lv9]
2026-05-16 21:04:28,62960186639,浪荡天涯客,12,17371,[等级32],[粉丝团 Lv10]
2026-05-16 21:04:28,1956757538102459,🌈糖糖🌺🌺,10,17380,[等级20],[粉丝团 Lv10]
2026-05-16 21:04:29,176392914349309,过客而已,11,17420,[等级2],[粉丝团 Lv4]
2026-05-16 21:04:29,237088232449438,醉仙灵芙🌿,10,17458,[等级9],[粉丝团 Lv10]
2026-05-16 21:04:31,12457236197,蓝色果冻,10,17500,[等级16],[粉丝团 Lv6]
2026-05-16 21:04:31,62960186639,浪荡天涯客,11,17500,[等级32],[粉丝团 Lv10]
2026-05-16 21:04:31,176392914349309,过客而已,11,17531,[等级2],[粉丝团 Lv4]
2026-05-16 21:04:31,237088232449438,醉仙灵芙🌿,8,17551,[等级9],[粉丝团 Lv10]
2026-05-16 21:04:32,59348532870,贫僧法号：乱来,6,17575,[等级34],
2026-05-16 21:04:33,12457236197,蓝色果冻,8,17588,[等级16],[粉丝团 Lv6]
2026-05-16 21:04:33,87925062079,紧握双手,5,17614,[等级21],[粉丝团 Lv12]
2026-05-16 21:04:33,237088232449438,醉仙灵芙🌿,9,17647,[等级9],[粉丝团 Lv10]
2026-05-16 21:04:35,12457236197,蓝色果冻,9,17681,[等级16],[粉丝团 Lv6]
2026-05-16 21:04:35,92705481023,五月feng,9,17681,[等级27],[粉丝团 Lv5]
2026-05-16 21:04:35,87925062079,紧握双手,5,17705,[等级21],[粉丝团 Lv12]
2026-05-16 21:04:35,237088232449438,醉仙灵芙🌿,8,17721,[等级9],[粉丝团 Lv10]
2026-05-16 21:04:36,62960186639,浪荡天涯客,12,17767,[等级32],[粉丝团 Lv10]
2026-05-16 21:04:37,12457236197,蓝色果冻,9,17767,[等级16],[粉丝团 Lv6]
2026-05-16 21:04:37,176392914349309,过客而已,11,17793,[等级2],[粉丝团 Lv4]
2026-05-16 21:04:37,87925062079,紧握双手,9,17793,[等级21],[粉丝团 Lv12]
2026-05-16 21:04:38,3433109703365099,⁷⁹分喜欢,9,17893,[等级8],[粉丝团 Lv5]
2026-05-16 21:04:38,3433109703365099,⁷⁹分喜欢,9,17891,[等级8],[粉丝团 Lv5]
2026-05-16 21:04:39,176392914349309,过客而已,10,17909,[等级2],[粉丝团 Lv4]
2026-05-16 21:04:39,237088232449438,醉仙灵芙🌿,6,17933,[等级9],[粉丝团 Lv10]
2026-05-16 21:04:41,92705481023,五月feng,10,17953,[等级27],[粉丝团 Lv5]
2026-05-16 21:04:41,56076255513,苦菊,10,17983,[等级24],[粉丝团 Lv15]
2026-05-16 21:04:41,62960186639,浪荡天涯客,12,17992,[等级32],[粉丝团 Lv10]
2026-05-16 21:04:41,87925062079,紧握双手,7,17992,[等级21],[粉丝团 Lv12]
2026-05-16 21:04:43,92705481023,五月feng,10,18050,[等级27],[粉丝团 Lv5]
2026-05-16 21:04:43,83724067872,草莓啵啵^,8,18058,[等级12],[粉丝团 Lv11]
2026-05-16 21:04:43,87925062079,紧握双手,8,18092,[等级21],[粉丝团 Lv12]
2026-05-16 21:04:43,2132689772357678,Y·Mar⁴- Tau❣,13,18123,[等级36],[粉丝团 Lv6]
2026-05-16 21:04:44,3433109703365099,⁷⁹分喜欢,9,18166,[等级8],[粉丝团 Lv5]
2026-05-16 21:04:44,2476516589445608,乐途¹',6,18166,[等级31],[粉丝团 Lv15]
2026-05-16 21:04:45,3360554329838685,星辰大海，,1,18174,[等级9],
2026-05-16 21:04:45,87925062079,紧握双手,3,18199,[等级21],[粉丝团 Lv12]
2026-05-16 21:04:46,2476516589445608,乐途¹',10,18276,[等级31],[粉丝团 Lv15]
2026-05-16 21:04:47,176392914349309,过客而已,12,18276,[等级2],[粉丝团 Lv4]
2026-05-16 21:04:47,87925062079,紧握双手,3,18288,[等级21],[粉丝团 Lv12]
2026-05-16 21:04:47,3623596068973480,Cisyam,2,18300,[等级3],[粉丝团 Lv4]
2026-05-16 21:04:49,92705481023,五月feng,10,18378,[等级27],[粉丝团 Lv5]
2026-05-16 21:04:49,62960186639,浪荡天涯客,13,18379,[等级32],[粉丝团 Lv10]
2026-05-16 21:04:49,93157045904,莫再悲,1,18381,[等级5],
2026-05-16 21:04:49,87925062079,紧握双手,2,18401,[等级21],[粉丝团 Lv12]
2026-05-16 21:04:50,3433109703365099,⁷⁹分喜欢,9,18450,[等级8],[粉丝团 Lv5]
2026-05-16 21:04:51,2476516589445608,乐途¹',9,18450,[等级31],[粉丝团 Lv15]
2026-05-16 21:04:52,237088232449438,醉仙灵芙🌿,8,18531,[等级9],[粉丝团 Lv10]
2026-05-16 21:04:52,116989961990570,喜欢一个人,12,18531,[等级12],[粉丝团 Lv10]
2026-05-16 21:04:52,1956757538102459,🌈糖糖🌺🌺,9,18531,[等级20],[粉丝团 Lv10]
2026-05-16 21:04:52,2476516589445608,乐途¹',18,18565,[等级31],[粉丝团 Lv15]
2026-05-16 21:04:53,87925062079,紧握双手,6,18608,[等级21],[粉丝团 Lv12]
2026-05-16 21:04:53,62960186639,浪荡天涯客,13,18616,[等级32],[粉丝团 Lv10]
2026-05-16 21:04:54,2476516589445608,乐途¹',20,18659,[等级31],[粉丝团 Lv15]
2026-05-16 21:04:54,92705481023,五月feng,10,18678,[等级27],[粉丝团 Lv5]
2026-05-16 21:04:55,3433109703365099,⁷⁹分喜欢,9,18705,[等级8],[粉丝团 Lv5]
2026-05-16 21:04:55,3433109703365099,⁷⁹分喜欢,9,18705,[等级8],[粉丝团 Lv5]
2026-05-16 21:04:57,2476516589445608,乐途¹',20,18786,[等级31],[粉丝团 Lv15]
2026-05-16 21:04:57,3433109703365099,⁷⁹分喜欢,8,18786,[等级8],[粉丝团 Lv5]
2026-05-16 21:04:57,2132689772357678,Y·Mar⁴- Tau❣,7,18809,[等级36],[粉丝团 Lv6]
2026-05-16 21:04:57,87925062079,紧握双手,10,18829,[等级21],[粉丝团 Lv12]
2026-05-16 21:04:58,3433109703365099,⁷⁹分喜欢,9,18896,[等级8],[粉丝团 Lv5]
2026-05-16 21:04:58,2476516589445608,乐途¹',21,18896,[等级31],[粉丝团 Lv15]
2026-05-16 21:04:59,87925062079,紧握双手,8,18923,[等级21],[粉丝团 Lv12]
2026-05-16 21:05:00,116989961990570,喜欢一个人,12,18936,[等级12],[粉丝团 Lv10]
2026-05-16 21:05:00,1956757538102459,🌈糖糖🌺🌺,9,18974,[等级20],[粉丝团 Lv10]
2026-05-16 21:05:00,3433109703365099,⁷⁹分喜欢,9,18983,[等级8],[粉丝团 Lv5]
2026-05-16 21:05:02,116989961990570,喜欢一个人,12,19033,[等级12],[粉丝团 Lv10]
2026-05-16 21:05:02,237088232449438,醉仙灵芙🌿,9,19033,[等级9],[粉丝团 Lv10]
2026-05-16 21:05:02,3433109703365099,⁷⁹分喜欢,9,19054,[等级8],[粉丝团 Lv5]
2026-05-16 21:05:02,92705481023,五月feng,10,19062,[等级27],[粉丝团 Lv5]
2026-05-16 21:05:03,62960186639,浪荡天涯客,13,19095,[等级32],[粉丝团 Lv10]
2026-05-16 21:05:04,237088232449438,醉仙灵芙🌿,8,19113,[等级9],[粉丝团 Lv10]
2026-05-16 21:05:05,3433109703365099,⁷⁹分喜欢,8,19128,[等级8],[粉丝团 Lv5]
2026-05-16 21:05:05,92705481023,五月feng,9,19137,[等级27],[粉丝团 Lv5]
2026-05-16 21:05:06,62960186639,浪荡天涯客,12,19179,[等级32],[粉丝团 Lv10]
2026-05-16 21:05:06,116989961990570,喜欢一个人,12,19179,[等级12],[粉丝团 Lv10]
2026-05-16 21:05:06,2476516589445608,乐途¹',18,19222,[等级31],[粉丝团 Lv15]
2026-05-16 21:05:06,3433109703365099,⁷⁹分喜欢,8,19222,[等级8],[粉丝团 Lv5]
2026-05-16 21:05:08,116989961990570,喜欢一个人,11,19256,[等级12],[粉丝团 Lv10]
2026-05-16 21:05:08,62960186639,浪荡天涯客,6,19277,[等级32],[粉丝团 Lv10]
2026-05-16 21:05:08,237088232449438,醉仙灵芙🌿,8,19256,[等级9],[粉丝团 Lv10]
2026-05-16 21:05:09,2476516589445608,乐途¹',21,19290,[等级31],[粉丝团 Lv15]
2026-05-16 21:05:09,3433109703365099,⁷⁹分喜欢,9,19309,[等级8],[粉丝团 Lv5]
2026-05-16 21:05:10,237088232449438,醉仙灵芙🌿,8,19338,[等级9],[粉丝团 Lv10]
2026-05-16 21:05:11,3433109703365099,⁷⁹分喜欢,9,19368,[等级8],[粉丝团 Lv5]
2026-05-16 21:05:11,2476516589445608,乐途¹',20,19368,[等级31],[粉丝团 Lv15]
2026-05-16 21:05:12,116989961990570,喜欢一个人,12,19397,[等级12],[粉丝团 Lv10]
2026-05-16 21:05:12,237088232449438,醉仙灵芙🌿,8,19397,[等级9],[粉丝团 Lv10]
2026-05-16 21:05:12,92705481023,五月feng,10,19416,[等级27],[粉丝团 Lv5]
2026-05-16 21:05:12,3433109703365099,⁷⁹分喜欢,9,19416,[等级8],[粉丝团 Lv5]
2026-05-16 21:05:13,2985911644861848,嗯呢。,5,19421,[等级15],[粉丝团 Lv10]
2026-05-16 21:05:14,237088232449438,醉仙灵芙🌿,8,19450,[等级9],[粉丝团 Lv10]
2026-05-16 21:05:14,3433109703365099,⁷⁹分喜欢,9,19459,[等级8],[粉丝团 Lv5]
2026-05-16 21:05:14,92705481023,五月feng,9,19468,[等级27],[粉丝团 Lv5]
2026-05-16 21:05:16,237088232449438,醉仙灵芙🌿,8,19496,[等级9],[粉丝团 Lv10]
2026-05-16 21:05:16,116989961990570,喜欢一个人,12,19496,[等级12],[粉丝团 Lv10]
2026-05-16 21:05:16,92705481023,五月feng,10,19517,[等级27],[粉丝团 Lv5]
2026-05-16 21:05:17,2985911644861848,嗯呢。,11,19517,[等级15],[粉丝团 Lv10]
2026-05-16 21:05:18,116989961990570,喜欢一个人,12,19537,[等级12],[粉丝团 Lv10]
2026-05-16 21:05:18,237088232449438,醉仙灵芙🌿,8,19537,[等级9],[粉丝团 Lv10]
2026-05-16 21:05:18,3433109703365099,⁷⁹分喜欢,7,19559,[等级8],[粉丝团 Lv5]
2026-05-16 21:05:18,92705481023,五月feng,10,19559,[等级27],[粉丝团 Lv5]
2026-05-16 21:05:20,2985911644861848,嗯呢。,8,19587,[等级15],[粉丝团 Lv10]
2026-05-16 21:05:20,116989961990570,喜欢一个人,12,19587,[等级12],[粉丝团 Lv10]
2026-05-16 21:05:20,92705481023,五月feng,10,19620,[等级27],[粉丝团 Lv5]
2026-05-16 21:05:20,3433109703365099,⁷⁹分喜欢,1,19620,[等级8],[粉丝团 Lv5]
2026-05-16 21:05:21,83724067872,草莓啵啵^,8,19631,[等级12],[粉丝团 Lv11]
2026-05-16 21:05:22,7615988333545931813,ik-🦋,11,19651,,
2026-05-16 21:05:22,3433109703365099,⁷⁹分喜欢,11,19672,[等级8],[粉丝团 Lv5]
2026-05-16 21:05:22,92705481023,五月feng,10,19692,[等级27],[粉丝团 Lv5]
2026-05-16 21:05:24,2985911644861848,嗯呢。,11,19731,[等级15],[粉丝团 Lv10]
2026-05-16 21:05:24,7615988333545931813,ik-🦋,11,19731,,
2026-05-16 21:05:24,92705481023,五月feng,10,19762,[等级27],[粉丝团 Lv5]
2026-05-16 21:05:25,56076255513,苦菊,10,19762,[等级24],[粉丝团 Lv15]
2026-05-16 21:05:26,99301697709,@余温,1,19795,[等级25],
2026-05-16 21:05:26,7615988333545931813,ik-🦋,12,19795,,
2026-05-16 21:05:26,3433109703365099,⁷⁹分喜欢,2,19807,[等级8],[粉丝团 Lv5]
2026-05-16 21:05:26,92705481023,五月feng,10,19826,[等级27],[粉丝团 Lv5]
2026-05-16 21:05:28,7615988333545931813,ik-🦋,11,19855,,
2026-05-16 21:05:28,116989961990570,喜欢一个人,11,19855,[等级12],[粉丝团 Lv10]
2026-05-16 21:05:29,92705481023,五月feng,10,19883,[等级27],[粉丝团 Lv5]
2026-05-16 21:05:29,56076255513,苦菊,9,19883,[等级24],[粉丝团 Lv15]
2026-05-16 21:05:29,83724067872,草莓啵啵^,9,19883,[等级12],[粉丝团 Lv11]
2026-05-16 21:05:29,7615988333545931813,ik-🦋,11,19913,,
2026-05-16 21:05:30,92705481023,五月feng,10,19943,[等级27],[粉丝团 Lv5]
2026-05-16 21:05:31,56076255513,苦菊,10,19943,[等级24],[粉丝团 Lv15]
2026-05-16 21:05:32,7615988333545931813,ik-🦋,11,19973,,
2026-05-16 21:05:32,237088232449438,醉仙灵芙🌿,7,19974,[等级9],[粉丝团 Lv10]
2026-05-16 21:05:32,104783349420,张鱼大丸子（游戏版）,1,19984,[等级3],
2026-05-16 21:05:32,92705481023,五月feng,10,19994,[等级27],[粉丝团 Lv5]
2026-05-16 21:05:33,83724067872,草莓啵啵^,5,20011,[等级12],[粉丝团 Lv11]
2026-05-16 21:05:34,7615988333545931813,ik-🦋,12,20029,,
2026-05-16 21:05:34,104783349420,张鱼大丸子（游戏版）,8,20057,[等级3],
2026-05-16 21:05:34,92705481023,五月feng,10,20071,[等级27],[粉丝团 Lv5]
2026-05-16 21:05:36,116989961990570,喜欢一个人,2,20098,[等级12],[粉丝团 Lv10]
2026-05-16 21:05:36,7615988333545931813,ik-🦋,10,20091,,
2026-05-16 21:05:36,104783349420,张鱼大丸子（游戏版）,7,20110,[等级3],
2026-05-16 21:05:37,92705481023,五月feng,9,20133,[等级27],[粉丝团 Lv5]
2026-05-16 21:05:38,237088232449438,醉仙灵芙🌿,7,20147,[等级9],[粉丝团 Lv10]
2026-05-16 21:05:38,104783349420,张鱼大丸子（游戏版）,7,20164,[等级3],
2026-05-16 21:05:39,92705481023,五月feng,9,20172,[等级27],[粉丝团 Lv5]
2026-05-16 21:05:39,69535746255,湫961,1,20173,[等级14],
2026-05-16 21:05:40,237088232449438,醉仙灵芙🌿,7,20184,[等级9],[粉丝团 Lv10]
2026-05-16 21:05:40,104783349420,张鱼大丸子（游戏版）,4,20209,[等级3],
2026-05-16 21:05:40,56076255513,苦菊,10,20210,[等级24],[粉丝团 Lv15]
2026-05-16 21:05:41,7615988333545931813,ik-🦋,7,20234,,
2026-05-16 21:05:41,237088232449438,醉仙灵芙🌿,8,20234,[等级9],[粉丝团 Lv10]
2026-05-16 21:05:43,92705481023,五月feng,10,20247,[等级27],[粉丝团 Lv5]
2026-05-16 21:05:43,580173490030160,不正歪,3,20258,[等级1],[粉丝团 Lv5]
2026-05-16 21:05:43,7615988333545931813,ik-🦋,12,20278,,
2026-05-16 21:05:44,237088232449438,醉仙灵芙🌿,8,20278,[等级9],[粉丝团 Lv10]
2026-05-16 21:05:45,92705481023,五月feng,10,20288,[等级27],[粉丝团 Lv5]
2026-05-16 21:05:45,75485062293,明头⁸⁰⁰⁸,11,20299,[等级20],[粉丝团 Lv10]
2026-05-16 21:05:45,7615988333545931813,ik-🦋,11,20316,,
2026-05-16 21:05:47,92705481023,五月feng,10,20327,[等级27],[粉丝团 Lv5]
2026-05-16 21:05:47,69773879502,差不多女士,1,20336,[等级9],
2026-05-16 21:05:47,75485062293,明头⁸⁰⁰⁸,8,20336,[等级20],[粉丝团 Lv10]
2026-05-16 21:05:47,102755937446,当涂第一深情,1,20348,[等级16],
2026-05-16 21:05:49,92705481023,五月feng,10,20361,[等级27],[粉丝团 Lv5]
2026-05-16 21:05:49,69773879502,差不多女士,2,20371,[等级9],
2026-05-16 21:05:49,4431473046730724,用户1997117653613,1,20384,[等级7],
2026-05-16 21:05:49,7615988333545931813,ik-🦋,12,20384,,
2026-05-16 21:05:51,92705481023,五月feng,10,20410,[等级27],[粉丝团 Lv5]
2026-05-16 21:05:51,69773879502,差不多女士,11,20410,[等级9],
2026-05-16 21:05:51,7615988333545931813,ik-🦋,11,20421,,
2026-05-16 21:05:53,92705481023,五月feng,9,20430,[等级27],[粉丝团 Lv5]
2026-05-16 21:05:53,83724067872,草莓啵啵^,5,20436,[等级12],[粉丝团 Lv11]
2026-05-16 21:05:53,100441436707,Paul,1,20448,,
2026-05-16 21:05:55,1750036581201886,我的世界龙虾,9,20479,[等级7],[粉丝团 Lv3]
2026-05-16 21:05:55,52243439934,Air_,11,20479,[等级20],[粉丝团 Lv10]
2026-05-16 21:05:55,116989961990570,喜欢一个人,3,20504,[等级12],[粉丝团 Lv10]
2026-05-16 21:05:56,7615988333545931813,ik-🦋,11,20504,,
2026-05-16 21:05:57,92705481023,五月feng,10,20546,[等级27],[粉丝团 Lv5]
2026-05-16 21:05:57,52243439934,Air_,6,20557,[等级20],[粉丝团 Lv10]
2026-05-16 21:05:57,116989961990570,喜欢一个人,13,20581,[等级12],[粉丝团 Lv10]
2026-05-16 21:05:58,7615988333545931813,ik-🦋,11,20581,,
2026-05-16 21:05:59,92705481023,五月feng,9,20600,[等级27],[粉丝团 Lv5]
2026-05-16 21:05:59,56076255513,苦菊,10,20607,[等级24],[粉丝团 Lv15]
2026-05-16 21:05:59,83724067872,草莓啵啵^,7,20607,[等级12],[粉丝团 Lv11]
2026-05-16 21:06:00,116989961990570,喜欢一个人,13,20638,[等级12],[粉丝团 Lv10]
2026-05-16 21:06:00,103510963838,《重生之》我在成都养🐰钓🐟,7,20648,[等级7],[粉丝团 Lv10]
2026-05-16 21:06:01,92705481023,五月feng,9,20651,[等级27],[粉丝团 Lv5]
2026-05-16 21:06:01,83724067872,草莓啵啵^,11,20685,[等级12],[粉丝团 Lv11]
2026-05-16 21:06:02,116989961990570,喜欢一个人,12,20700,[等级12],[粉丝团 Lv10]
2026-05-16 21:06:02,1783847821255132,闪现真好吃,9,20715,[等级13],[粉丝团 Lv9]
2026-05-16 21:06:03,92705481023,五月feng,9,20715,[等级27],[粉丝团 Lv5]
2026-05-16 21:06:03,83724067872,草莓啵啵^,10,20725,[等级12],[粉丝团 Lv11]
2026-05-16 21:06:04,7615988333545931813,ik-🦋,10,20766,,
2026-05-16 21:06:05,92705481023,五月feng,10,20788,[等级27],[粉丝团 Lv5]
2026-05-16 21:06:05,52243439934,Air_,12,20788,[等级20],[粉丝团 Lv10]
2026-05-16 21:06:05,83724067872,草莓啵啵^,9,20797,[等级12],[粉丝团 Lv11]
2026-05-16 21:06:06,116989961990570,喜欢一个人,13,20843,[等级12],[粉丝团 Lv10]
2026-05-16 21:06:07,103510963838,《重生之》我在成都养🐰钓🐟,11,20854,[等级7],[粉丝团 Lv10]
2026-05-16 21:06:07,52243439934,Air_,3,20854,[等级20],[粉丝团 Lv10]
2026-05-16 21:06:07,83724067872,草莓啵啵^,10,20864,[等级12],[粉丝团 Lv11]
2026-05-16 21:06:08,7615988333545931813,ik-🦋,11,20899,,
2026-05-16 21:06:08,103510963838,《重生之》我在成都养🐰钓🐟,10,20909,[等级7],[粉丝团 Lv10]
2026-05-16 21:06:08,1783847821255132,闪现真好吃,10,20909,[等级13],[粉丝团 Lv9]
2026-05-16 21:06:09,83724067872,草莓啵啵^,11,20920,[等级12],[粉丝团 Lv11]
2026-05-16 21:06:10,7615988333545931813,ik-🦋,4,20937,,
2026-05-16 21:06:11,75350230108,爱喝碳酸饮料,4,20947,[等级18],[粉丝团 Lv10]
2026-05-16 21:06:11,92705481023,五月feng,10,20947,[等级27],[粉丝团 Lv5]
2026-05-16 21:06:11,83724067872,草莓啵啵^,12,20959,[等级12],[粉丝团 Lv11]
2026-05-16 21:06:12,1783847821255132,闪现真好吃,9,20968,[等级13],[粉丝团 Lv9]
2026-05-16 21:06:13,92705481023,五月feng,10,20990,[等级27],[粉丝团 Lv5]
2026-05-16 21:06:13,75350230108,爱喝碳酸饮料,11,20990,[等级18],[粉丝团 Lv10]
2026-05-16 21:06:13,83724067872,草莓啵啵^,10,21000,[等级12],[粉丝团 Lv11]
2026-05-16 21:06:14,7615988333545931813,ik-🦋,4,21015,,
2026-05-16 21:06:15,52243439934,Air_,6,21028,[等级20],[粉丝团 Lv10]
2026-05-16 21:06:15,1827809526030755,君雅酒店对面老黑,1,21038,[等级12],[粉丝团 Lv8]
2026-05-16 21:06:15,83724067872,草莓啵啵^,10,21045,[等级12],[粉丝团 Lv11]
2026-05-16 21:06:16,56076255513,苦菊,7,21065,[等级24],[粉丝团 Lv15]
2026-05-16 21:06:16,1783847821255132,闪现真好吃,9,21065,[等级13],[粉丝团 Lv9]
2026-05-16 21:06:17,52243439934,Air_,13,21081,[等级20],[粉丝团 Lv10]
2026-05-16 21:06:18,56076255513,苦菊,10,21100,[等级24],[粉丝团 Lv15]
2026-05-16 21:06:18,1783847821255132,闪现真好吃,9,21100,[等级13],[粉丝团 Lv9]
2026-05-16 21:06:19,52243439934,Air_,11,21118,[等级20],[粉丝团 Lv10]
2026-05-16 21:06:19,3021069489285053,是大明子呀,7,21118,[等级14],[粉丝团 Lv5]
2026-05-16 21:06:20,92568520439,雪落下缘尽琴宝！,1,21139,[等级16],
2026-05-16 21:06:21,3021069489285053,是大明子呀,11,21150,[等级14],[粉丝团 Lv5]
2026-05-16 21:06:22,7615988333545931813,ik-🦋,5,21180,,
2026-05-16 21:06:22,1783847821255132,闪现真好吃,8,21180,[等级13],[粉丝团 Lv9]
2026-05-16 21:06:22,56076255513,苦菊,6,21181,[等级24],[粉丝团 Lv15]
2026-05-16 21:06:22,99833452579,铃铛喵,1,21181,[等级25],
2026-05-16 21:06:23,83724067872,草莓啵啵^,1,21197,[等级12],[粉丝团 Lv11]
2026-05-16 21:06:24,56076255513,苦菊,4,21218,[等级24],[粉丝团 Lv15]
2026-05-16 21:06:24,92705481023,五月feng,10,21238,[等级27],[粉丝团 Lv5]
2026-05-16 21:06:25,3021069489285053,是大明子呀,10,21249,[等级14],[粉丝团 Lv5]
2026-05-16 21:06:26,83724067872,草莓啵啵^,11,21258,[等级12],[粉丝团 Lv11]
2026-05-16 21:06:26,56076255513,苦菊,9,21278,[等级24],[粉丝团 Lv15]
2026-05-16 21:06:26,92705481023,五月feng,9,21287,[等级27],[粉丝团 Lv5]
2026-05-16 21:06:27,83724067872,草莓啵啵^,10,21316,[等级12],[粉丝团 Lv11]
2026-05-16 21:06:27,3021069489285053,是大明子呀,10,21316,[等级14],[粉丝团 Lv5]
2026-05-16 21:06:28,1783847821255132,闪现真好吃,6,21339,[等级13],[粉丝团 Lv9]
2026-05-16 21:06:28,92705481023,五月feng,6,21339,[等级27],[粉丝团 Lv5]
2026-05-16 21:06:29,83724067872,草莓啵啵^,10,21368,[等级12],[粉丝团 Lv11]
2026-05-16 21:06:30,56076255513,苦菊,9,21392,[等级24],[粉丝团 Lv15]
2026-05-16 21:06:30,1099972564753256,DDDDDDee.,9,21402,[等级35],[粉丝团:张君雅 Lv15]
2026-05-16 21:06:30,92705481023,五月feng,10,21402,[等级27],[粉丝团 Lv5]
2026-05-16 21:06:31,3021069489285053,是大明子呀,10,21423,[等级14],[粉丝团 Lv5]
2026-05-16 21:06:31,83724067872,草莓啵啵^,11,21423,[等级12],[粉丝团 Lv11]
2026-05-16 21:06:32,1099972564753256,DDDDDDee.,11,21462,[等级35],[粉丝团:张君雅 Lv15]
2026-05-16 21:06:32,92705481023,五月feng,8,21462,[等级27],[粉丝团 Lv5]
2026-05-16 21:06:33,83724067872,草莓啵啵^,11,21492,[等级12],[粉丝团 Lv11]
2026-05-16 21:06:34,56076255513,苦菊,9,21523,[等级24],[粉丝团 Lv15]
2026-05-16 21:06:34,92705481023,五月feng,6,21529,[等级27],[粉丝团 Lv5]
2026-05-16 21:06:35,3021069489285053,是大明子呀,9,21548,[等级14],[粉丝团 Lv5]
2026-05-16 21:06:35,83724067872,草莓啵啵^,10,21557,[等级12],[粉丝团 Lv11]
2026-05-16 21:06:36,56076255513,苦菊,9,21588,[等级24],[粉丝团 Lv15]
2026-05-16 21:06:37,92705481023,五月feng,5,21593,[等级27],[粉丝团 Lv5]
2026-05-16 21:06:37,3021069489285053,是大明子呀,10,21614,[等级14],[粉丝团 Lv5]
2026-05-16 21:06:38,83724067872,草莓啵啵^,11,21622,[等级12],[粉丝团 Lv11]
2026-05-16 21:06:38,56076255513,苦菊,8,21635,[等级24],[粉丝团 Lv15]
2026-05-16 21:06:38,1099972564753256,DDDDDDee.,11,21655,[等级35],[粉丝团:张君雅 Lv15]
2026-05-16 21:06:38,1783847821255132,闪现真好吃,2,21655,[等级13],[粉丝团 Lv9]
2026-05-16 21:06:39,3021069489285053,是大明子呀,9,21683,[等级14],[粉丝团 Lv5]
2026-05-16 21:06:40,56076255513,苦菊,9,21704,[等级24],[粉丝团 Lv15]
2026-05-16 21:06:40,1099972564753256,DDDDDDee.,11,21714,[等级35],[粉丝团:张君雅 Lv15]
2026-05-16 21:06:40,92705481023,五月feng,10,21722,[等级27],[粉丝团 Lv5]
2026-05-16 21:06:41,3021069489285053,是大明子呀,10,21743,[等级14],[粉丝团 Lv5]
2026-05-16 21:06:42,83724067872,草莓啵啵^,11,21752,[等级12],[粉丝团 Lv11]
2026-05-16 21:06:42,1099972564753256,DDDDDDee.,3,21773,[等级35],[粉丝团:张君雅 Lv15]
2026-05-16 21:06:42,92705481023,五月feng,6,21773,[等级27],[粉丝团 Lv5]
2026-05-16 21:06:43,3021069489285053,是大明子呀,9,21793,[等级14],[粉丝团 Lv5]
2026-05-16 21:06:44,83724067872,草莓啵啵^,11,21801,[等级12],[粉丝团 Lv11]
2026-05-16 21:06:44,92705481023,五月feng,8,21829,[等级27],[粉丝团 Lv5]
2026-05-16 21:06:45,3021069489285053,是大明子呀,9,21837,[等级14],[粉丝团 Lv5]
2026-05-16 21:06:46,83724067872,草莓啵啵^,8,21845,[等级12],[粉丝团 Lv11]
2026-05-16 21:06:46,56076255513,苦菊,8,21856,[等级24],[粉丝团 Lv15]
2026-05-16 21:06:46,92705481023,五月feng,8,21864,[等级27],[粉丝团 Lv5]
2026-05-16 21:06:47,3021069489285053,是大明子呀,9,21874,[等级14],[粉丝团 Lv5]
2026-05-16 21:06:48,1990544460618936,来一瓶无糖可乐.,1,21883,[等级10],[粉丝团 Lv2]
2026-05-16 21:06:49,92705481023,五月feng,6,21889,[等级27],[粉丝团 Lv5]
2026-05-16 21:06:49,3021069489285053,是大明子呀,9,21899,[等级14],[粉丝团 Lv5]
2026-05-16 21:06:50,4358077448723815,墨盒,1,21908,[等级4],
2026-05-16 21:06:50,93224346098,叾屾,1,21919,[等级19],
2026-05-16 21:06:50,92705481023,五月feng,8,21919,[等级27],[粉丝团 Lv5]
2026-05-16 21:06:51,3021069489285053,是大明子呀,9,21936,[等级14],[粉丝团 Lv5]
2026-05-16 21:06:52,56076255513,苦菊,8,21946,[等级24],[粉丝团 Lv15]
2026-05-16 21:06:53,92705481023,五月feng,10,21966,[等级27],[粉丝团 Lv5]
2026-05-16 21:06:53,3021069489285053,是大明子呀,30,21966,[等级14],[粉丝团 Lv5]
2026-05-16 21:06:53,56076255513,苦菊,9,21986,[等级24],[粉丝团 Lv15]
2026-05-16 21:06:54,7615988333545931813,ik-🦋,11,21994,,
2026-05-16 21:06:54,85134135377,未语,8,22004,[等级22],[粉丝团 Lv12]
2026-05-16 21:06:54,92705481023,五月feng,10,22004,[等级27],[粉丝团 Lv5]
2026-05-16 21:06:55,3021069489285053,是大明子呀,9,22018,[等级14],[粉丝团 Lv5]
2026-05-16 21:06:55,83724067872,草莓啵啵^,15,22027,[等级12],[粉丝团 Lv11]
2026-05-16 21:06:55,56076255513,苦菊,9,22036,[等级24],[粉丝团 Lv15]
2026-05-16 21:06:56,7615988333545931813,ik-🦋,9,22051,,
2026-05-16 21:06:56,3828936282234003,…。。。。。,2,22051,[等级4],[粉丝团 Lv4]
2026-05-16 21:06:57,3021069489285053,是大明子呀,9,22070,[等级14],[粉丝团 Lv5]
2026-05-16 21:06:58,704162475554743,冷风吹,1,22078,[等级18],
2026-05-16 21:06:58,92705481023,五月feng,10,22088,[等级27],[粉丝团 Lv5]
2026-05-16 21:06:59,52243439934,Air_,10,22118,[等级20],[粉丝团 Lv10]
2026-05-16 21:06:59,3021069489285053,是大明子呀,10,22118,[等级14],[粉丝团 Lv5]
2026-05-16 21:06:59,83724067872,草莓啵啵^,30,22127,[等级12],[粉丝团 Lv11]
2026-05-16 21:07:00,56076255513,苦菊,9,22127,[等级24],[粉丝团 Lv15]
2026-05-16 21:07:00,3558462383205171,微笑可以治愈一切,3,22140,[等级11],
2026-05-16 21:07:01,92705481023,五月feng,10,22151,[等级27],[粉丝团 Lv5]
2026-05-16 21:07:01,3021069489285053,是大明子呀,27,22178,[等级14],[粉丝团 Lv5]
2026-05-16 21:07:01,83724067872,草莓啵啵^,10,22178,[等级12],[粉丝团 Lv11]
2026-05-16 21:07:01,56076255513,苦菊,8,22184,[等级24],[粉丝团 Lv15]
2026-05-16 21:07:02,104783349420,张鱼大丸子（游戏版）,6,22204,[等级3],
2026-05-16 21:07:02,3558462383205171,微笑可以治愈一切,4,22204,[等级11],
2026-05-16 21:07:03,52243439934,Air_,12,22239,[等级20],[粉丝团 Lv10]
2026-05-16 21:07:03,3021069489285053,是大明子呀,9,22239,[等级14],[粉丝团 Lv5]
2026-05-16 21:07:04,104783349420,张鱼大丸子（游戏版）,8,22280,[等级3],
2026-05-16 21:07:05,75350230108,爱喝碳酸饮料,15,22280,[等级18],[粉丝团 Lv10]
2026-05-16 21:07:05,92705481023,五月feng,27,22280,[等级27],[粉丝团 Lv5]
2026-05-16 21:07:05,52243439934,Air_,8,22313,[等级20],[粉丝团 Lv10]
2026-05-16 21:07:05,83724067872,草莓啵啵^,8,22313,[等级12],[粉丝团 Lv11]
2026-05-16 21:07:06,7615988333545931813,ik-🦋,24,22343,,
2026-05-16 21:07:07,92705481023,五月feng,9,22343,[等级27],[粉丝团 Lv5]
2026-05-16 21:07:07,56076255513,苦菊,8,22371,[等级24],[粉丝团 Lv15]
2026-05-16 21:07:08,7615988333545931813,ik-🦋,12,22402,,
2026-05-16 21:07:09,3021069489285053,是大明子呀,27,22435,[等级14],[粉丝团 Lv5]
2026-05-16 21:07:09,83724067872,草莓啵啵^,10,22443,[等级12],[粉丝团 Lv11]
2026-05-16 21:07:09,56076255513,苦菊,9,22443,[等级24],[粉丝团 Lv15]
2026-05-16 21:07:10,7615988333545931813,ik-🦋,12,22473,,
2026-05-16 21:07:10,104783349420,张鱼大丸子（游戏版）,8,22473,[等级3],
2026-05-16 21:07:11,83724067872,草莓啵啵^,10,22526,[等级12],[粉丝团 Lv11]
2026-05-16 21:07:11,56076255513,苦菊,8,22526,[等级24],[粉丝团 Lv15]
2026-05-16 21:07:12,7615988333545931813,ik-🦋,33,22555,,
2026-05-16 21:07:13,3021069489285053,是大明子呀,9,22601,[等级14],[粉丝团 Lv5]
2026-05-16 21:07:13,371008639609751,冰   少.,8,22601,,
2026-05-16 21:07:14,7615988333545931813,ik-🦋,12,22640,,
2026-05-16 21:07:15,3021069489285053,是大明子呀,9,22680,[等级14],[粉丝团 Lv5]
2026-05-16 21:07:15,371008639609751,冰   少.,2,22691,,
2026-05-16 21:07:15,56076255513,苦菊,24,22702,[等级24],[粉丝团 Lv15]
2026-05-16 21:07:18,59348532870,贫僧法号：乱来,11,22774,[等级34],
2026-05-16 21:07:19,92705481023,五月feng,10,22784,[等级27],[粉丝团 Lv5]
2026-05-16 21:07:19,3021069489285053,是大明子呀,9,22817,[等级14],[粉丝团 Lv5]
2026-05-16 21:07:19,83724067872,草莓啵啵^,12,22840,[等级12],[粉丝团 Lv11]
2026-05-16 21:07:21,3021069489285053,是大明子呀,30,22881,[等级14],[粉丝团 Lv5]
2026-05-16 21:07:23,3021069489285053,是大明子呀,9,22948,[等级14],[粉丝团 Lv5]
2026-05-16 21:07:23,66221024331,“𝙎𝙪𝙥𝙧𝙚𝙢𝙚 »,10,22970,[等级7],[粉丝团 Lv8]
2026-05-16 21:07:24,7615988333545931813,ik-🦋,11,22991,,
2026-05-16 21:07:25,92705481023,五月feng,30,22991,[等级27],[粉丝团 Lv5]
2026-05-16 21:07:27,92705481023,五月feng,10,23071,[等级27],[粉丝团 Lv5]
2026-05-16 21:07:27,3021069489285053,是大明子呀,30,23109,[等级14],[粉丝团 Lv5]
2026-05-16 21:07:29,615327404945566,岁始,1,23189,[等级5],
2026-05-16 21:07:30,7615988333545931813,ik-🦋,33,23221,,
2026-05-16 21:07:31,92705481023,五月feng,10,23221,[等级27],[粉丝团 Lv5]
2026-05-16 21:07:33,92705481023,五月feng,9,23294,[等级27],[粉丝团 Lv5]
2026-05-16 21:07:33,3021069489285053,是大明子呀,30,23329,[等级14],[粉丝团 Lv5]
2026-05-16 21:07:33,83724067872,草莓啵啵^,7,23348,[等级12],[粉丝团 Lv11]
2026-05-16 21:07:36,58971375299,🐱,3,23456,[等级13],
2026-05-16 21:07:39,3021069489285053,是大明子呀,27,23568,[等级14],[粉丝团 Lv5]
2026-05-16 21:07:43,1099972564753256,DDDDDDee.,18,23685,[等级35],[粉丝团:张君雅 Lv15]
2026-05-16 21:07:46,3021069489285053,是大明子呀,27,23796,[等级14],[粉丝团 Lv5]
2026-05-16 21:07:46,56076255513,苦菊,8,23796,[等级24],[粉丝团 Lv15]
2026-05-16 21:07:48,110666097981,꧁༺阝东༻༺豆豆༻꧂,30,23889,[等级6],[粉丝团 Lv9]
2026-05-16 21:07:51,3021069489285053,是大明子呀,27,24008,[等级14],[粉丝团 Lv5]
2026-05-16 21:07:54,110666097981,꧁༺阝东༻༺豆豆༻꧂,21,24078,[等级6],[粉丝团 Lv9]
2026-05-16 21:07:57,3021069489285053,是大明子呀,27,24209,[等级14],[粉丝团 Lv5]
2026-05-16 21:08:00,7615988333545931813,ik-🦋,33,24284,,
2026-05-16 21:08:03,3021069489285053,是大明子呀,27,24354,[等级14],[粉丝团 Lv5]
2026-05-16 21:08:06,1051605068416204,用户3578,24,24404,[等级20],
2026-05-16 21:08:10,3021069489285053,是大明子呀,30,24482,[等级14],[粉丝团 Lv5]
2026-05-16 21:08:13,1051605068416204,用户3578,36,24532,[等级20],
2026-05-16 21:08:16,56076255513,苦菊,27,24591,[等级24],[粉丝团 Lv15]
2026-05-16 21:08:19,1051605068416204,用户3578,9,24629,[等级20],
2026-05-16 21:08:22,52646520064,Cc（辣卤门卤味铺子）,9,24687,[等级11],[粉丝团 Lv3]
2026-05-16 21:08:25,1051605068416204,用户3578,24,24755,[等级20],
2026-05-16 21:08:27,81780019756,用星渲染夜得伤,18,24811,[等级24],[粉丝团 Lv10]
2026-05-16 21:08:31,81780019756,用星渲染夜得伤,33,24876,[等级24],[粉丝团 Lv10]
2026-05-16 21:08:33,4213763892323272,L一月十一,24,24940,[等级19],[粉丝团 Lv7]
2026-05-16 21:08:37,81780019756,用星渲染夜得伤,30,24987,[等级24],[粉丝团 Lv10]
2026-05-16 21:08:39,81780019756,用星渲染夜得伤,33,25025,[等级24],[粉丝团 Lv10]
2026-05-16 21:08:42,61960743593,无名先生,3,25090,[等级23],[粉丝团 Lv8]
2026-05-16 21:08:45,81780019756,用星渲染夜得伤,15,25135,[等级24],[粉丝团 Lv10]
2026-05-16 21:08:48,83724067872,草莓啵啵^,9,25181,[等级12],[粉丝团 Lv11]
2026-05-16 21:08:51,56076255513,苦菊,27,25227,[等级24],[粉丝团 Lv15]
2026-05-16 21:08:54,2559258277454052,超,12,25263,[等级18],[粉丝团 Lv7]
2026-05-16 21:08:57,56076255513,苦菊,24,25343,[等级24],[粉丝团 Lv15]
2026-05-16 21:09:00,2559258277454052,超,33,25387,[等级18],[粉丝团 Lv7]
2026-05-16 21:09:04,3021069489285053,是大明子呀,27,25498,[等级14],[粉丝团 Lv5]
2026-05-16 21:09:06,2559258277454052,超,18,25547,[等级18],[粉丝团 Lv7]
2026-05-16 21:09:10,56076255513,苦菊,24,25634,[等级24],[粉丝团 Lv15]
2026-05-16 21:09:13,75350230108,爱喝碳酸饮料,9,25707,[等级18],[粉丝团 Lv10]
2026-05-16 21:09:15,75350230108,爱喝碳酸饮料,45,25793,[等级18],[粉丝团 Lv10]
2026-05-16 21:09:18,83724067872,草莓啵啵^,33,25907,[等级12],[粉丝团 Lv11]
2026-05-16 21:09:21,81780019756,用星渲染夜得伤,33,26037,[等级24],[粉丝团 Lv10]
2026-05-16 21:09:24,83724067872,草莓啵啵^,33,26203,[等级12],[粉丝团 Lv11]
2026-05-16 21:09:28,81780019756,用星渲染夜得伤,6,26302,[等级24],[粉丝团 Lv10]
2026-05-16 21:09:30,2559258277454052,超,30,26415,[等级18],[粉丝团 Lv7]
2026-05-16 21:09:34,81780019756,用星渲染夜得伤,30,26516,[等级24],[粉丝团 Lv10]
2026-05-16 21:09:36,83724067872,草莓啵啵^,33,26587,[等级12],[粉丝团 Lv11]
2026-05-16 21:09:39,81780019756,用星渲染夜得伤,36,26659,[等级24],[粉丝团 Lv10]
2026-05-16 21:09:42,2814398071321872,没辣吃不饱,12,26698,[等级15],[粉丝团 Lv11]
2026-05-16 21:09:46,56076255513,苦菊,27,26748,[等级24],[粉丝团 Lv15]
2026-05-16 21:09:48,2814398071321872,没辣吃不饱,33,26789,[等级15],[粉丝团 Lv11]
2026-05-16 21:09:52,56076255513,苦菊,27,26840,[等级24],[粉丝团 Lv15]
2026-05-16 21:09:54,83724067872,草莓啵啵^,24,26889,[等级12],[粉丝团 Lv11]
2026-05-16 21:09:58,56076255513,苦菊,24,26951,[等级24],[粉丝团 Lv15]
2026-05-16 21:10:00,83724067872,草莓啵啵^,33,27012,[等级12],[粉丝团 Lv11]
2026-05-16 21:10:03,56076255513,苦菊,27,27073,[等级24],[粉丝团 Lv15]
2026-05-16 21:10:07,2814398071321872,没辣吃不饱,18,27097,[等级15],[粉丝团 Lv11]
2026-05-16 21:10:09,56076255513,苦菊,24,27125,[等级24],[粉丝团 Lv15]
2026-05-16 21:10:13,3041673668209292,你爸爸总归是父亲,9,27158,,
2026-05-16 21:10:15,56076255513,苦菊,27,27189,[等级24],[粉丝团 Lv15]
2026-05-16 21:10:19,83724067872,草莓啵啵^,21,27216,[等级12],[粉丝团 Lv11]
2026-05-16 21:10:21,3963120025863520,迈子,3,27264,[等级15],
2026-05-16 21:10:25,93519424336,佳,39,27309,[等级12],[粉丝团 Lv8]
2026-05-16 21:10:28,56076255513,苦菊,27,27329,[等级24],[粉丝团 Lv15]
2026-05-16 21:10:30,3021069270391501,徐老先生,3,27370,,
2026-05-16 21:10:33,93519424336,佳,36,27423,[等级12],[粉丝团 Lv8]
2026-05-16 21:10:37,83724067872,草莓啵啵^,30,27473,[等级12],[粉丝团 Lv11]
2026-05-16 21:10:40,56076255513,苦菊,27,27544,[等级24],[粉丝团 Lv15]
2026-05-16 21:10:42,83724067872,草莓啵啵^,18,27586,[等级12],[粉丝团 Lv11]
2026-05-16 21:10:45,93519424336,佳,33,27642,[等级12],[粉丝团 Lv8]
2026-05-16 21:10:49,93519424336,佳,27,27721,[等级12],[粉丝团 Lv8]
2026-05-16 21:10:51,93519424336,佳,12,27745,[等级12],[粉丝团 Lv8]
2026-05-16 21:10:54,101138818359,小鱼,15,27811,[等级34],[粉丝团 Lv15]
2026-05-16 21:10:57,72573216680,夏至的小生活,30,27893,[等级4],
2026-05-16 21:11:00,101138818359,小鱼,36,27973,[等级34],[粉丝团 Lv15]
2026-05-16 21:11:03,93519424336,佳,30,28076,[等级12],[粉丝团 Lv8]
2026-05-16 21:11:06,2559258277454052,超,42,28186,[等级18],[粉丝团 Lv7]
2026-05-16 21:11:09,93519424336,佳,36,28308,[等级12],[粉丝团 Lv8]
2026-05-16 21:11:12,2559258277454052,超,39,28404,[等级18],[粉丝团 Lv7]
2026-05-16 21:11:15,92383128343,Eason杰,3,28501,,
2026-05-16 21:11:18,2559258277454052,超,33,28600,[等级18],[粉丝团 Lv7]
2026-05-16 21:11:21,93519424336,佳,36,28707,[等级12],[粉丝团 Lv8]
2026-05-16 21:11:24,2559258277454052,超,39,28816,[等级18],[粉丝团 Lv7]
2026-05-16 21:11:28,93519424336,佳,27,28917,[等级12],[粉丝团 Lv8]
2026-05-16 21:11:30,2559258277454052,超,27,28998,[等级18],[粉丝团 Lv7]
2026-05-16 21:11:34,72573216680,夏至的小生活,24,29111,[等级4],
2026-05-16 21:11:36,2559258277454052,超,33,29222,[等级18],[粉丝团 Lv7]
2026-05-16 21:11:39,93519424336,佳,27,29317,[等级12],[粉丝团 Lv8]
2026-05-16 21:11:42,2559258277454052,超,27,29421,[等级18],[粉丝团 Lv7]
2026-05-16 21:11:46,72573216680,夏至的小生活,30,29520,[等级4],
2026-05-16 21:11:48,2559258277454052,超,30,29579,[等级18],[粉丝团 Lv7]
2026-05-16 21:11:51,56076255513,苦菊,24,29665,[等级24],[粉丝团 Lv15]
2026-05-16 21:11:54,2559258277454052,超,39,29712,[等级18],[粉丝团 Lv7]
2026-05-16 21:11:58,58535558438,ジ你唯愛办,33,29808,[等级15],[粉丝团 Lv2]
2026-05-16 21:12:00,2559258277454052,超,42,29919,[等级18],[粉丝团 Lv7]
2026-05-16 21:12:03,104759532174,๑ò钱_前面的钱ó๑,36,30034,[等级19],[粉丝团 Lv3]
2026-05-16 21:12:06,81780019756,用星渲染夜得伤,15,30153,[等级24],[粉丝团 Lv10]
2026-05-16 21:12:09,104759532174,๑ò钱_前面的钱ó๑,27,30259,[等级19],[粉丝团 Lv3]
2026-05-16 21:12:12,2559258277454052,超,36,30362,[等级18],[粉丝团 Lv7]
2026-05-16 21:12:15,58535558438,ジ你唯愛办,30,30465,[等级15],[粉丝团 Lv2]
2026-05-16 21:12:18,81780019756,用星渲染夜得伤,12,30547,[等级24],[粉丝团 Lv10]
2026-05-16 21:12:21,63739222882,༺℘静࿚,6,30633,[等级24],[粉丝团 Lv11]
2026-05-16 21:12:24,2559258277454052,超,27,30716,[等级18],[粉丝团 Lv7]
2026-05-16 21:12:27,58535558438,ジ你唯愛办,27,30815,[等级15],[粉丝团 Lv2]
2026-05-16 21:12:31,2559258277454052,超,21,30905,[等级18],[粉丝团 Lv7]
2026-05-16 21:12:33,58535558438,ジ你唯愛办,30,30988,[等级15],[粉丝团 Lv2]
2026-05-16 21:12:36,2559258277454052,超,30,31082,[等级18],[粉丝团 Lv7]
2026-05-16 21:12:40,58535558438,ジ你唯愛办,12,31205,[等级15],[粉丝团 Lv2]
2026-05-16 21:12:42,2559258277454052,超,27,31330,[等级18],[粉丝团 Lv7]
2026-05-16 21:12:46,56076255513,苦菊,24,31497,[等级24],[粉丝团 Lv15]
2026-05-16 21:12:49,1066962344239722,番茄🍅炒西红柿,36,31652,[等级8],[粉丝团 Lv11]
2026-05-16 21:12:51,105158428134,Qᴗ,30,31833,[等级37],[粉丝团 Lv9]
2026-05-16 21:12:54,81780019756,用星渲染夜得伤,27,31982,[等级24],[粉丝团 Lv10]
2026-05-16 21:12:57,105158428134,Qᴗ,27,32127,[等级37],[粉丝团 Lv9]
2026-05-16 21:13:00,1116699846516204,茶香园,3,32291,[等级13],[粉丝团 Lv3]
2026-05-16 21:13:03,105158428134,Qᴗ,24,32438,[等级37],[粉丝团 Lv9]
2026-05-16 21:13:06,2559258277454052,超,9,32577,[等级18],[粉丝团 Lv7]
2026-05-16 21:13:09,59321240603,lx,6,32728,[等级14],
2026-05-16 21:13:12,2559258277454052,超,12,32876,[等级18],[粉丝团 Lv7]
2026-05-16 21:13:15,105158428134,Qᴗ,27,33017,[等级37],[粉丝团 Lv9]
2026-05-16 21:13:18,2801175856683659,用户1950868181810,36,33165,[等级7],[粉丝团 Lv3]
2026-05-16 21:13:21,105158428134,Qᴗ,24,33285,[等级37],[粉丝团 Lv9]
2026-05-16 21:13:25,81780019756,用星渲染夜得伤,18,33346,[等级24],[粉丝团 Lv10]
2026-05-16 21:13:28,237088232449438,醉仙灵芙🌿,18,33438,[等级9],[粉丝团 Lv10]
2026-05-16 21:13:30,2801175856683659,用户1950868181810,33,33578,[等级7],[粉丝团 Lv3]
2026-05-16 21:13:33,105158428134,Qᴗ,27,33704,[等级37],[粉丝团 Lv9]
2026-05-16 21:13:36,2801175856683659,用户1950868181810,24,33832,[等级7],[粉丝团 Lv3]
2026-05-16 21:13:39,105158428134,Qᴗ,12,33908,[等级37],[粉丝团 Lv9]
2026-05-16 21:13:42,94989463972,小泽  338心1→①,33,34019,[等级7],[粉丝团 Lv3]
2026-05-16 21:13:45,105158428134,Qᴗ,24,34124,[等级37],[粉丝团 Lv9]
2026-05-16 21:13:49,94989463972,小泽  338心1→①,33,34211,[等级7],[粉丝团 Lv3]
2026-05-16 21:13:51,382285959400620,毛豆有点甜,9,34254,[等级7],[粉丝团 Lv6]
2026-05-16 21:13:54,94989463972,小泽  338心1→①,3,34288,[等级7],[粉丝团 Lv3]
2026-05-16 21:13:57,382285959400620,毛豆有点甜,36,34349,[等级7],[粉丝团 Lv6]
2026-05-16 21:14:01,81780019756,用星渲染夜得伤,33,34405,[等级24],[粉丝团 Lv10]
2026-05-16 21:14:04,56076255513,苦菊,27,34482,[等级24],[粉丝团 Lv15]
2026-05-16 21:14:08,382285959400620,毛豆有点甜,21,34532,[等级7],[粉丝团 Lv6]
2026-05-16 21:14:09,382285959400620,毛豆有点甜,36,34567,[等级7],[粉丝团 Lv6]
2026-05-16 21:14:12,2801175856683659,用户1950868181810,27,34622,[等级7],[粉丝团 Lv3]
2026-05-16 21:14:15,382285959400620,毛豆有点甜,33,34705,[等级7],[粉丝团 Lv6]
2026-05-16 21:14:18,2801175856683659,用户1950868181810,33,34780,[等级7],[粉丝团 Lv3]
2026-05-16 21:14:22,382285959400620,毛豆有点甜,33,34869,[等级7],[粉丝团 Lv6]
2026-05-16 21:14:24,2801175856683659,用户1950868181810,9,34948,[等级7],[粉丝团 Lv3]
2026-05-16 21:14:27,382285959400620,毛豆有点甜,21,35037,[等级7],[粉丝团 Lv6]
2026-05-16 21:14:30,7615988333545931813,ik-🦋,36,35098,,
2026-05-16 21:14:34,382285959400620,毛豆有点甜,33,35177,[等级7],[粉丝团 Lv6]
2026-05-16 21:14:37,7615988333545931813,ik-🦋,36,35232,,
2026-05-16 21:14:39,118363425610868,★ · 十月冬羊．,33,35319,[等级22],[粉丝团 Lv15]
2026-05-16 21:14:42,118363425610868,★ · 十月冬羊．,30,35415,[等级22],[粉丝团 Lv15]
2026-05-16 21:14:45,200580296878250,ο▬▬▬◙▅▅▆▆▆▆◤千,6,35511,[等级7],[粉丝团 Lv10]
2026-05-16 21:14:48,118363425610868,★ · 十月冬羊．,30,35624,[等级22],[粉丝团 Lv15]
2026-05-16 21:14:51,382285959400620,毛豆有点甜,30,35720,[等级7],[粉丝团 Lv6]
2026-05-16 21:14:54,118363425610868,★ · 十月冬羊．,3,35785,[等级22],[粉丝团 Lv15]
2026-05-16 21:14:58,382285959400620,毛豆有点甜,33,35906,[等级7],[粉丝团 Lv6]
2026-05-16 21:15:00,7615988333545931813,ik-🦋,27,35988,,
2026-05-16 21:15:03,382285959400620,毛豆有点甜,33,36079,[等级7],[粉丝团 Lv6]
2026-05-16 21:15:06,7615988333545931813,ik-🦋,30,36165,,
2026-05-16 21:15:09,382285959400620,毛豆有点甜,21,36233,[等级7],[粉丝团 Lv6]
2026-05-16 21:15:12,7615988333545931813,ik-🦋,30,36290,,
2026-05-16 21:15:15,382285959400620,毛豆有点甜,24,36359,[等级7],[粉丝团 Lv6]
2026-05-16 21:15:19,7615988333545931813,ik-🦋,30,36410,,
2026-05-16 21:15:21,81780019756,用星渲染夜得伤,30,36474,[等级24],[粉丝团 Lv10]
2026-05-16 21:15:25,7615988333545931813,ik-🦋,12,36535,,
2026-05-16 21:15:27,81780019756,用星渲染夜得伤,33,36598,[等级24],[粉丝团 Lv10]
2026-05-16 21:15:30,7615988333545931813,ik-🦋,3,36665,,
2026-05-16 21:15:34,4463646568616984,舞台幕后的光,3,36726,[等级9],
2026-05-16 21:15:36,7615988333545931813,ik-🦋,24,36801,,
2026-05-16 21:15:39,81780019756,用星渲染夜得伤,33,36847,[等级24],[粉丝团 Lv10]
2026-05-16 21:15:42,7615988333545931813,ik-🦋,30,36918,,
2026-05-16 21:15:45,81780019756,用星渲染夜得伤,33,36972,[等级24],[粉丝团 Lv10]
2026-05-16 21:15:49,105392418367,TB12,27,37054,[等级24],[粉丝团 Lv15]
2026-05-16 21:15:51,81780019756,用星渲染夜得伤,30,37125,[等级24],[粉丝团 Lv10]
2026-05-16 21:15:55,7615988333545931813,ik-🦋,30,37206,,
2026-05-16 21:15:57,81780019756,用星渲染夜得伤,33,37293,[等级24],[粉丝团 Lv10]
2026-05-16 21:16:00,7615988333545931813,ik-🦋,36,37396,,
2026-05-16 21:16:03,81780019756,用星渲染夜得伤,33,37524,[等级24],[粉丝团 Lv10]
2026-05-16 21:16:06,3789370342519571,启明星⭐,33,37659,[等级19],[粉丝团 Lv7]
2026-05-16 21:16:10,81780019756,用星渲染夜得伤,24,37759,[等级24],[粉丝团 Lv10]
2026-05-16 21:16:12,7615988333545931813,ik-🦋,33,37860,,
2026-05-16 21:16:16,81780019756,用星渲染夜得伤,33,37961,[等级24],[粉丝团 Lv10]
2026-05-16 21:16:18,2145888220228567,用户18054358,21,38087,[等级16],[粉丝团 Lv12]
2026-05-16 21:16:22,81780019756,用星渲染夜得伤,33,38191,[等级24],[粉丝团 Lv10]
2026-05-16 21:16:24,92396571848,白也诗无敌,15,38364,[等级9],
2026-05-16 21:16:28,75485062293,明头⁸⁰⁰⁸,27,38618,[等级20],[粉丝团 Lv10]
2026-05-16 21:16:30,100515465222,✨甜憨憨吖🌈,15,38949,[等级8],[粉丝团 Lv3]
2026-05-16 21:16:35,88562527026,╰桔子☆╮ 🌸,24,39423,[等级21],[粉丝团 Lv2]
2026-05-16 21:16:36,103510963838,《重生之》我在成都养🐰钓🐟,33,39800,[等级7],[粉丝团 Lv10]
2026-05-16 21:16:39,75485062293,明头⁸⁰⁰⁸,27,40127,[等级20],[粉丝团 Lv10]
2026-05-16 21:16:43,103510963838,《重生之》我在成都养🐰钓🐟,33,40520,[等级7],[粉丝团 Lv10]
2026-05-16 21:16:45,83306683688,*。半夏微凉 *。,30,40843,[等级10],[粉丝团 Lv11]
2026-05-16 21:16:48,114781675069815,断ღ念💫,27,41171,[等级37],[粉丝团 Lv11]
2026-05-16 21:16:51,75485062293,明头⁸⁰⁰⁸,27,41497,[等级20],[粉丝团 Lv10]
2026-05-16 21:16:54,92796233743,🇨🇳清醒🇨🇳,36,41789,[等级28],[粉丝团 Lv6]
2026-05-16 21:16:58,96528907190,ღ᭄蜜雪@冰程꧔ꦿ᭄,33,42095,[等级37],[粉丝团 Lv14]
2026-05-16 21:17:00,77416951506,ら孤痞,12,42368,[等级36],[粉丝团 Lv17]
2026-05-16 21:17:03,96528907190,ღ᭄蜜雪@冰程꧔ꦿ᭄,36,42619,[等级37],[粉丝团 Lv14]
2026-05-16 21:17:06,2872353853023439,疲城,24,42795,[等级33],[粉丝团 Lv10]
2026-05-16 21:17:09,281910859799629,@少爷,33,43011,[等级10],[粉丝团 Lv9]
2026-05-16 21:17:13,98087388130,天杀,6,43245,[等级11],
2026-05-16 21:17:15,281910859799629,@少爷,27,43469,[等级10],[粉丝团 Lv9]
2026-05-16 21:17:19,71533879276,懒得起名字,30,43660,[等级15],[粉丝团 Lv8]
2026-05-16 21:17:22,281910859799629,@少爷,18,43877,[等级10],[粉丝团 Lv9]
2026-05-16 21:17:24,2872353853023439,疲城,3,44077,[等级33],[粉丝团 Lv10]
2026-05-16 21:17:27,118363425610868,★ · 十月冬羊．,30,44300,[等级22],[粉丝团 Lv15]
2026-05-16 21:17:31,68193276744,小飞棍来了咯,15,44540,[等级4],[粉丝团 Lv3]
2026-05-16 21:17:33,2763506534587609,梧桐树,27,44707,,
2026-05-16 21:17:37,176392914349309,过客而已,3,44854,[等级2],[粉丝团 Lv4]
2026-05-16 21:17:39,118363425610868,★ · 十月冬羊．,33,45023,[等级22],[粉丝团 Lv15]
2026-05-16 21:17:43,176392914349309,过客而已,33,45186,[等级2],[粉丝团 Lv4]
2026-05-16 21:17:45,2763506534587609,梧桐树,27,45322,,
2026-05-16 21:17:49,2145888220228567,用户18054358,3,45498,[等级16],[粉丝团 Lv12]
2026-05-16 21:17:51,35596753186190,且颜,33,45676,[等级6],
2026-05-16 21:17:55,2145888220228567,用户18054358,6,45812,[等级16],[粉丝团 Lv12]
2026-05-16 21:17:57,118363425610868,★ · 十月冬羊．,27,45969,[等级22],[粉丝团 Lv15]
2026-05-16 21:18:01,3688215106033316,秋拾捌.,3,46115,,
2026-05-16 21:18:03,3663228569664605,天空无云,6,46280,[等级15],[粉丝团 Lv11]
2026-05-16 21:18:06,107947239015,@徐,36,46508,[等级16],[粉丝团 Lv8]
2026-05-16 21:18:10,3663228569664605,天空无云,36,46683,[等级15],[粉丝团 Lv11]
2026-05-16 21:18:12,97529699482,牛小刀的涛,3,46912,[等级16],
2026-05-16 21:18:15,3663228569664605,天空无云,24,47119,[等级15],[粉丝团 Lv11]
2026-05-16 21:18:18,2145888220228567,用户18054358,24,47366,[等级16],[粉丝团 Lv12]
2026-05-16 21:18:21,1741235692269133,A...,33,47511,[等级21],
2026-05-16 21:18:25,118363425610868,★ · 十月冬羊．,33,47670,[等级22],[粉丝团 Lv15]
2026-05-16 21:18:27,1741235692269133,A...,33,47821,[等级21],
2026-05-16 21:18:30,786898396396045,陈加志～全屋定制家居～免费设计～家具板材,45,47978,[等级23],[粉丝团 Lv6]
2026-05-16 21:18:33,1121935923879166,巫玫狗,24,48121,[等级26],[粉丝团 Lv11]
2026-05-16 21:18:36,81780019756,用星渲染夜得伤,33,48272,[等级24],[粉丝团 Lv10]
2026-05-16 21:18:39,96627957520,致远集装箱,33,48444,[等级17],[粉丝团 Lv12]
2026-05-16 21:18:42,81780019756,用星渲染夜得伤,21,48659,[等级24],[粉丝团 Lv10]
2026-05-16 21:18:45,96627957520,致远集装箱,36,48869,[等级17],[粉丝团 Lv12]
2026-05-16 21:18:49,61190325822,柒拾壹>,3,49074,[等级7],
2026-05-16 21:18:51,95807442606,心态●︿●,9,49243,[等级11],[粉丝团 Lv2]
2026-05-16 21:18:54,81780019756,用星渲染夜得伤,21,49450,[等级24],[粉丝团 Lv10]
2026-05-16 21:18:57,95807442606,心态●︿●,12,49606,[等级11],[粉丝团 Lv2]
2026-05-16 21:19:00,81780019756,用星渲染夜得伤,15,49740,[等级24],[粉丝团 Lv10]
2026-05-16 21:19:03,95807442606,心态●︿●,21,49856,[等级11],[粉丝团 Lv2]
2026-05-16 21:19:07,69268051905,ᑋᵉᑊᑊᵒ妞,30,49964,[等级12],[粉丝团 Lv6]
2026-05-16 21:19:09,95807442606,心态●︿●,15,50048,[等级11],[粉丝团 Lv2]
2026-05-16 21:19:12,72473150765,H.LZ,6,50130,,
2026-05-16 21:19:15,96627957520,致远集装箱,24,50209,[等级17],[粉丝团 Lv12]
2026-05-16 21:19:18,82570271987,张张～,6,50280,[等级22],[粉丝团 Lv13]
2026-05-16 21:19:22,96627957520,致远集装箱,15,50348,[等级17],[粉丝团 Lv12]
2026-05-16 21:19:24,81780019756,用星渲染夜得伤,15,50422,[等级24],[粉丝团 Lv10]
2026-05-16 21:19:27,96627957520,致远集装箱,36,50500,[等级17],[粉丝团 Lv12]
2026-05-16 21:19:30,81780019756,用星渲染夜得伤,15,50589,[等级24],[粉丝团 Lv10]
2026-05-16 21:19:33,1741235692269133,A...,30,50658,[等级21],
2026-05-16 21:19:36,96854210931,木木²⁰²⁶,33,50745,[等级19],[粉丝团 Lv14]
2026-05-16 21:19:40,1741235692269133,A...,30,50833,[等级21],
2026-05-16 21:19:42,2763506534587609,梧桐树,12,50910,,
2026-05-16 21:19:46,1741235692269133,A...,30,51004,[等级21],
2026-05-16 21:19:48,53479473400,呆呆的日常生活,3,51084,[等级12],[粉丝团 Lv1]
2026-05-16 21:19:52,1741235692269133,A...,15,51198,[等级21],
2026-05-16 21:19:54,2763506534587609,梧桐树,33,51289,,
2026-05-16 21:19:57,95807442606,心态●︿●,18,51407,[等级11],[粉丝团 Lv2]
2026-05-16 21:20:00,2763506534587609,梧桐树,30,51528,,
2026-05-16 21:20:03,95807442606,心态●︿●,12,51666,[等级11],[粉丝团 Lv2]
2026-05-16 21:20:07,2763506534587609,梧桐树,30,51767,,
2026-05-16 21:20:10,59321240603,lx,27,51837,[等级14],
2026-05-16 21:20:13,176392914349309,过客而已,30,51889,[等级2],[粉丝团 Lv4]
2026-05-16 21:20:15,1099972564753256,DDDDDDee.,12,51967,[等级35],[粉丝团:张君雅 Lv15]
2026-05-16 21:20:19,2763506534587609,梧桐树,30,52068,,
2026-05-16 21:20:21,95807442606,心态●︿●,24,52179,[等级11],[粉丝团 Lv2]
2026-05-16 21:20:25,176392914349309,过客而已,36,52273,[等级2],[粉丝团 Lv4]
2026-05-16 21:20:27,95807442606,心态●︿●,21,52359,[等级11],[粉丝团 Lv2]
2026-05-16 21:20:30,2763506534587609,梧桐树,27,52448,,
2026-05-16 21:20:34,1099972564753256,DDDDDDee.,30,52553,[等级35],[粉丝团:张君雅 Lv15]
2026-05-16 21:20:37,2763506534587609,梧桐树,30,52657,,
2026-05-16 21:20:40,95807442606,心态●︿●,6,52769,[等级11],[粉丝团 Lv2]
2026-05-16 21:20:43,1741235692269133,A...,33,52866,[等级21],
2026-05-16 21:20:46,95807442606,心态●︿●,18,52993,[等级11],[粉丝团 Lv2]
2026-05-16 21:20:49,92992288513,昕愿,36,53100,[等级10],[粉丝团 Lv2]
2026-05-16 21:20:52,93308165552,半盏流年,30,53243,[等级21],[粉丝团 Lv13]
2026-05-16 21:20:54,92992288513,昕愿,18,53289,[等级10],[粉丝团 Lv2]
2026-05-16 21:20:57,3258592301431272,添加标签,30,53363,[等级2],[粉丝团 Lv3]
2026-05-16 21:21:00,92992288513,昕愿,36,53476,[等级10],[粉丝团 Lv2]
2026-05-16 21:21:03,3258592301431272,添加标签,30,53550,[等级2],[粉丝团 Lv3]
2026-05-16 21:21:06,92992288513,昕愿,36,53661,[等级10],[粉丝团 Lv2]
2026-05-16 21:21:09,3258592301431272,添加标签,27,53731,[等级2],[粉丝团 Lv3]
2026-05-16 21:21:13,92992288513,昕愿,30,53840,[等级10],[粉丝团 Lv2]
2026-05-16 21:21:15,3258592301431272,添加标签,24,53897,[等级2],[粉丝团 Lv3]
2026-05-16 21:21:18,1741235692269133,A...,36,53962,[等级21],
2026-05-16 21:21:22,3258592301431272,添加标签,30,54042,[等级2],[粉丝团 Lv3]
2026-05-16 21:21:24,92992288513,昕愿,24,54119,[等级10],[粉丝团 Lv2]
2026-05-16 21:21:28,3258592301431272,添加标签,21,54173,[等级2],[粉丝团 Lv3]
2026-05-16 21:21:30,92992288513,昕愿,30,54243,[等级10],[粉丝团 Lv2]
2026-05-16 21:21:33,3258592301431272,添加标签,24,54294,[等级2],[粉丝团 Lv3]
2026-05-16 21:21:36,1741235692269133,A...,30,54391,[等级21],
2026-05-16 21:21:39,3258592301431272,添加标签,30,54458,[等级2],[粉丝团 Lv3]
2026-05-16 21:21:42,102487510147,轩轩,30,54544,[等级33],[粉丝团 Lv12]
2026-05-16 21:21:45,3258592301431272,添加标签,24,54600,[等级2],[粉丝团 Lv3]
2026-05-16 21:21:49,92992288513,昕愿,36,54653,[等级10],[粉丝团 Lv2]
2026-05-16 21:21:51,3258592301431272,添加标签,27,54724,[等级2],[粉丝团 Lv3]
2026-05-16 21:21:55,1741235692269133,A...,33,54848,[等级21],
2026-05-16 21:21:57,175509616990606,辰生爱生活,3,54972,[等级6],[粉丝团 Lv1]
2026-05-16 21:22:01,102487510147,轩轩,27,55136,[等级33],[粉丝团 Lv12]
2026-05-16 21:22:03,3258592301431272,添加标签,30,55253,[等级2],[粉丝团 Lv3]
2026-05-16 21:22:07,1024398165547671,鬼…鬼,3,55389,[等级14],
2026-05-16 21:22:09,3258592301431272,添加标签,6,55486,[等级2],[粉丝团 Lv3]
2026-05-16 21:22:12,102487510147,轩轩,30,55598,[等级33],[粉丝团 Lv12]
2026-05-16 21:22:16,52567375622,不倾城的女芓,42,55734,[等级1],
2026-05-16 21:22:18,102487510147,轩轩,15,55838,[等级33],[粉丝团 Lv12]
2026-05-16 21:22:22,1997193377222846,凡修,30,55932,[等级24],[粉丝团 Lv14]
2026-05-16 21:22:24,81755554549,༺孞㐑༻,42,56065,[等级33],[粉丝团 Lv9]
2026-05-16 21:22:27,81780019756,用星渲染夜得伤,15,56174,[等级24],[粉丝团 Lv10]
2026-05-16 21:22:30,102487510147,轩轩,12,56273,[等级33],[粉丝团 Lv12]
2026-05-16 21:22:34,1997193377222846,凡修,21,56352,[等级24],[粉丝团 Lv14]
2026-05-16 21:22:36,52567375622,不倾城的女芓,36,56448,[等级1],
2026-05-16 21:22:40,82568099538,海,30,56556,[等级14],[粉丝团 Lv5]
2026-05-16 21:22:42,94215047944,听闻√,27,56631,[等级11],
2026-05-16 21:22:46,81780019756,用星渲染夜得伤,21,56709,[等级24],[粉丝团 Lv10]
2026-05-16 21:22:48,94215047944,听闻√,21,56804,[等级11],
2026-05-16 21:22:51,81780019756,用星渲染夜得伤,36,56923,[等级24],[粉丝团 Lv10]
2026-05-16 21:22:54,88562527026,╰桔子☆╮ 🌸,15,57024,[等级21],[粉丝团 Lv2]
2026-05-16 21:22:57,2977910733944259,苍海一声笑,3,57132,[等级14],[粉丝团 Lv6]
2026-05-16 21:23:00,71222201715,苹果嘉儿,30,57302,[等级7],[粉丝团 Lv8]
2026-05-16 21:23:03,2977910733944259,苍海一声笑,21,57382,[等级14],[粉丝团 Lv6]
2026-05-16 21:23:07,1741235692269133,A...,27,57492,[等级21],
2026-05-16 21:23:10,2977910733944259,苍海一声笑,15,57583,[等级14],[粉丝团 Lv6]
2026-05-16 21:23:12,3663228569664605,天空无云,18,57680,[等级15],[粉丝团 Lv11]
2026-05-16 21:23:15,2977910733944259,苍海一声笑,30,57844,[等级14],[粉丝团 Lv6]
2026-05-16 21:23:19,71222201715,苹果嘉儿,30,58034,[等级7],[粉丝团 Lv8]
2026-05-16 21:23:21,2977910733944259,苍海一声笑,30,58196,[等级14],[粉丝团 Lv6]
2026-05-16 21:23:24,71222201715,苹果嘉儿,3,58413,[等级7],[粉丝团 Lv8]
2026-05-16 21:23:27,2977910733944259,苍海一声笑,30,58589,[等级14],[粉丝团 Lv6]
2026-05-16 21:23:30,61667730378,喂，凉了,30,58787,[等级31],[粉丝团 Lv11]
2026-05-16 21:23:33,2977910733944259,苍海一声笑,30,58969,[等级14],[粉丝团 Lv6]
2026-05-16 21:23:36,94215047944,听闻√,21,59166,[等级11],
2026-05-16 21:23:40,83724067872,草莓啵啵^,24,59331,[等级12],[粉丝团 Lv11]
2026-05-16 21:23:43,71222201715,苹果嘉儿,36,59423,[等级7],[粉丝团 Lv8]
2026-05-16 21:23:45,2977910733944259,苍海一声笑,30,59519,[等级14],[粉丝团 Lv6]
2026-05-16 21:23:48,71222201715,苹果嘉儿,33,59673,[等级7],[粉丝团 Lv8]
2026-05-16 21:23:51,2977910733944259,苍海一声笑,36,59834,[等级14],[粉丝团 Lv6]
2026-05-16 21:23:54,71222201715,苹果嘉儿,36,60046,[等级7],[粉丝团 Lv8]
2026-05-16 21:23:57,2977910733944259,苍海一声笑,27,60257,[等级14],[粉丝团 Lv6]
2026-05-16 21:24:00,98039254047,(❁´過客`❁),18,60516,[等级26],[粉丝团 Lv10]
2026-05-16 21:24:03,2977910733944259,苍海一声笑,30,60758,[等级14],[粉丝团 Lv6]
2026-05-16 21:24:06,98039254047,(❁´過客`❁),30,60997,[等级26],[粉丝团 Lv10]
2026-05-16 21:24:09,94215047944,听闻√,21,61150,[等级11],
2026-05-16 21:24:12,98039254047,(❁´過客`❁),27,61381,[等级26],[粉丝团 Lv10]
2026-05-16 21:24:15,2977910733944259,苍海一声笑,27,61545,[等级14],[粉丝团 Lv6]
2026-05-16 21:24:18,71222201715,苹果嘉儿,33,61759,[等级7],[粉丝团 Lv8]
2026-05-16 21:24:21,94215047944,听闻√,21,61971,[等级11],
2026-05-16 21:24:24,98039254047,(❁´過客`❁),30,62198,[等级26],[粉丝团 Lv10]
2026-05-16 21:24:28,4292099208923992,poly,36,62450,[等级12],[粉丝团 Lv6]
2026-05-16 21:24:31,96708643021,一秒钟热度的真诚,30,62674,[等级3],
2026-05-16 21:24:33,94215047944,听闻√,24,62838,[等级11],
2026-05-16 21:24:36,98039254047,(❁´過客`❁),6,62968,[等级26],[粉丝团 Lv10]
2026-05-16 21:24:40,2977910733944259,苍海一声笑,33,63111,[等级14],[粉丝团 Lv6]
2026-05-16 21:24:42,83724067872,草莓啵啵^,15,63389,[等级12],[粉丝团 Lv11]
2026-05-16 21:24:45,61747728503,大静静,33,63820,[等级7],[粉丝团 Lv9]
2026-05-16 21:24:48,83724067872,草莓啵啵^,18,64402,[等级12],[粉丝团 Lv11]
2026-05-16 21:24:51,61747728503,大静静,33,64841,[等级7],[粉丝团 Lv9]
2026-05-16 21:24:54,7429100845605225496,卫丆,18,65426,[等级4],[粉丝团 Lv8]
2026-05-16 21:24:57,80183204589,陌念念,3,65941,[等级18],[粉丝团 Lv10]
2026-05-16 21:25:01,3547502676544780,不讲李,21,66551,[等级5],[粉丝团 Lv1]
2026-05-16 21:25:03,61747728503,大静静,33,67063,[等级7],[粉丝团 Lv9]
2026-05-16 21:25:06,1714837292058188,asdfghjklwxq,33,67664,[等级11],[粉丝团 Lv8]
2026-05-16 21:25:09,81177285710,九安,33,68291,[等级6],[粉丝团 Lv7]
2026-05-16 21:25:12,1714837292058188,asdfghjklwxq,36,68995,[等级11],[粉丝团 Lv8]
2026-05-16 21:25:15,2977910733944259,苍海一声笑,30,69688,[等级14],[粉丝团 Lv6]
2026-05-16 21:25:18,1241772908361770,一只蓝,18,70302,,
2026-05-16 21:25:21,2977910733944259,苍海一声笑,33,71026,[等级14],[粉丝团 Lv6]
2026-05-16 21:25:24,1714837292058188,asdfghjklwxq,9,71588,[等级11],[粉丝团 Lv8]
2026-05-16 21:25:27,2924329532916868,刺青,30,72447,[等级11],[粉丝团 Lv8]
2026-05-16 21:25:31,96708643021,一秒钟热度的真诚,33,73078,[等级3],
2026-05-16 21:25:33,79782168061,是非2711,21,73747,,
2026-05-16 21:25:37,2334957579812151,张根568,21,74401,[等级10],[粉丝团 Lv10]
2026-05-16 21:25:39,3488068786195644,一生有你,36,75184,[等级14],[粉丝团 Lv7]
2026-05-16 21:25:42,96708643021,一秒钟热度的真诚,21,76058,[等级3],
2026-05-16 21:25:45,2318208744829869,弌弎弌亖,30,77018,[等级42],[粉丝团:张君雅 Lv19]
2026-05-16 21:25:48,3238488436382032,用户1324082652476,30,77912,[等级11],[粉丝团 Lv11]
2026-05-16 21:25:51,2318208744829869,弌弎弌亖,27,78806,[等级42],[粉丝团:张君雅 Lv19]
2026-05-16 21:25:54,96708643021,一秒钟热度的真诚,30,79578,[等级3],
2026-05-16 21:25:57,2977910733944259,苍海一声笑,9,80383,[等级14],[粉丝团 Lv6]
2026-05-16 21:26:01,510652295427912,Yc,36,81140,[等级24],[粉丝团 Lv3]
2026-05-16 21:26:03,3579615618796168,婷吖,18,82028,[等级15],[粉丝团 Lv13]
2026-05-16 21:26:06,96708643021,一秒钟热度的真诚,30,83004,[等级3],
2026-05-16 21:26:09,70870405284,͏͏ .,30,84098,[等级10],[粉丝团 Lv8]
2026-05-16 21:26:12,96708643021,一秒钟热度的真诚,33,85161,[等级3],
2026-05-16 21:26:15,70870405284,͏͏ .,27,86039,[等级10],[粉丝团 Lv8]
2026-05-16 21:26:18,109139480152,肤浅,6,87020,[等级15],
2026-05-16 21:26:21,416061041683978,如初,6,88127,[等级1],[粉丝团 Lv2]
2026-05-16 21:26:24,95148093242,白含笑,27,89368,[等级18],[粉丝团 Lv14]
2026-05-16 21:26:27,88562527026,╰桔子☆╮ 🌸,33,90407,[等级21],[粉丝团 Lv2]
2026-05-16 21:26:30,1714837292058188,asdfghjklwxq,33,91431,[等级11],[粉丝团 Lv8]
2026-05-16 21:26:33,88562527026,╰桔子☆╮ 🌸,33,92345,[等级21],[粉丝团 Lv2]
2026-05-16 21:26:36,74616379620,𝟭,33,93190,[等级26],
2026-05-16 21:26:39,88562527026,╰桔子☆╮ 🌸,33,93998,[等级21],[粉丝团 Lv2]
2026-05-16 21:26:42,75174650959,好怀念小时候的快乐,33,94801,[等级24],[粉丝团 Lv9]
2026-05-16 21:26:45,110804669846,℡空白,30,95679,[等级15],[粉丝团 Lv10]
2026-05-16 21:26:48,1855628943563343,以我控场,6,96671,,
2026-05-16 21:26:51,2977910733944259,苍海一声笑,30,97578,[等级14],[粉丝团 Lv6]
2026-05-16 21:26:54,96765459865,伪装╮臫巳,24,98465,[等级13],[粉丝团 Lv10]
2026-05-16 21:26:57,110804669846,℡空白,27,99293,[等级15],[粉丝团 Lv10]
2026-05-16 21:27:00,3328963188886926,🌈双人徐😍,30,99955,[等级8],[粉丝团 Lv3]
2026-05-16 21:27:03,4097245591642122,ദ്ദി,27,100525,[等级4],[粉丝团 Lv6]
2026-05-16 21:27:06,1714837292058188,asdfghjklwxq,33,101315,[等级11],[粉丝团 Lv8]
2026-05-16 21:27:09,2500744598796624,🪳🪳🪳,30,101958,[等级6],[粉丝团 Lv4]
2026-05-16 21:27:12,1714837292058188,asdfghjklwxq,30,102571,[等级11],[粉丝团 Lv8]
2026-05-16 21:27:15,2500744598796624,🪳🪳🪳,30,103168,[等级6],[粉丝团 Lv4]
2026-05-16 21:27:18,75582598822,昵称已重置,27,103661,[等级2],
2026-05-16 21:27:21,63941657918,三两☁️,27,104179,[等级21],[粉丝团 Lv14]
2026-05-16 21:27:24,96708643021,一秒钟热度的真诚,30,104566,[等级3],
2026-05-16 21:27:27,4259925351218591,寒江雪,3,104924,[等级16],[粉丝团 Lv12]
2026-05-16 21:27:30,231375413972592,欢乐的跳痘,42,105313,[等级7],[粉丝团 Lv3]
2026-05-16 21:27:33,2137104649040333,（¥）,27,105707,,
2026-05-16 21:27:36,1714837292058188,asdfghjklwxq,30,106082,[等级11],[粉丝团 Lv8]
2026-05-16 21:27:39,110804669846,℡空白,24,106515,[等级15],[粉丝团 Lv10]
2026-05-16 21:27:42,100877554103,Ra,30,106856,[等级19],[粉丝团 Lv11]
2026-05-16 21:27:45,4259925351218591,寒江雪,30,107214,[等级16],[粉丝团 Lv12]
2026-05-16 21:27:48,1714837292058188,asdfghjklwxq,30,107531,[等级11],[粉丝团 Lv8]
2026-05-16 21:27:51,4259925351218591,寒江雪,30,107799,[等级16],[粉丝团 Lv12]
2026-05-16 21:27:54,99342781208,青  松＂,15,108055,[等级11],
2026-05-16 21:27:57,3806925659833451,流,3,108249,[等级10],
2026-05-16 21:28:00,1714837292058188,asdfghjklwxq,30,108482,[等级11],[粉丝团 Lv8]
2026-05-16 21:28:04,77416951506,ら孤痞,33,108731,[等级36],[粉丝团 Lv17]
2026-05-16 21:28:07,99342781208,青  松＂,3,108935,[等级11],
2026-05-16 21:28:10,111532630993,挖掘你的心,24,109164,[等级7],[粉丝团 Lv1]
2026-05-16 21:28:12,1714837292058188,asdfghjklwxq,33,109340,[等级11],[粉丝团 Lv8]
2026-05-16 21:28:15,103721083714,🥔🌱,33,109516,[等级20],[粉丝团 Lv11]
2026-05-16 21:28:18,99107836473,排骨不肉,24,109729,[等级4],[粉丝团 Lv1]
2026-05-16 21:28:21,67686863587,🇨🇳房   🍬3️⃣   岁,39,109847,[等级12],[粉丝团 Lv4]
2026-05-16 21:28:24,99107836473,排骨不肉,24,110009,[等级4],[粉丝团 Lv1]
2026-05-16 21:28:28,61233465875,Undefined,6,110130,,
2026-05-16 21:28:30,61233465875,Undefined,30,110250,,
2026-05-16 21:28:34,61233465875,Undefined,6,110344,,
2026-05-16 21:28:37,61233465875,Undefined,27,110463,,
2026-05-16 21:28:39,61233465875,Undefined,24,110531,,
2026-05-16 21:28:42,61233465875,Undefined,12,110644,,
2026-05-16 21:28:46,1986180063172042,南北,27,110747,[等级7],
2026-05-16 21:28:48,1714837292058188,asdfghjklwxq,36,110811,[等级11],[粉丝团 Lv8]
2026-05-16 21:28:52,3993027439767070,-乔.,15,110855,[等级8],
2026-05-16 21:28:54,110562923141,Ning光满溢,12,110889,[等级1],
2026-05-16 21:28:57,102856886269,☞冣乂☜,3,110933,[等级15],[粉丝团 Lv11]
2026-05-16 21:29:01,103721083714,🥔🌱,30,110964,[等级20],[粉丝团 Lv11]
2026-05-16 21:29:05,103721083714,🥔🌱,30,110987,[等级20],[粉丝团 Lv11]
2026-05-16 21:29:08,103721083714,🥔🌱,30,110998,[等级20],[粉丝团 Lv11]
2026-05-16 21:29:09,103721083714,🥔🌱,30,111092,[等级20],[粉丝团 Lv11]
2026-05-16 21:29:13,103721083714,🥔🌱,30,111134,[等级20],[粉丝团 Lv11]
2026-05-16 21:29:16,923186290232836,比永远多一天,6,111147,[等级3],
2026-05-16 21:29:19,97998061423,私有青年...,3,111176,[等级14],
2026-05-16 21:29:23,96314743615,呵呵,3,111200,[等级16],[粉丝团 Lv3]
2026-05-16 21:29:25,103721083714,🥔🌱,10,111223,[等级20],[粉丝团 Lv11]
2026-05-16 21:29:26,67579137424,欣欣子,6,111225,[等级10],
2026-05-16 21:29:26,92992288513,昕愿,1,111226,[等级10],[粉丝团 Lv2]
2026-05-16 21:29:27,103721083714,🥔🌱,10,111236,[等级20],[粉丝团 Lv11]
2026-05-16 21:29:28,78506641625,🌈财源滚滚🌈,3,111238,[等级18],[粉丝团 Lv1]
2026-05-16 21:29:29,103721083714,🥔🌱,11,111259,[等级20],[粉丝团 Lv11]
2026-05-16 21:29:30,78506641625,🌈财源滚滚🌈,10,111269,[等级18],[粉丝团 Lv1]
2026-05-16 21:29:31,110666097981,꧁༺阝东༻༺豆豆༻꧂,11,111290,[等级6],[粉丝团 Lv9]
2026-05-16 21:29:31,103721083714,🥔🌱,10,111290,[等级20],[粉丝团 Lv11]
2026-05-16 21:29:32,78506641625,🌈财源滚滚🌈,9,111303,[等级18],[粉丝团 Lv1]
2026-05-16 21:29:32,92992288513,昕愿,4,111303,[等级10],[粉丝团 Lv2]
2026-05-16 21:29:33,103721083714,🥔🌱,30,111313,[等级20],[粉丝团 Lv11]
2026-05-16 21:29:34,78506641625,🌈财源滚滚🌈,8,111321,[等级18],[粉丝团 Lv1]
2026-05-16 21:29:34,92992288513,昕愿,8,111329,[等级10],[粉丝团 Lv2]
2026-05-16 21:29:35,3597232347292599,用户822218735633,6,111341,,
2026-05-16 21:29:36,2924355507993779,人一定要靠自己。,4,111348,[等级18],
2026-05-16 21:29:36,92992288513,昕愿,3,111348,[等级10],[粉丝团 Lv2]
2026-05-16 21:29:37,103721083714,🥔🌱,33,111359,[等级20],[粉丝团 Lv11]
2026-05-16 21:29:41,103721083714,🥔🌱,10,111389,[等级20],[粉丝团 Lv11]
2026-05-16 21:29:43,103721083714,🥔🌱,10,111399,[等级20],[粉丝团 Lv11]
2026-05-16 21:29:44,3918275753288499,海霹雳(张船长),3,111400,[等级11],
2026-05-16 21:29:45,103721083714,🥔🌱,10,111410,[等级20],[粉丝团 Lv11]
2026-05-16 21:29:47,103721083714,🥔🌱,10,111420,[等级20],[粉丝团 Lv11]
2026-05-16 21:29:49,103721083714,🥔🌱,10,111430,[等级20],[粉丝团 Lv11]
2026-05-16 21:29:51,103721083714,🥔🌱,10,111440,[等级20],[粉丝团 Lv11]
2026-05-16 21:29:53,103721083714,🥔🌱,11,111451,[等级20],[粉丝团 Lv11]
2026-05-16 21:29:55,103721083714,🥔🌱,10,111462,[等级20],[粉丝团 Lv11]
2026-05-16 21:29:56,1134289603278701,嘿嘿嘿嘿。,1,111468,[等级46],
2026-05-16 21:29:56,2559258277454052,超,18,111468,[等级18],[粉丝团 Lv8]
2026-05-16 21:29:57,103721083714,🥔🌱,10,111489,[等级20],[粉丝团 Lv11]
2026-05-16 21:29:57,2559258277454052,超,11,111489,[等级18],[粉丝团 Lv8]
2026-05-16 21:29:59,103721083714,🥔🌱,10,111509,[等级20],[粉丝团 Lv11]
2026-05-16 21:29:59,2559258277454052,超,10,111509,[等级18],[粉丝团 Lv8]
2026-05-16 21:30:00,104771370867,小猪 一起跑～～1314179,1,111510,[等级1],
2026-05-16 21:30:01,103721083714,🥔🌱,10,111530,[等级20],[粉丝团 Lv11]
2026-05-16 21:30:01,2559258277454052,超,10,111530,[等级18],[粉丝团 Lv8]
2026-05-16 21:30:03,103721083714,🥔🌱,10,111551,[等级20],[粉丝团 Lv11]
2026-05-16 21:30:04,2559258277454052,超,11,111551,[等级18],[粉丝团 Lv8]
2026-05-16 21:30:05,103721083714,🥔🌱,11,111571,[等级20],[粉丝团 Lv11]
2026-05-16 21:30:05,2559258277454052,超,9,111571,[等级18],[粉丝团 Lv8]
2026-05-16 21:30:07,103721083714,🥔🌱,8,111589,[等级20],[粉丝团 Lv11]
2026-05-16 21:30:07,2559258277454052,超,10,111589,[等级18],[粉丝团 Lv8]
2026-05-16 21:30:09,2559258277454052,超,10,111599,[等级18],[粉丝团 Lv8]
2026-05-16 21:30:11,2559258277454052,超,10,111609,[等级18],[粉丝团 Lv8]
2026-05-16 21:30:13,2559258277454052,超,11,111620,[等级18],[粉丝团 Lv8]
2026-05-16 21:30:14,1109845937758659,嘿嘿嘿,1,111621,[等级3],
2026-05-16 21:30:15,2559258277454052,超,15,111636,[等级18],[粉丝团 Lv8]
2026-05-16 21:30:17,2559258277454052,超,14,111650,[等级18],[粉丝团 Lv8]
2026-05-16 21:30:19,111210974689,醉月189,2,111652,,
2026-05-16 21:30:19,2559258277454052,超,13,111665,[等级18],[粉丝团 Lv8]
2026-05-16 21:30:21,2559258277454052,超,13,111678,[等级18],[粉丝团 Lv8]
2026-05-16 21:30:23,2559258277454052,超,13,111691,[等级18],[粉丝团 Lv8]
2026-05-16 21:30:25,2559258277454052,超,12,111703,[等级18],[粉丝团 Lv8]
2026-05-16 21:30:28,2559258277454052,超,13,111716,[等级18],[粉丝团 Lv8]
2026-05-16 21:30:28,58541241330,讨厌吃青菜~,4,111720,[等级19],[粉丝团 Lv9]
2026-05-16 21:30:29,2559258277454052,超,12,111732,[等级18],[粉丝团 Lv8]
2026-05-16 21:30:31,70534367139,Fang_pisces,1,111733,[等级5],
2026-05-16 21:30:31,2559258277454052,超,12,111745,[等级18],[粉丝团 Lv8]
2026-05-16 21:30:33,607384838873437,👑别掉～,3,111748,[等级9],
2026-05-16 21:30:33,2559258277454052,超,13,111761,[等级18],[粉丝团 Lv8]
2026-05-16 21:30:35,77845164790,叁月拾伍,1,111762,[等级8],[粉丝团 Lv4]
2026-05-16 21:30:35,2559258277454052,超,11,111773,[等级18],[粉丝团 Lv8]
2026-05-16 21:30:38,2559258277454052,超,4,111777,[等级18],[粉丝团 Lv8]
2026-05-16 21:30:46,2559258277454052,超,1,111778,[等级18],[粉丝团 Lv8]
2026-05-16 21:30:47,1570523377572808,無味,1,111789,[等级17],
2026-05-16 21:30:48,2559258277454052,超,10,111789,[等级18],[粉丝团 Lv8]
2026-05-16 21:30:48,96314743615,呵呵,3,111792,[等级16],[粉丝团 Lv3]
2026-05-16 21:30:50,2559258277454052,超,11,111803,[等级18],[粉丝团 Lv8]
2026-05-16 21:30:50,96314743615,呵呵,2,111805,[等级16],[粉丝团 Lv3]
2026-05-16 21:30:52,2559258277454052,超,10,111815,[等级18],[粉丝团 Lv8]
2026-05-16 21:30:53,2079931848206323,—,9,111834,[等级14],
2026-05-16 21:30:54,2559258277454052,超,10,111834,[等级18],[粉丝团 Lv8]
2026-05-16 21:30:56,2079931848206323,—,11,111856,[等级14],
2026-05-16 21:30:56,2559258277454052,超,11,111856,[等级18],[粉丝团 Lv8]
2026-05-16 21:30:56,1904006761290302,浪子阿刚,2,111858,[等级29],[粉丝团 Lv12]
2026-05-16 21:30:57,2763506534587609,梧桐树,4,111875,,
2026-05-16 21:30:57,2079931848206323,—,1,111875,[等级14],
2026-05-16 21:30:58,1904006761290302,浪子阿刚,1,111876,[等级29],[粉丝团 Lv12]
2026-05-16 21:30:59,2763506534587609,梧桐树,9,111898,,
2026-05-16 21:30:59,2559258277454052,超,13,111898,[等级18],[粉丝团 Lv8]
2026-05-16 21:31:00,1904006761290302,浪子阿刚,1,111899,[等级29],[粉丝团 Lv12]
2026-05-16 21:31:01,2763506534587609,梧桐树,11,111921,,
2026-05-16 21:31:01,2559258277454052,超,11,111921,[等级18],[粉丝团 Lv8]
2026-05-16 21:31:03,2763506534587609,梧桐树,10,111942,,
2026-05-16 21:31:03,2559258277454052,超,11,111942,[等级18],[粉丝团 Lv8]
2026-05-16 21:31:05,2763506534587609,梧桐树,10,111963,,
2026-05-16 21:31:06,2559258277454052,超,11,111963,[等级18],[粉丝团 Lv8]
2026-05-16 21:31:08,2559258277454052,超,12,111986,[等级18],[粉丝团 Lv8]
2026-05-16 21:31:08,2763506534587609,梧桐树,11,111986,,
2026-05-16 21:31:10,2763506534587609,梧桐树,7,112006,,
2026-05-16 21:31:10,2559258277454052,超,13,112006,[等级18],[粉丝团 Lv8]
2026-05-16 21:31:11,2656010348025624,昊昊,2,112008,[等级8],[粉丝团 Lv6]
2026-05-16 21:31:11,2559258277454052,超,10,112018,[等级18],[粉丝团 Lv8]
2026-05-16 21:31:13,2656010348025624,昊昊,11,112029,[等级8],[粉丝团 Lv6]
2026-05-16 21:31:13,2559258277454052,超,10,112039,[等级18],[粉丝团 Lv8]
2026-05-16 21:31:15,2656010348025624,昊昊,11,112050,[等级8],[粉丝团 Lv6]
2026-05-16 21:31:16,2559258277454052,超,12,112062,[等级18],[粉丝团 Lv8]
2026-05-16 21:31:17,2656010348025624,昊昊,10,112072,[等级8],[粉丝团 Lv6]
2026-05-16 21:31:17,2559258277454052,超,10,112082,[等级18],[粉丝团 Lv8]
2026-05-16 21:31:19,2656010348025624,昊昊,10,112092,[等级8],[粉丝团 Lv6]
2026-05-16 21:31:19,2559258277454052,超,12,112104,[等级18],[粉丝团 Lv8]
2026-05-16 21:31:21,2656010348025624,昊昊,10,112114,[等级8],[粉丝团 Lv6]
2026-05-16 21:31:21,2559258277454052,超,11,112125,[等级18],[粉丝团 Lv8]
2026-05-16 21:31:23,2656010348025624,昊昊,10,112137,[等级8],[粉丝团 Lv6]
2026-05-16 21:31:24,67579137424,欣欣子,2,112150,[等级10],
2026-05-16 21:31:24,2559258277454052,超,13,112150,[等级18],[粉丝团 Lv8]
2026-05-16 21:31:25,2656010348025624,昊昊,10,112160,[等级8],[粉丝团 Lv6]
2026-05-16 21:31:25,2559258277454052,超,13,112179,[等级18],[粉丝团 Lv8]
2026-05-16 21:31:25,104776981305,一半清醒一半醉,6,112179,[等级7],
2026-05-16 21:31:26,67579137424,欣欣子,6,112196,[等级10],
2026-05-16 21:31:27,2656010348025624,昊昊,10,112196,[等级8],[粉丝团 Lv6]
2026-05-16 21:31:27,2559258277454052,超,13,112219,[等级18],[粉丝团 Lv8]
2026-05-16 21:31:28,104776981305,一半清醒一半醉,10,112219,[等级7],
2026-05-16 21:31:29,2656010348025624,昊昊,10,112229,[等级8],[粉丝团 Lv6]
2026-05-16 21:31:29,2559258277454052,超,4,112233,[等级18],[粉丝团 Lv8]
2026-05-16 21:31:30,104776981305,一半清醒一半醉,10,112243,[等级7],
2026-05-16 21:31:31,2656010348025624,昊昊,10,112253,[等级8],[粉丝团 Lv6]
2026-05-16 21:31:31,328113495741721,用户652381351349,4,112257,,
2026-05-16 21:31:33,104776981305,一半清醒一半醉,13,112278,[等级7],
2026-05-16 21:31:33,2656010348025624,昊昊,8,112278,[等级8],[粉丝团 Lv6]
2026-05-16 21:31:35,104776981305,一半清醒一半醉,12,112298,[等级7],
2026-05-16 21:31:35,2656010348025624,昊昊,8,112298,[等级8],[粉丝团 Lv6]
2026-05-16 21:31:36,93462770321,啊芜~,2,112301,[等级16],
2026-05-16 21:31:37,2656010348025624,昊昊,1,112307,[等级8],[粉丝团 Lv6]
2026-05-16 21:31:37,2559258277454052,超,9,112316,[等级18],[粉丝团 Lv8]
2026-05-16 21:31:39,2559258277454052,超,14,112339,[等级18],[粉丝团 Lv8]
2026-05-16 21:31:40,104776981305,一半清醒一半醉,9,112339,[等级7],
2026-05-16 21:31:41,2559258277454052,超,14,112353,[等级18],[粉丝团 Lv8]
2026-05-16 21:31:43,2559258277454052,超,14,112367,[等级18],[粉丝团 Lv8]
2026-05-16 21:31:45,2559258277454052,超,14,112382,[等级18],[粉丝团 Lv8]
2026-05-16 21:31:45,103032663295,幸运之龙,1,112382,[等级3],
2026-05-16 21:31:47,2559258277454052,超,12,112394,[等级18],[粉丝团 Lv8]
2026-05-16 21:31:48,94161696152,V夏梦,2,112396,[等级15],[粉丝团 Lv11]
2026-05-16 21:31:49,2559258277454052,超,12,112408,[等级18],[粉丝团 Lv8]
2026-05-16 21:31:50,94161696152,V夏梦,11,112419,[等级15],[粉丝团 Lv11]
2026-05-16 21:31:51,7562868139277943865,不爱吃香菜,3,112433,,
2026-05-16 21:31:51,2559258277454052,超,11,112433,[等级18],[粉丝团 Lv8]
2026-05-16 21:31:52,94161696152,V夏梦,10,112443,[等级15],[粉丝团 Lv11]
2026-05-16 21:31:53,105392418367,TB12,6,112451,[等级24],[粉丝团 Lv15]
2026-05-16 21:31:53,7562868139277943865,不爱吃香菜,2,112462,,
2026-05-16 21:31:54,2559258277454052,超,11,112462,[等级18],[粉丝团 Lv8]
2026-05-16 21:31:55,94161696152,V夏梦,6,112468,[等级15],[粉丝团 Lv11]
2026-05-16 21:31:55,105392418367,TB12,11,112479,[等级24],[粉丝团 Lv15]
2026-05-16 21:31:56,2559258277454052,超,11,112490,[等级18],[粉丝团 Lv8]
2026-05-16 21:31:57,105392418367,TB12,10,112500,[等级24],[粉丝团 Lv15]
2026-05-16 21:31:58,2559258277454052,超,10,112510,[等级18],[粉丝团 Lv8]
2026-05-16 21:31:59,105392418367,TB12,9,112529,[等级24],[粉丝团 Lv15]
2026-05-16 21:32:00,2559258277454052,超,10,112529,[等级18],[粉丝团 Lv8]
2026-05-16 21:32:00,94161696152,V夏梦,7,112536,[等级15],[粉丝团 Lv11]
2026-05-16 21:32:01,105392418367,TB12,8,112544,[等级24],[粉丝团 Lv15]
2026-05-16 21:32:02,2559258277454052,超,10,112555,[等级18],[粉丝团 Lv8]
2026-05-16 21:32:02,1913609861738555,慢慢,1,112555,,
2026-05-16 21:32:04,2559258277454052,超,9,112574,[等级18],[粉丝团 Lv8]
2026-05-16 21:32:04,94161696152,V夏梦,10,112584,[等级15],[粉丝团 Lv11]
2026-05-16 21:32:06,2559258277454052,超,9,112593,[等级18],[粉丝团 Lv8]
2026-05-16 21:32:06,94161696152,V夏梦,11,112604,[等级15],[粉丝团 Lv11]
2026-05-16 21:32:08,2559258277454052,超,10,112614,[等级18],[粉丝团 Lv8]
2026-05-16 21:32:08,94161696152,V夏梦,10,112624,[等级15],[粉丝团 Lv11]
2026-05-16 21:32:09,3484783705857144,cherish,1,112625,,
2026-05-16 21:32:10,2559258277454052,超,10,112635,[等级18],[粉丝团 Lv8]
2026-05-16 21:32:11,94161696152,V夏梦,10,112645,[等级15],[粉丝团 Lv11]
2026-05-16 21:32:11,2500744598796624,🪳🪳🪳,2,112658,[等级6],[粉丝团 Lv4]
2026-05-16 21:32:12,2559258277454052,超,11,112658,[等级18],[粉丝团 Lv8]
2026-05-16 21:32:12,94161696152,V夏梦,11,112669,[等级15],[粉丝团 Lv11]
2026-05-16 21:32:13,2500744598796624,🪳🪳🪳,12,112695,[等级6],[粉丝团 Lv4]
2026-05-16 21:32:13,213764051579965,涅槃,1,112695,[等级5],
2026-05-16 21:32:15,2500744598796624,🪳🪳🪳,4,112718,[等级6],[粉丝团 Lv4]
2026-05-16 21:32:15,2559258277454052,超,15,112718,[等级18],[粉丝团 Lv8]
2026-05-16 21:32:16,3404515162982046,柠檬,1,112719,[等级11],[粉丝团 Lv8]
2026-05-16 21:32:17,2559258277454052,超,11,112730,[等级18],[粉丝团 Lv8]
2026-05-16 21:32:19,1968552121220435,不错时装珠人,1,112733,,
2026-05-16 21:32:19,3404515162982046,柠檬,2,112733,[等级11],[粉丝团 Lv8]
2026-05-16 21:32:20,2559258277454052,超,13,112746,[等级18],[粉丝团 Lv8]
2026-05-16 21:32:20,1968552121220435,不错时装珠人,2,112751,,
2026-05-16 21:32:20,3404515162982046,柠檬,3,112751,[等级11],[粉丝团 Lv8]
2026-05-16 21:32:22,2559258277454052,超,11,112762,[等级18],[粉丝团 Lv8]
2026-05-16 21:32:22,3404515162982046,柠檬,4,112766,[等级11],[粉丝团 Lv8]
2026-05-16 21:32:23,2559258277454052,超,13,112779,[等级18],[粉丝团 Lv8]
2026-05-16 21:32:24,3404515162982046,柠檬,6,112785,[等级11],[粉丝团 Lv8]
2026-05-16 21:32:25,2559258277454052,超,12,112797,[等级18],[粉丝团 Lv8]
2026-05-16 21:32:27,2559258277454052,超,11,112808,[等级18],[粉丝团 Lv8]
2026-05-16 21:32:29,2559258277454052,超,10,112818,[等级18],[粉丝团 Lv8]
2026-05-16 21:32:31,2559258277454052,超,9,112827,[等级18],[粉丝团 Lv8]
2026-05-16 21:32:33,2559258277454052,超,11,112838,[等级18],[粉丝团 Lv8]
2026-05-16 21:32:34,803116120023338,elDar 老爸,1,112839,,
2026-05-16 21:32:35,2559258277454052,超,10,112849,[等级18],[粉丝团 Lv8]
2026-05-16 21:32:37,2559258277454052,超,13,112862,[等级18],[粉丝团 Lv8]
2026-05-16 21:32:39,66847091600,秋日暖风,2,112864,[等级31],
2026-05-16 21:32:39,2559258277454052,超,12,112877,[等级18],[粉丝团 Lv8]
2026-05-16 21:32:40,104272881514,游山玩水,1,112877,[等级19],[粉丝团 Lv7]
2026-05-16 21:32:41,66847091600,秋日暖风,11,112888,[等级31],
2026-05-16 21:32:42,99216849509,猫猫！,4,112903,[等级1],
2026-05-16 21:32:42,2559258277454052,超,11,112903,[等级18],[粉丝团 Lv8]
2026-05-16 21:32:43,66847091600,秋日暖风,4,112907,[等级31],
2026-05-16 21:32:43,83724067872,草莓啵啵^,7,112926,[等级12],[粉丝团 Lv11]
2026-05-16 21:32:43,2559258277454052,超,12,112926,[等级18],[粉丝团 Lv8]
2026-05-16 21:32:45,83724067872,草莓啵啵^,10,112948,[等级12],[粉丝团 Lv11]
2026-05-16 21:32:45,101007737187,朮朮,1,112948,[等级20],[粉丝团 Lv5]
2026-05-16 21:32:46,2559258277454052,超,11,112948,[等级18],[粉丝团 Lv8]
2026-05-16 21:32:47,83724067872,草莓啵啵^,11,112970,[等级12],[粉丝团 Lv11]
2026-05-16 21:32:47,2559258277454052,超,11,112970,[等级18],[粉丝团 Lv8]
2026-05-16 21:32:49,83724067872,草莓啵啵^,12,112989,[等级12],[粉丝团 Lv11]
2026-05-16 21:32:49,2559258277454052,超,7,112989,[等级18],[粉丝团 Lv8]
2026-05-16 21:32:50,96314743615,呵呵,1,112990,[等级16],[粉丝团 Lv3]
2026-05-16 21:32:51,83724067872,草莓啵啵^,11,113001,[等级12],[粉丝团 Lv11]
2026-05-16 21:32:52,83724240407,继续continue（数码♻️）,7,113011,[等级5],[粉丝团 Lv6]
2026-05-16 21:32:52,4081852239324558,美式🕵,3,113011,[等级18],[粉丝团 Lv8]
2026-05-16 21:32:53,83724067872,草莓啵啵^,11,113022,[等级12],[粉丝团 Lv11]
2026-05-16 21:32:54,83724240407,继续continue（数码♻️）,10,113032,[等级5],[粉丝团 Lv6]
2026-05-16 21:32:55,2313002103354744,小乖ღ³.,3,113047,[等级16],[粉丝团 Lv3]
2026-05-16 21:32:55,83724067872,草莓啵啵^,11,113047,[等级12],[粉丝团 Lv11]
2026-05-16 21:32:57,83724240407,继续continue（数码♻️）,10,113057,[等级5],[粉丝团 Lv6]
2026-05-16 21:32:57,83724067872,草莓啵啵^,12,113070,[等级12],[粉丝团 Lv11]
2026-05-16 21:32:58,104705327553,消失的我,1,113070,[等级17],[粉丝团 Lv4]
2026-05-16 21:32:58,83724240407,继续continue（数码♻️）,10,113080,[等级5],[粉丝团 Lv6]
2026-05-16 21:33:00,83724240407,继续continue（数码♻️）,7,113089,[等级5],[粉丝团 Lv6]
2026-05-16 21:33:01,553798070181133,数流萤,2,113089,[等级10],[粉丝团 Lv10]
2026-05-16 21:33:02,104705327553,消失的我,5,113094,[等级17],[粉丝团 Lv4]
2026-05-16 21:33:02,83724240407,继续continue（数码♻️）,9,113103,[等级5],[粉丝团 Lv6]
2026-05-16 21:33:04,104705327553,消失的我,13,113116,[等级17],[粉丝团 Lv4]
2026-05-16 21:33:04,83724240407,继续continue（数码♻️）,7,113123,[等级5],[粉丝团 Lv6]
2026-05-16 21:33:06,104705327553,消失的我,11,113134,[等级17],[粉丝团 Lv4]
2026-05-16 21:33:06,83724240407,继续continue（数码♻️）,8,113145,[等级5],[粉丝团 Lv6]
2026-05-16 21:33:07,105392418367,TB12,3,113145,[等级24],[粉丝团 Lv15]
2026-05-16 21:33:08,109569311649,涛仔,2,113157,[等级23],[粉丝团 Lv3]
2026-05-16 21:33:08,104705327553,消失的我,9,113157,[等级17],[粉丝团 Lv4]
2026-05-16 21:33:08,110958187817,用户6091968876681,1,113157,,
2026-05-16 21:33:08,83724240407,继续continue（数码♻️）,6,113171,[等级5],[粉丝团 Lv6]
2026-05-16 21:33:09,109569311649,涛仔,10,113181,[等级23],[粉丝团 Lv3]
2026-05-16 21:33:10,104705327553,消失的我,10,113191,[等级17],[粉丝团 Lv4]
2026-05-16 21:33:10,83724240407,继续continue（数码♻️）,8,113200,[等级5],[粉丝团 Lv6]
2026-05-16 21:33:11,109569311649,涛仔,11,113221,[等级23],[粉丝团 Lv3]
2026-05-16 21:33:12,104705327553,消失的我,10,113221,[等级17],[粉丝团 Lv4]
2026-05-16 21:33:12,83724240407,继续continue（数码♻️）,10,113231,[等级5],[粉丝团 Lv6]
2026-05-16 21:33:13,109569311649,涛仔,10,113252,[等级23],[粉丝团 Lv3]
2026-05-16 21:33:14,104705327553,消失的我,11,113252,[等级17],[粉丝团 Lv4]
2026-05-16 21:33:15,83724240407,继续continue（数码♻️）,6,113258,[等级5],[粉丝团 Lv6]
2026-05-16 21:33:15,109569311649,涛仔,10,113277,[等级23],[粉丝团 Lv3]
2026-05-16 21:33:16,104705327553,消失的我,9,113277,[等级17],[粉丝团 Lv4]
2026-05-16 21:33:17,83724240407,继续continue（数码♻️）,5,113287,[等级5],[粉丝团 Lv6]
2026-05-16 21:33:17,553798070181133,数流萤,5,113287,[等级10],[粉丝团 Lv10]
2026-05-16 21:33:18,109569311649,涛仔,11,113308,[等级23],[粉丝团 Lv3]
2026-05-16 21:33:18,104705327553,消失的我,10,113308,[等级17],[粉丝团 Lv4]
2026-05-16 21:33:19,109569311649,涛仔,10,113327,[等级23],[粉丝团 Lv3]
2026-05-16 21:33:20,833861949066441,Zw--,1,113327,[等级6],[粉丝团 Lv3]
2026-05-16 21:33:20,2777810775597449,恶雨,1,113328,[等级22],
2026-05-16 21:33:22,109569311649,涛仔,9,113337,[等级23],[粉丝团 Lv3]
2026-05-16 21:33:22,2777810775597449,恶雨,4,113352,[等级22],
2026-05-16 21:33:23,104705327553,消失的我,11,113352,[等级17],[粉丝团 Lv4]
2026-05-16 21:33:24,109569311649,涛仔,10,113362,[等级23],[粉丝团 Lv3]
2026-05-16 21:33:24,2777810775597449,恶雨,7,113375,[等级22],
2026-05-16 21:33:25,104705327553,消失的我,6,113375,[等级17],[粉丝团 Lv4]
2026-05-16 21:33:25,109569311649,涛仔,6,113383,[等级23],[粉丝团 Lv3]
2026-05-16 21:33:25,3745374258597129,怯懦,2,113392,,
2026-05-16 21:33:26,2854761029711032,深圳市麦鲨智能有限公司企业店,1,113400,,
2026-05-16 21:33:26,2777810775597449,恶雨,7,113400,[等级22],
2026-05-16 21:33:28,109569311649,涛仔,9,113409,[等级23],[粉丝团 Lv3]
2026-05-16 21:33:28,2854761029711032,深圳市麦鲨智能有限公司企业店,2,113428,,
2026-05-16 21:33:28,2777810775597449,恶雨,7,113433,[等级22],
2026-05-16 21:33:28,104705327553,消失的我,10,113433,[等级17],[粉丝团 Lv4]
2026-05-16 21:33:30,109569311649,涛仔,8,113447,[等级23],[粉丝团 Lv3]
2026-05-16 21:33:30,69217678688,路路通,6,113452,[等级7],
2026-05-16 21:33:30,2777810775597449,恶雨,8,113467,[等级22],
2026-05-16 21:33:31,83724240407,继续continue（数码♻️）,7,113467,[等级5],[粉丝团 Lv6]
2026-05-16 21:33:31,109569311649,涛仔,9,113496,[等级23],[粉丝团 Lv3]
2026-05-16 21:33:31,69217678688,路路通,11,113496,[等级7],
2026-05-16 21:33:32,56291946372,付秀华,3,113515,[等级27],
2026-05-16 21:33:33,2777810775597449,恶雨,8,113515,[等级22],
2026-05-16 21:33:33,109569311649,涛仔,10,113538,[等级23],[粉丝团 Lv3]
2026-05-16 21:33:33,69217678688,路路通,11,113538,[等级7],
2026-05-16 21:33:34,2777810775597449,恶雨,5,113553,[等级22],
2026-05-16 21:33:35,94161696152,V夏梦,3,113553,[等级15],[粉丝团 Lv11]
2026-05-16 21:33:35,109569311649,涛仔,8,113574,[等级23],[粉丝团 Lv3]
2026-05-16 21:33:35,69217678688,路路通,6,113574,[等级7],
2026-05-16 21:33:36,2777810775597449,恶雨,7,113587,[等级22],
2026-05-16 21:33:37,94161696152,V夏梦,1,113587,[等级15],[粉丝团 Lv11]
2026-05-16 21:33:37,109569311649,涛仔,9,113603,[等级23],[粉丝团 Lv3]
2026-05-16 21:33:37,104705327553,消失的我,7,113603,[等级17],[粉丝团 Lv4]
2026-05-16 21:33:39,2777810775597449,恶雨,4,113613,[等级22],
2026-05-16 21:33:39,52641625353,一杯浊酒敬红尘,1,113613,[等级33],
2026-05-16 21:33:39,109569311649,涛仔,9,113629,[等级23],[粉丝团 Lv3]
2026-05-16 21:33:39,104705327553,消失的我,7,113629,[等级17],[粉丝团 Lv4]
2026-05-16 21:33:41,83724240407,继续continue（数码♻️）,6,113643,[等级5],[粉丝团 Lv6]
2026-05-16 21:33:41,2777810775597449,恶雨,8,113643,[等级22],
2026-05-16 21:33:42,109569311649,涛仔,9,113652,[等级23],[粉丝团 Lv3]
2026-05-16 21:33:42,104705327553,消失的我,8,113660,[等级17],[粉丝团 Lv4]
2026-05-16 21:33:43,909994736222499,🦀🦀,1,113672,,
2026-05-16 21:33:43,2777810775597449,恶雨,7,113672,[等级22],
2026-05-16 21:33:43,109569311649,涛仔,9,113690,[等级23],[粉丝团 Lv3]
2026-05-16 21:33:44,104705327553,消失的我,9,113690,[等级17],[粉丝团 Lv4]
2026-05-16 21:33:45,2777810775597449,恶雨,8,113705,[等级22],
2026-05-16 21:33:45,83724240407,继续continue（数码♻️）,7,113716,[等级5],[粉丝团 Lv6]
2026-05-16 21:33:45,109569311649,涛仔,11,113722,[等级23],[粉丝团 Lv3]
2026-05-16 21:33:46,104705327553,消失的我,6,113723,[等级17],[粉丝团 Lv4]
2026-05-16 21:33:47,2777810775597449,恶雨,6,113731,[等级22],
2026-05-16 21:33:47,83724240407,继续continue（数码♻️）,2,113740,[等级5],[粉丝团 Lv6]
2026-05-16 21:33:47,109569311649,涛仔,9,113748,[等级23],[粉丝团 Lv3]
2026-05-16 21:33:48,104705327553,消失的我,8,113750,[等级17],[粉丝团 Lv4]
2026-05-16 21:33:49,2777810775597449,恶雨,8,113760,[等级22],
2026-05-16 21:33:49,83724240407,继续continue（数码♻️）,2,113770,[等级5],[粉丝团 Lv6]
2026-05-16 21:33:49,109569311649,涛仔,9,113772,[等级23],[粉丝团 Lv3]
2026-05-16 21:33:50,104705327553,消失的我,2,113772,[等级17],[粉丝团 Lv4]
2026-05-16 21:33:50,2777810775597449,恶雨,5,113777,[等级22],
2026-05-16 21:33:51,109569311649,涛仔,9,113786,[等级23],[粉丝团 Lv3]
2026-05-16 21:33:52,2777810775597449,恶雨,8,113794,[等级22],
2026-05-16 21:33:53,109569311649,涛仔,8,113802,[等级23],[粉丝团 Lv3]
2026-05-16 21:33:55,2777810775597449,恶雨,7,113809,[等级22],
2026-05-16 21:33:55,109569311649,涛仔,8,113817,[等级23],[粉丝团 Lv3]
2026-05-16 21:33:57,2777810775597449,恶雨,7,113824,[等级22],
2026-05-16 21:33:57,109569311649,涛仔,9,113833,[等级23],[粉丝团 Lv3]
2026-05-16 21:33:58,2777810775597449,恶雨,8,113842,[等级22],
2026-05-16 21:33:58,61733422375,7788,1,113848,[等级12],[粉丝团 Lv11]
2026-05-16 21:33:59,69217678688,路路通,6,113857,[等级7],
2026-05-16 21:33:59,109569311649,涛仔,9,113859,[等级23],[粉丝团 Lv3]
2026-05-16 21:34:01,2777810775597449,恶雨,7,113866,[等级22],
2026-05-16 21:34:01,69217678688,路路通,11,113884,[等级7],
2026-05-16 21:34:01,109569311649,涛仔,7,113892,[等级23],[粉丝团 Lv3]
2026-05-16 21:34:03,2777810775597449,恶雨,7,113899,[等级22],
2026-05-16 21:34:03,69217678688,路路通,11,113922,[等级7],
2026-05-16 21:34:04,104705327553,消失的我,12,113922,[等级17],[粉丝团 Lv4]
2026-05-16 21:34:05,2777810775597449,恶雨,6,113931,[等级22],
2026-05-16 21:34:05,59907301569,大蒜蒜,3,113931,[等级11],[粉丝团 Lv9]
2026-05-16 21:34:05,69217678688,路路通,9,113951,[等级7],
2026-05-16 21:34:06,104705327553,消失的我,11,113951,[等级17],[粉丝团 Lv4]
2026-05-16 21:34:07,2559258277454052,超,10,113966,[等级18],[粉丝团 Lv8]
2026-05-16 21:34:07,2777810775597449,恶雨,5,113966,[等级22],
2026-05-16 21:34:07,69217678688,路路通,11,113977,[等级7],
2026-05-16 21:34:08,104705327553,消失的我,11,113988,[等级17],[粉丝团 Lv4]
2026-05-16 21:34:08,2559258277454052,超,10,114005,[等级18],[粉丝团 Lv8]
2026-05-16 21:34:08,2777810775597449,恶雨,7,114005,[等级22],
2026-05-16 21:34:09,69217678688,路路通,11,114026,[等级7],
2026-05-16 21:34:10,104705327553,消失的我,10,114035,[等级17],[粉丝团 Lv4]
2026-05-16 21:34:10,2559258277454052,超,10,114055,[等级18],[粉丝团 Lv8]
2026-05-16 21:34:10,3085649814495664,霖林,3,114055,,
2026-05-16 21:34:11,69217678688,路路通,10,114065,[等级7],
2026-05-16 21:34:12,104705327553,消失的我,11,114076,[等级17],[粉丝团 Lv4]
2026-05-16 21:34:12,17948250955,大大怪,2,114122,[等级10],[粉丝团 Lv10]
2026-05-16 21:34:12,2559258277454052,超,9,114122,[等级18],[粉丝团 Lv8]
2026-05-16 21:34:13,69217678688,路路通,11,114143,[等级7],
2026-05-16 21:34:14,17948250955,大大怪,10,114154,[等级10],[粉丝团 Lv10]
2026-05-16 21:34:14,2559258277454052,超,12,114184,[等级18],[粉丝团 Lv8]
2026-05-16 21:34:14,3085649814495664,霖林,11,114199,,
2026-05-16 21:34:15,69217678688,路路通,6,114228,[等级7],
2026-05-16 21:34:16,104705327553,消失的我,10,114228,[等级17],[粉丝团 Lv4]
2026-05-16 21:34:16,2559258277454052,超,10,114254,[等级18],[粉丝团 Lv8]
2026-05-16 21:34:16,3085649814495664,霖林,10,114254,,
2026-05-16 21:34:18,2933138663941624,easy,12,114288,[等级22],[粉丝团 Lv14]
2026-05-16 21:34:18,104705327553,消失的我,10,114288,[等级17],[粉丝团 Lv4]
2026-05-16 21:34:19,2559258277454052,超,12,114316,[等级18],[粉丝团 Lv8]
2026-05-16 21:34:19,3085649814495664,霖林,10,114316,,
2026-05-16 21:34:20,104705327553,消失的我,10,114335,[等级17],[粉丝团 Lv4]
2026-05-16 21:34:20,17948250955,大大怪,8,114335,[等级10],[粉丝团 Lv10]
2026-05-16 21:34:20,109583689782,彼此的过客,1,114362,[等级4],
2026-05-16 21:34:20,2559258277454052,超,10,114364,[等级18],[粉丝团 Lv8]
2026-05-16 21:34:22,104705327553,消失的我,9,114380,[等级17],[粉丝团 Lv4]
2026-05-16 21:34:22,109583689782,彼此的过客,7,114407,[等级4],
2026-05-16 21:34:22,2559258277454052,超,12,114409,[等级18],[粉丝团 Lv8]
2026-05-16 21:34:24,104705327553,消失的我,8,114426,[等级17],[粉丝团 Lv4]
2026-05-16 21:34:24,109583689782,彼此的过客,9,114454,[等级4],
2026-05-16 21:34:24,2559258277454052,超,12,114454,[等级18],[粉丝团 Lv8]
2026-05-16 21:34:26,104705327553,消失的我,7,114468,[等级17],[粉丝团 Lv4]
2026-05-16 21:34:26,109583689782,彼此的过客,7,114494,[等级4],
2026-05-16 21:34:26,2559258277454052,超,10,114494,[等级18],[粉丝团 Lv8]
2026-05-16 21:34:27,104705327553,消失的我,11,114507,[等级17],[粉丝团 Lv4]
2026-05-16 21:34:28,1957568280264883,¹ 今天星期几,2,114524,[等级7],[粉丝团 Lv4]
2026-05-16 21:34:28,2559258277454052,超,7,114531,[等级18],[粉丝团 Lv8]
2026-05-16 21:34:30,104705327553,消失的我,9,114547,[等级17],[粉丝团 Lv4]
2026-05-16 21:34:30,104776981305,一半清醒一半醉,3,114547,[等级7],
2026-05-16 21:34:30,1957568280264883,¹ 今天星期几,4,114557,[等级7],[粉丝团 Lv4]
2026-05-16 21:34:31,3085649814495664,霖林,10,114562,,
2026-05-16 21:34:32,104705327553,消失的我,10,114572,[等级17],[粉丝团 Lv4]
2026-05-16 21:34:32,3085649814495664,霖林,10,114589,,
2026-05-16 21:34:33,2777810775597449,恶雨,7,114589,[等级22],
2026-05-16 21:34:34,96190070010,代局,3,114602,[等级10],
2026-05-16 21:34:34,104705327553,消失的我,10,114602,[等级17],[粉丝团 Lv4]
2026-05-16 21:34:34,3085649814495664,霖林,10,114620,,
2026-05-16 21:34:35,2777810775597449,恶雨,8,114620,[等级22],
2026-05-16 21:34:36,104705327553,消失的我,9,114629,[等级17],[粉丝团 Lv4]
2026-05-16 21:34:37,3085649814495664,霖林,10,114642,,
2026-05-16 21:34:37,2777810775597449,恶雨,3,114642,[等级22],
2026-05-16 21:34:38,104705327553,消失的我,8,114650,[等级17],[粉丝团 Lv4]
2026-05-16 21:34:38,2559258277454052,超,9,114668,[等级18],[粉丝团 Lv8]
2026-05-16 21:34:38,3085649814495664,霖林,9,114668,,
2026-05-16 21:34:40,153524214704011,#,8,114677,,
2026-05-16 21:34:40,3677186569820156,aɪ敢敢,1,114682,[等级9],[粉丝团 Lv3]
2026-05-16 21:34:41,3085649814495664,霖林,11,114703,,
2026-05-16 21:34:41,2559258277454052,超,10,114703,[等级18],[粉丝团 Lv8]
2026-05-16 21:34:42,153524214704011,#,8,114723,,
2026-05-16 21:34:42,3677186569820156,aɪ敢敢,1,114723,[等级9],[粉丝团 Lv3]
2026-05-16 21:34:42,2559258277454052,超,12,114745,[等级18],[粉丝团 Lv8]
2026-05-16 21:34:43,3085649814495664,霖林,10,114745,,
2026-05-16 21:34:43,2651666804910296,色色的,8,114767,[等级5],[粉丝团 Lv2]
2026-05-16 21:34:43,104705327553,消失的我,8,114767,[等级17],[粉丝团 Lv4]
2026-05-16 21:34:45,2559258277454052,超,10,114787,[等级18],[粉丝团 Lv8]
2026-05-16 21:34:45,3085649814495664,霖林,10,114787,,
2026-05-16 21:34:45,153524214704011,#,9,114819,,
2026-05-16 21:34:45,104705327553,消失的我,9,114819,[等级17],[粉丝团 Lv4]
2026-05-16 21:34:46,2559258277454052,超,10,114839,[等级18],[粉丝团 Lv8]
2026-05-16 21:34:47,3085649814495664,霖林,10,114839,,
2026-05-16 21:34:47,3195643127668587,常态ovO,1,114856,[等级6],
2026-05-16 21:34:47,2651666804910296,色色的,7,114856,[等级5],[粉丝团 Lv2]
2026-05-16 21:34:49,2559258277454052,超,9,114874,[等级18],[粉丝团 Lv8]
2026-05-16 21:34:49,3085649814495664,霖林,9,114874,,
2026-05-16 21:34:50,2651666804910296,色色的,7,114891,[等级5],[粉丝团 Lv2]
2026-05-16 21:34:50,153524214704011,#,10,114891,,
2026-05-16 21:34:50,2559258277454052,超,9,114911,[等级18],[粉丝团 Lv8]
2026-05-16 21:34:51,3085649814495664,霖林,9,114911,,
2026-05-16 21:34:51,2651666804910296,色色的,7,114919,[等级5],[粉丝团 Lv2]
2026-05-16 21:34:52,2559258277454052,超,10,114944,[等级18],[粉丝团 Lv8]
2026-05-16 21:34:53,50744557768,逆风的飞猪,5,114944,[等级4],[粉丝团 Lv2]
2026-05-16 21:34:55,2651666804910296,色色的,7,114951,[等级5],[粉丝团 Lv2]
2026-05-16 21:34:55,2588727266533376,青云,1,114977,,
2026-05-16 21:34:55,2559258277454052,超,9,114977,[等级18],[粉丝团 Lv8]
2026-05-16 21:34:56,2651666804910296,色色的,6,114984,[等级5],[粉丝团 Lv2]
2026-05-16 21:34:56,2445779781558612,云，,1,114984,,
2026-05-16 21:34:56,2559258277454052,超,12,115006,[等级18],[粉丝团 Lv8]
2026-05-16 21:34:56,3085649814495664,霖林,10,115006,,
2026-05-16 21:34:57,2651666804910296,色色的,5,115012,[等级5],[粉丝团 Lv2]
2026-05-16 21:34:58,2559258277454052,超,12,115034,[等级18],[粉丝团 Lv8]
2026-05-16 21:34:59,3085649814495664,霖林,10,115034,,
2026-05-16 21:34:59,97658095852,叶落抚尘,6,115050,[等级14],[粉丝团 Lv13]
2026-05-16 21:34:59,2651666804910296,色色的,10,115054,[等级5],[粉丝团 Lv2]
2026-05-16 21:35:00,2559258277454052,超,12,115077,[等级18],[粉丝团 Lv8]
2026-05-16 21:35:02,3085649814495664,霖林,10,115078,,
2026-05-16 21:35:02,97658095852,叶落抚尘,10,115097,[等级14],[粉丝团 Lv13]
2026-05-16 21:35:02,2651666804910296,色色的,9,115097,[等级5],[粉丝团 Lv2]
2026-05-16 21:35:02,109760276321,养蜂人,2,115125,[等级8],
2026-05-16 21:35:03,2559258277454052,超,13,115125,[等级18],[粉丝团 Lv8]
2026-05-16 21:35:04,97658095852,叶落抚尘,10,115144,[等级14],[粉丝团 Lv13]
2026-05-16 21:35:04,2651666804910296,色色的,9,115144,[等级5],[粉丝团 Lv2]
2026-05-16 21:35:04,2559258277454052,超,9,115163,[等级18],[粉丝团 Lv8]
2026-05-16 21:35:05,3085649814495664,霖林,10,115163,,
2026-05-16 21:35:05,97658095852,叶落抚尘,2,115174,[等级14],[粉丝团 Lv13]
2026-05-16 21:35:05,2651666804910296,色色的,9,115183,[等级5],[粉丝团 Lv2]
2026-05-16 21:35:06,2559258277454052,超,13,115206,[等级18],[粉丝团 Lv8]
2026-05-16 21:35:07,3085649814495664,霖林,10,115206,,
2026-05-16 21:35:07,2651666804910296,色色的,5,115222,[等级5],[粉丝团 Lv2]
2026-05-16 21:35:08,104797897273,詪,11,115222,[等级5],[粉丝团 Lv3]
2026-05-16 21:35:09,2559258277454052,超,13,115248,[等级18],[粉丝团 Lv8]
2026-05-16 21:35:09,3666229085354586,修心,4,115248,[等级1],
2026-05-16 21:35:10,97658095852,叶落抚尘,4,115252,[等级14],[粉丝团 Lv13]
2026-05-16 21:35:10,104797897273,詪,9,115262,[等级5],[粉丝团 Lv3]
2026-05-16 21:35:10,3666229085354586,修心,3,115288,[等级1],
2026-05-16 21:35:11,3085649814495664,霖林,10,115288,,
2026-05-16 21:35:12,104797897273,詪,9,115297,[等级5],[粉丝团 Lv3]
2026-05-16 21:35:13,2559258277454052,超,12,115318,[等级18],[粉丝团 Lv8]
2026-05-16 21:35:13,3085649814495664,霖林,9,115318,,
2026-05-16 21:35:14,104797897273,詪,11,115329,[等级5],[粉丝团 Lv3]
2026-05-16 21:35:14,3666229085354586,修心,1,115354,[等级1],
2026-05-16 21:35:15,3085649814495664,霖林,11,115354,,
2026-05-16 21:35:16,104797897273,詪,10,115364,[等级5],[粉丝团 Lv3]
2026-05-16 21:35:16,3666229085354586,修心,4,115387,[等级1],
2026-05-16 21:35:17,2559258277454052,超,11,115387,[等级18],[粉丝团 Lv8]
2026-05-16 21:35:18,104797897273,詪,8,115396,[等级5],[粉丝团 Lv3]
2026-05-16 21:35:18,95420732811,🤪🤪🤪🤪,1,115416,[等级11],
2026-05-16 21:35:19,3666229085354586,修心,2,115416,[等级1],
2026-05-16 21:35:20,86848433182,Blue,2,115430,[等级3],
2026-05-16 21:35:21,2559258277454052,超,12,115439,[等级18],[粉丝团 Lv8]
2026-05-16 21:35:23,2559258277454052,超,12,115460,[等级18],[粉丝团 Lv8]
2026-05-16 21:35:23,3085649814495664,霖林,9,115460,,
2026-05-16 21:35:25,2559258277454052,超,10,115481,[等级18],[粉丝团 Lv8]
2026-05-16 21:35:25,3085649814495664,霖林,9,115481,,
2026-05-16 21:35:26,2559258277454052,超,11,115494,[等级18],[粉丝团 Lv8]
2026-05-16 21:35:26,3085649814495664,霖林,2,115494,,
2026-05-16 21:35:28,2559258277454052,超,11,115505,[等级18],[粉丝团 Lv8]
2026-05-16 21:35:31,2559258277454052,超,11,115516,[等级18],[粉丝团 Lv8]
2026-05-16 21:35:31,94634352642,不言钟,1,115517,[等级12],
2026-05-16 21:35:33,2559258277454052,超,9,115533,[等级18],[粉丝团 Lv8]
2026-05-16 21:35:33,3085649814495664,霖林,7,115533,,
2026-05-16 21:35:38,2263230901662752,津一尉,1,115534,,
2026-05-16 21:35:39,3425670619468908,🧶没心没肺快乐加倍ඡ·,8,115542,[等级10],[粉丝团 Lv8]
2026-05-16 21:35:41,153524214704011,#,6,115563,,
2026-05-16 21:35:41,3425670619468908,🧶没心没肺快乐加倍ඡ·,15,115563,[等级10],[粉丝团 Lv8]
2026-05-16 21:35:42,51287302581,啊木哥,1,115565,[等级19],[粉丝团 Lv1]
2026-05-16 21:35:42,77416951506,ら孤痞,1,115565,[等级36],[粉丝团 Lv17]
2026-05-16 21:35:43,153524214704011,#,10,115575,,
