time,user_id,user_name,action,follow_count,grade,fans_club
12:04:54,69255724447,荣天下补发——宋姐,关注了主播,1232353,,
12:05:10,3103263904505632,吕钦扬,关注了主播,1232354,[等级6],
12:05:48,1376207977062419,潇湘十四郎,关注了主播,1232357,[等级16],[粉丝团 Lv4]
12:06:54,749236174201559,安居乐业,关注了主播,1232355,,
12:07:56,75219382228,L。,关注了主播,1232358,[等级4],
12:08:02,4064249359120556,EA825,关注了主播,1232357,[等级35],
12:08:37,4081021983139469,AAA.建材批发老李,关注了主播,1232356,,
12:09:28,2370197965255988,Jiᴗang_ᥫᩣ,关注了主播,1232355,,
12:09:47,3602430677232381,এ᭄ℒꪮꪜ꧖,关注了主播,1232361,,
12:09:53,99723516254,坚持,关注了主播,1232362,[等级25],
12:10:31,3106598264506579,泰罗奥特曼,关注了主播,1232361,[等级7],
12:10:44,93245734216,XWXxxxxxxxx,关注了主播,1232363,[等级16],
12:10:47,2955132771762263,AXU,关注了主播,1232364,[等级7],
12:10:51,462221941669982,王妍予,关注了主播,1232365,,
12:11:11,68643790286,龍哥,关注了主播,1232365,,
12:12:19,63333071449,ᥫᩣ 繁华依然ᥫᩣ,关注了主播,1232369,[等级12],
12:12:34,60607346746,蒋蒋,关注了主播,1232369,[等级6],
12:13:29,406188292839978,李姐,关注了主播,1232374,,
12:13:41,1261856624742252,杨子@,关注了主播,1232374,,
12:13:55,101000892100,云游九州,关注了主播,1232375,[等级16],
12:14:21,100179696941,二百斤的小可爱,关注了主播,1232377,[等级8],
12:14:40,52736080682,𝑿,关注了主播,1232378,[等级12],
12:14:52,1126342329637198,蓝莲花😜,关注了主播,1232380,,
12:14:59,2376506338461564,止于春,关注了主播,1232381,,
12:15:40,1966355057216109,用户3142282491257,关注了主播,1232381,,
12:15:56,58530723519,1s、Leo,关注了主播,1232380,[等级2],
12:16:08,92355960305,小懒,关注了主播,1232384,[等级12],
12:16:40,2157706301416779,人间清醒,关注了主播,1232384,[等级8],
12:16:50,64934001924,天天在吃猪脚饭,关注了主播,1232383,[等级26],
12:17:23,90607802386903,。。。。。。。。。。。。。,关注了主播,1232385,[等级10],
12:17:26,92538635247,海是孤岛的泪@,关注了主播,1232384,[等级11],
12:17:34,4464655734,我只想爱你，简简单单。,关注了主播,1232388,[等级8],
12:17:38,66494801038,28.,关注了主播,1232389,[等级10],[粉丝团 Lv1]
12:17:39,4252561896376845,嗯ヽ(○^㉨^)ﾉ♪,关注了主播,1232391,[等级10],
12:17:39,4252561896376845,嗯ヽ(○^㉨^)ﾉ♪,关注了主播,1232391,[等级10],
12:17:43,740406060920196,江,关注了主播,1232393,,
12:17:48,3571646860101454,Rand,关注了主播,1232393,[等级1],
12:18:04,92751882236,无需比较,关注了主播,1232396,[等级3],
12:18:12,1947949463507726,叛逆小孙,关注了主播,1232396,[等级4],
12:18:13,618340188161325,悦❤️,关注了主播,1232396,[等级9],
12:18:16,618340188161325,悦❤️,关注了主播,1232398,[等级9],
12:18:49,77891975421,小❤️吴,关注了主播,1232398,[等级17],
12:19:00,3222002397099038,玖乐动漫,关注了主播,1232400,[等级6],
12:19:03,67491885535,husmr,关注了主播,1232400,[等级14],
12:20:26,1405652389858121,不想和你说话,关注了主播,1232399,,
12:20:31,104850041253,南眴 󰠇,关注了主播,1232403,[等级18],
12:21:32,1508163726358484,元凱,关注了主播,1232403,[等级1],
12:22:06,2472163576120704,晚风吹十五,关注了主播,1232404,[等级15],
12:22:25,101788151776,小时候的书,关注了主播,1232404,[等级2],
12:22:32,355868863898579,猫永,关注了主播,1232405,[等级9],
12:22:44,165406887400003,fan1,关注了主播,1232406,,
12:22:46,59297972281,ᙏ̤̫͚ ：ʜɪ. ◡̈,关注了主播,1232406,[等级20],
12:22:55,3978465930385774,星河,关注了主播,1232405,[等级3],
12:23:08,3932307686956029,🦖爽🐍,关注了主播,1232405,,
12:24:06,55636674706,不吃鱼的猫,关注了主播,1232406,[等级10],
12:24:15,65133348123,糖& 果♡,关注了主播,1232406,[等级12],
12:24:17,4464480257059003,犹未寄的情书残页,关注了主播,1232407,[等级9],
12:24:47,3452884434556760,拽,关注了主播,1232408,[等级1],[粉丝团 Lv1]
12:25:13,2203888996587287,哈哈。。,关注了主播,1232409,,
12:25:14,3713516167770647,重生之我是兔叽手,关注了主播,1232411,[等级2],
12:25:29,3267397396995480,用户1729776698353,关注了主播,1232411,[等级2],
12:26:11,171941314961592,讚,关注了主播,1232411,[等级18],
12:26:16,7517622249652028474,半仙,关注了主播,1232413,,
12:26:30,105193942301550,对方正在输入,关注了主播,1232412,[等级6],
12:26:39,104083233358,李dan,关注了主播,1232414,[等级17],
12:26:50,66428008672551,陳友乾,关注了主播,1232414,,
12:27:14,85521180356,夜伴摆渡人,关注了主播,1232409,[等级31],
12:27:19,105302493635,爱吃咸菜,关注了主播,1232418,[等级21],
12:27:31,99419306993,红牛,关注了主播,1232421,[等级11],
12:27:49,73803353580,伏特加,关注了主播,1232421,[等级21],
12:27:51,7471865459676267578,那片海.,关注了主播,1232422,,
12:27:58,1402630821385932,ᝰꪊ夜℘࿐ᩚ,关注了主播,1232422,[等级25],
12:28:10,808890586631835,有没有被你爱过,关注了主播,1232424,[等级11],
12:28:39,102035339877,远航,关注了主播,1232426,[等级1],
12:28:55,3538694206136781,格格不入,关注了主播,1232428,,
12:28:55,3538694206136781,格格不入,关注了主播,1232429,,
12:29:10,2532863686483271,조문룡,关注了主播,1232431,[等级15],
12:29:10,3714589186078532,铃,关注了主播,1232431,[等级4],
12:30:17,1464189020547987,洪桥,关注了主播,1232419,[等级12],
12:30:55,99593497735,SuperLucky,关注了主播,1232433,[等级16],
12:30:55,97046064607,L·六屿,关注了主播,1232434,[等级13],
12:30:58,95069475517,A'        好久不见、,关注了主播,1232434,[等级26],
12:31:11,66820208150,鵬,关注了主播,1232435,[等级23],
12:31:13,7642711139458417722,钢枪王,关注了主播,1232435,[等级1],
12:31:44,83627981779,好运,关注了主播,1232436,[等级10],
12:31:53,3528795472274020,咕噜,关注了主播,1232434,[等级20],
12:31:57,105015998504,等DE就是你,关注了主播,1232436,[等级4],
12:32:06,4476859419207390,༂🍓ꦿ晓᭄龍໊ོএꦿ᭄🌿,关注了主播,1232436,[等级19],
12:32:10,3888299871846072,嗯额,关注了主播,1232437,,
12:32:13,61188909845,爱的龙卷风,关注了主播,1232438,[等级26],
12:32:15,18207571558,骑馬上高速,关注了主播,1232439,[等级22],
12:32:19,98474259279,半糖加冰,关注了主播,1232439,[等级30],
12:32:27,3452085314790124,火山,关注了主播,1232440,[等级9],
12:32:32,97868927030,✨惜  缘✨,关注了主播,1232442,[等级30],
12:32:36,64668836371,侯爷,关注了主播,1232442,[等级20],
12:32:38,59108950107,西瓜没有紫,关注了主播,1232443,[等级9],
12:34:15,83269615413,@洋,关注了主播,1232446,[等级18],
12:34:20,3748683746640272,雾起.,关注了主播,1232446,,
12:35:01,4399565232159753,忧郁篱笆,关注了主播,1232448,[等级1],
12:35:17,71933121808924,林嘻嘻,关注了主播,1232451,[等级1],
12:35:29,4059030494649038,什么糕   -,关注了主播,1232451,[等级7],
12:35:31,103852017977,风随心动,关注了主播,1232452,[等级12],
12:35:43,51446873078,共和六月玫瑰·俏丹娜内衣(德洋广场店),关注了主播,1232452,[等级12],
12:35:45,719504455513100,可晨,关注了主播,1232454,[等级17],
12:35:53,96399891554,123456789,关注了主播,1232456,,
12:35:58,566993502080663,幼点小糕冷,关注了主播,1232456,,
12:37:00,226914695645920,用户5593964247908,关注了主播,1232457,,
12:37:08,63585574025,幽暗,关注了主播,1232458,[等级12],
12:37:11,2814346086592637,TE Fuir.,关注了主播,1232461,[等级3],
12:37:11,105267818903,沁主角,关注了主播,1232463,[等级4],
12:37:13,89814706462,青芒果的涩,关注了主播,1232463,[等级10],
12:37:13,93339347631,想吃米饭🍚,关注了主播,1232463,[等级9],
12:37:15,774521086548766,窩驜,关注了主播,1232465,,
12:37:16,64775022604,一只傻小健,关注了主播,1232465,[等级12],
12:37:23,1216510393063968,公子羽,关注了主播,1232468,,
12:37:25,74110178876,JZY-ya,关注了主播,1232467,[等级7],
12:37:28,4397642793358112,顺～,关注了主播,1232469,[等级13],
12:37:31,99607690290,AIR🔥🔥🔥,关注了主播,1232469,[等级2],
12:37:31,79731907118,国海生态大闸蟹🐘550,关注了主播,1232446,[等级19],
12:37:33,95165629329,୧⍤⃝🌸孩☞他爹♂️,关注了主播,1232473,[等级12],
12:37:36,2287405447060655,天地一沙鸥耶,关注了主播,1232473,[等级8],
12:37:40,98181258486,九哥,关注了主播,1232475,[等级24],
12:37:41,101653181750,无理取闹,关注了主播,1232476,[等级15],
12:37:42,98181258486,九哥,关注了主播,1232476,[等级24],
12:37:50,101099964652,槐沐,关注了主播,1232478,[等级15],
12:37:52,2179689150952528,双子座,关注了主播,1232478,,
12:37:53,88744644128,🐡,关注了主播,1232480,[等级3],
12:37:58,98211191545,蝌蚪也叫哥哥荡,关注了主播,1232480,[等级7],
12:38:04,70743516208,张毛毛,关注了主播,1232481,[等级12],
12:38:21,3782751468396639,，，，，，，,关注了主播,1232482,[等级30],
12:38:23,96059690726,可乐@,关注了主播,1232485,[等级14],[粉丝团 Lv4]
12:38:26,3664049034771085,猫🖕,关注了主播,1232487,,
12:38:33,7535302969354847292,————,关注了主播,1232487,,
12:38:35,908644421482860,张嘉文,关注了主播,1232487,,
12:38:37,93939830986,03‘,关注了主播,1232490,[等级24],
12:38:43,1055140834445598,胖胖你别胖,关注了主播,1232490,,
12:38:45,61269167456,🌈阿妹,关注了主播,1232492,[等级8],
12:38:53,61899580950,Nayo⁰⁹³²,关注了主播,1232492,[等级9],
12:38:53,92868142816,🌈妤妹💕tobye,关注了主播,1232492,[等级20],
12:38:58,1358632720016343,随心随意,关注了主播,1232495,,
12:39:08,74741620053,刘℘࿐,关注了主播,1232497,[等级14],
12:39:10,98787809787,958817141,关注了主播,1232499,[等级15],
12:39:11,91793327058,EA7 军军,关注了主播,1232501,[等级10],
12:39:20,70655318812,帅比吉吉,关注了主播,1232500,[等级16],
12:39:26,53507527479,嘟嘟🫐,关注了主播,1232503,[等级15],
12:39:28,106344300339,肉～肉,关注了主播,1232504,,
12:39:33,106677263924,CC灰太狼,关注了主播,1232505,[等级6],
12:39:35,97064757141,男发设计-子默,关注了主播,1232506,[等级3],
12:39:35,20416235025,唯清,关注了主播,1232506,[等级16],
12:39:37,328083239613003,捡到宝了,关注了主播,1232509,[等级24],
12:39:51,1846829556972383,洛书,关注了主播,1232509,[等级15],
12:39:54,93596988037,雅泽,关注了主播,1232511,[等级15],
12:40:00,96297863899,蛋黄酥,关注了主播,1232508,[等级13],
12:40:06,1323467229897963,大慈大悲,关注了主播,1232505,[等级23],
12:40:08,804439516780462,日常生活,关注了主播,1232512,[等级18],
12:40:13,92818339160,ㅤ🦧,关注了主播,1232514,[等级38],
12:40:37,63225815473,: ᭄自渡ོ自愈ꦿ້໌ᮨ࿐,关注了主播,1232512,[等级5],
12:40:48,3731093966821020,百里东君,关注了主播,1232514,,
12:40:59,97009071416,。,关注了主播,1232515,[等级26],[粉丝团 Lv1]
12:41:05,97210900334,Mr丶趙,关注了主播,1232515,[等级30],[粉丝团 Lv14]
12:41:12,86146365769,萱苏,关注了主播,1232519,[等级7],
12:41:43,385277739143737,风/,关注了主播,1232505,,
12:41:46,75758296514,卡洛儿水暖洁具厂,关注了主播,1232521,[等级17],
12:41:47,98600637340,X·Sep²⁵ Lib ✧°,关注了主播,1232524,[等级29],
12:41:48,3792682189858715,ღ☪沉默᭄,关注了主播,1232524,[等级1],
12:41:49,93048120748,MQ,关注了主播,1232525,,
12:41:51,4344885208432459,润初宁,关注了主播,1232526,[等级3],
12:41:53,100175168033,用户6674490222760,关注了主播,1232526,[等级16],
12:41:55,552370713145819,贰月寄长安,关注了主播,1232529,,
12:41:59,2203855500879291,╄→失呿の靑舂,关注了主播,1232529,[等级3],
12:42:03,94753513802,135531,关注了主播,1232533,[等级25],
12:42:05,94083610894,墨言笙歌,关注了主播,1232534,[等级21],
12:42:06,1969929266972589,Lotus,关注了主播,1232534,[等级27],
12:42:31,97096410043,走着,关注了主播,1232536,,
12:43:07,1910275027515595,丽哥づ,关注了主播,1232536,[等级2],
12:43:20,914405053963566,爹,关注了主播,1232537,,
12:43:28,1373719943982039,凯中迷粉,关注了主播,1232539,,
12:43:44,4035675250772787,凯里亚德小胖28单,关注了主播,1232539,[等级14],
12:44:01,3302580248132381,1997,关注了主播,1232541,,
12:44:25,108074971254,青絲浪---清哥,关注了主播,1232541,[等级23],
12:44:40,63857603024,jutihlmnvl,关注了主播,1232544,[等级23],
12:44:56,104057709784,迁就你一生,关注了主播,1232546,[等级6],
12:44:57,7510561482805265467,l8,关注了主播,1232549,,
12:44:58,103144777725,消遣,关注了主播,1232549,[等级24],
12:45:00,2142310047420653,SS,关注了主播,1232551,,
12:45:02,759133385001968,仙宇,关注了主播,1232551,,
12:45:15,50530787075,墨砚秋,关注了主播,1232552,[等级6],
12:45:30,84866221399,超人,关注了主播,1232555,[等级15],
12:45:33,3101097259960589,Fenami H,关注了主播,1232556,[等级34],
12:46:02,66603520081,三棵树仿石漆,关注了主播,1232555,[等级18],
12:46:19,4058988482673303,🚬一ᩚ笑ᩚღ而ꪡ꯭᭄ꪾ郭꧔ꦀ,关注了主播,1232555,[等级7],
12:46:29,105018082851,不痴迷,关注了主播,1232559,[等级17],
12:46:44,108234621666,沐沐超可爱🌞,关注了主播,1232556,[等级15],
12:47:00,97803524183,秋,关注了主播,1232559,[等级1],
12:47:13,53205021737,Drift。,关注了主播,1232560,[等级21],
12:47:14,95155800689,戒酒如戒你,关注了主播,1232562,[等级2],
12:47:26,1363846374895979,IC,关注了主播,1232562,[等级18],[粉丝团 Lv1]
12:47:32,7504637636524737594,小满,关注了主播,1232564,[等级2],
12:48:12,3007851620471303,Zz耀,关注了主播,1232565,[等级9],
12:48:12,64254622527,Grui,关注了主播,1232565,[等级21],
12:48:16,97424542585,口袋一根小香肠,关注了主播,1232567,[等级17],
12:48:16,2695653303520444,187****4654,关注了主播,1232567,[等级1],
12:48:39,3220936816602729,一休小和尚,关注了主播,1232569,,
12:49:30,1838011221019853,青柠站🍿,关注了主播,1232568,[等级5],
12:49:37,310514139537035,7s,关注了主播,1232570,[等级2],
12:49:57,1820387630390791,1585代,关注了主播,1232570,,
12:50:45,2130217095938208,栀子花,关注了主播,1232572,[等级7],
12:51:28,1807210123100382,辰阳,关注了主播,1232574,[等级21],
12:51:33,2911109768294716,ㅤㅤㅤㅤ ㅤ ㅤㅤㅤ,关注了主播,1232575,[等级29],
12:51:56,92734946405,Lalala,关注了主播,1232576,[等级14],
12:52:30,4299532085239532,财源卷闸门业批发零售,关注了主播,1232576,[等级7],
12:52:31,93343344992,我有一只小绵羊,关注了主播,1232577,[等级1],
12:53:08,4323708903890508,超级无敌爆炸倒霉蛋🍊,关注了主播,1232577,[等级21],
12:53:12,61564729203,嗯嗯,关注了主播,1232577,[等级30],
12:53:28,3400130159970847,怀影,关注了主播,1232580,[等级11],
12:54:08,470203163489128,归零…,关注了主播,1232580,,
12:54:37,97435205240,纪奕晨,关注了主播,1232580,[等级20],
12:54:44,4165368075524430,小段睡不醒,关注了主播,1232583,[等级15],[粉丝团 Lv1]
12:54:56,104852503902,軍临天下,关注了主播,1232583,[等级20],[粉丝团 Lv3]
12:55:03,81875463620,你听心口在说谎_5287,关注了主播,1232583,[等级21],
12:55:17,3625514438503179,面朝大海,关注了主播,1232585,[等级7],
12:55:46,53908942873,俐哥呀🧸ྀི,关注了主播,1232587,,
12:55:59,4385328635052279,oodzzz,关注了主播,1232589,[等级19],
12:56:15,62840475631,巴拉巴拉大魔王👿,关注了主播,1232589,[等级5],
12:56:32,101434912933,甜欣养发,关注了主播,1232589,[等级15],
12:58:23,93409723945,朽叶,关注了主播,1232581,[等级5],
12:58:27,102673749182,椿11,关注了主播,1232591,[等级16],
12:58:28,111171648492,史奕博,关注了主播,1232593,,
12:58:29,81949321859,他姓苏,关注了主播,1232592,[等级16],[粉丝团 Lv11]
12:58:51,1903973224184541,一乐外卖,关注了主播,1232593,[等级18],[粉丝团 Lv3]
12:58:58,2946319365182920,🌈不念过往🌈,关注了主播,1232598,[等级23],
12:59:24,422633726829359,烬余,关注了主播,1232597,[等级1],
12:59:24,71720712117,い阳,关注了主播,1232600,[等级32],
12:59:55,81835417500,AMG,关注了主播,1232599,[等级8],
13:00:00,96908656750,驹九,关注了主播,1232600,[等级17],
13:00:09,96146014536,H ^ ^,关注了主播,1232602,[等级8],
13:00:10,2895447234190944,不知不知,关注了主播,1232602,,
13:00:14,58647130086,__Nicole,关注了主播,1232603,[等级23],
13:00:29,967182473775128,青祁',关注了主播,1232604,[等级27],
13:00:36,3085652141546249,深情,关注了主播,1232606,[等级2],
13:00:54,111517795747,落.,关注了主播,1232606,[等级8],
13:01:10,4345733591347405,拌饭总比困难多(｡ì _ í｡),关注了主播,1232606,[等级16],
13:01:14,2465538311467751,中一次吧,关注了主播,1232610,,
13:01:16,2900971287489315,夏雨初晴（有关必回）,关注了主播,1232610,,
13:02:29,3296769687425948,妮妮呀,关注了主播,1232612,[等级2],
13:02:34,66581274069,跳跳糖,关注了主播,1232612,[等级5],
13:02:39,813267276802846,H,关注了主播,1232612,[等级25],[粉丝团 Lv5]
13:02:51,3747583400875959,Ban.Ban,关注了主播,1232615,[等级26],
13:03:18,93594788561,东北龙王,关注了主播,1232615,[等级4],
13:03:36,512797541153527,自有天意,关注了主播,1232618,,
13:04:06,96108690955,N°9,关注了主播,1232618,[等级19],
13:04:16,201913125584272,KAIROS,关注了主播,1232621,[等级11],[粉丝团 Lv6]
13:04:33,1475959545413338,罗密欧与猪刚鬣,关注了主播,1232621,,
13:04:38,1816849381075832,神明。,关注了主播,1232623,,
13:05:07,95100351135,@小赵,关注了主播,1232623,[等级17],
13:05:42,72913065358,～平平安安,关注了主播,1232622,[等级16],
13:05:50,3692625333072068,星与月,关注了主播,1232623,[等级11],
13:05:59,99852949647,让我眯会ba,关注了主播,1232623,[等级6],
13:06:21,4028208966542352,小胖墩,关注了主播,1232626,[等级7],[粉丝团 Lv1]
13:06:28,92356461315,今生无悔,关注了主播,1232626,[等级33],
13:06:58,92290697525,好事在发生,关注了主播,1232628,[等级3],
13:07:09,754704468152154,🐲龍腾四海🐉,关注了主播,1232628,[等级24],
13:07:10,4441660353157422,Re,关注了主播,1232629,,
13:07:30,103197447338,🌈木子李,关注了主播,1232629,[等级20],
13:07:44,881123114105627,雷欧奥特曼,关注了主播,1232630,[等级5],
13:08:19,3051848142423772,有奶茶吗来杯咖啡,关注了主播,1232633,[等级1],
13:08:22,3087040483691008,万物,关注了主播,1232633,,
13:09:01,1329764022894352,用户2167866464143,关注了主播,1232635,,
13:09:08,108588673930,宝宝姐,关注了主播,1232636,,
13:09:19,93570724943,ღ_ℒℴ ѵℯღ,关注了主播,1232638,[等级13],
13:09:27,2106272217308715,程卫东,关注了主播,1232638,[等级9],
13:09:33,1669485484323898,仙蒂爱漂亮（孕中期）,关注了主播,1232638,[等级2],
13:09:35,2352578896074440,Xuan_,关注了主播,1232639,[等级16],
13:09:37,104378484783,红茶,关注了主播,1232641,[等级30],
13:09:39,99925963205,ㅤ,关注了主播,1232642,[等级12],
13:09:41,99769084496,小张小张,关注了主播,1232645,[等级14],
13:09:42,104377624053,🫨,关注了主播,1232645,,
13:09:46,93514228258,逆,关注了主播,1232646,[等级4],
13:09:49,56921494711,哭耗子的猫,关注了主播,1232646,[等级12],
13:09:54,3460911054195915,🌈🌈华🎣🌈🌈,关注了主播,1232644,[等级14],
13:09:59,4059052730752893,AUV看乐子来啦,关注了主播,1232645,[等级6],
13:10:07,104478120635,TTAAOO,关注了主播,1232646,[等级3],
13:10:12,3173665465705556,花儿与老年,关注了主播,1232648,,
13:10:23,104973396761,黑皮💸,关注了主播,1232648,[等级13],
13:10:45,2631574257416136,烟雨飘荡,关注了主播,1232650,[等级35],
13:10:51,2551311142231584,九号🏀,关注了主播,1232652,[等级9],
13:10:52,782442347632547,在这儿,关注了主播,1232652,[等级12],
13:11:00,97731108141,零.,关注了主播,1232653,[等级15],
13:11:02,539229646757177,晴天下小雨,关注了主播,1232655,[等级14],
13:11:24,99722688181,。。。。！,关注了主播,1232655,[等级4],
13:11:29,928409178607320,蔡徐坤。,关注了主播,1232655,[等级11],
13:11:30,553788725278691,Yuan.,关注了主播,1232656,[等级12],
13:11:33,2766824095363326,。。。。。。。,关注了主播,1232658,[等级7],
13:12:18,4082956850434932,派大星🦑,关注了主播,1232658,,
13:12:42,2399593786251152,十一,关注了主播,1232660,[等级13],
13:13:51,4440287647903465,初相识,关注了主播,1232660,,
13:13:54,100110006802,R.,关注了主播,1232664,[等级7],
13:14:07,2013945046501768,青柯,关注了主播,1232665,[等级33],
13:14:19,59580389641,想的脑壳疼,关注了主播,1232665,[等级1],
13:14:23,3334180229357768,GT༺࿈十三࿈༻,关注了主播,1232666,[等级30],
13:14:24,3334180229357768,GT༺࿈十三࿈༻,关注了主播,1232667,[等级30],
13:14:52,106072425006,Tikei.,关注了主播,1232667,[等级6],
13:14:57,92479541405,M、,关注了主播,1232668,[等级10],
13:15:10,4138183378866308,十一一,关注了主播,1232669,[等级24],
13:15:21,1195875816180701,xyyyys0628,关注了主播,1232672,[等级7],
13:15:50,4503658512218701,逸,关注了主播,1232672,[等级43],
13:16:01,63234368092,🌈🐦路一直都在,关注了主播,1232673,[等级4],
13:16:18,2744023257720807,血染南国,关注了主播,1232675,[等级8],[粉丝团 Lv12]
13:16:20,53108390967,t,关注了主播,1232675,[等级37],
13:16:32,2654639054140954,猫猫不吃糖,关注了主播,1232675,[等级23],
13:16:53,2186254768684126,无边落木萧萧下,关注了主播,1232676,[等级23],
13:16:57,2440549937186472,RayyyKen丶,关注了主播,1232676,[等级2],
13:17:05,2720631847398956,痞性成瘾,关注了主播,1232676,,
13:17:06,98135886620,🌈抓不住你说de梦,关注了主播,1232678,[等级21],[粉丝团 Lv11]
13:17:07,1030706850965898,童童,关注了主播,1232678,,
13:17:11,1285779776080288,冬日恋歌,关注了主播,1232681,[等级12],
13:17:11,95924731959,￴ ￴￴,关注了主播,1232682,[等级27],
13:17:16,7631734594409595962,十一年,关注了主播,1232682,[等级1],
13:17:23,166755623787691,春晓友邦手机维修,关注了主播,1232683,[等级3],
13:18:02,915250165067437,🐇¹⁹₈₇杨名立万℘࿐,关注了主播,1232673,[等级25],
13:18:29,97450318286,Chloe.,关注了主播,1232684,[等级16],
13:18:35,2999064430654365,DD,关注了主播,1232684,[等级3],
13:18:37,104393867729,尐尗,关注了主播,1232687,[等级36],
13:18:38,51259817127,᭄无期༊,关注了主播,1232687,[等级48],
13:18:42,2112632381770971,珂珂,关注了主播,1232687,,
13:19:35,2783589289432189,成功晋级,关注了主播,1232688,,
13:20:03,4371252685061071,索,关注了主播,1232687,[等级10],
13:20:06,95399337224,叮铛i（和平精英）,关注了主播,1232690,[等级28],
13:20:12,103052283489,凛冬的海,关注了主播,1232690,[等级1],
13:20:16,98279140480,DD,关注了主播,1232691,[等级14],
13:20:55,61193287587,压力,关注了主播,1232692,[等级21],
13:21:04,4153328405843562,翠翠,关注了主播,1232694,[等级1],
13:21:19,1127444395339176,盘州市育才小吕老师,关注了主播,1232694,[等级1],
13:21:55,942700987169196,海螺音响,关注了主播,1232695,[等级2],
13:22:01,2944972031278442,用户233436059021,关注了主播,1232697,,
13:22:18,83777345804,壮壮,关注了主播,1232696,[等级10],
13:22:21,7620403788894241841,龙龙1,关注了主播,1232697,,
13:22:45,3317706521061033,用户9686498674198,关注了主播,1232697,,
13:22:53,66935267786,秋风落叶,关注了主播,1232701,[等级22],
13:23:32,30380840199789,小男孩一只,关注了主播,1232702,[等级8],
13:24:35,3029898985745515,用户3784235831484,关注了主播,1232702,[等级7],
13:24:35,3029898985745515,用户3784235831484,关注了主播,1232702,[等级7],
13:24:39,61977154224,据说。,关注了主播,1232703,[等级24],
13:24:46,98188700703,🐺斌斌,关注了主播,1232703,[等级17],
13:25:09,104365698415,💕᭄ꦿ烟味᭄ོ࿆🕊,关注了主播,1232705,[等级21],
13:25:39,141165844762368,宗介才三岁,关注了主播,1232707,[等级27],
13:26:35,3671964017769117,許伱yl世承諾,关注了主播,1232707,[等级7],
13:26:36,72410595066,家里有三只,关注了主播,1232708,[等级16],
13:26:48,100505434276,你脸红什么1,关注了主播,1232710,[等级21],
13:26:48,64963686265,皮皮超可爱,关注了主播,1232712,[等级7],
13:27:34,98303369023802,如果,关注了主播,1232712,,
13:27:43,1768495695804829,黑黑大哥,关注了主播,1232714,[等级11],
13:27:52,61937943312,🐮,关注了主播,1232715,[等级2],
13:28:04,7617747922164597817,半夏的自由,关注了主播,1232717,,
13:28:21,641734350477607,用户9506839004819,关注了主播,1232717,,
13:28:35,110087932994,不见,关注了主播,1232719,[等级29],
13:28:50,4464478463997351,ACL,关注了主播,1232721,[等级1],
13:29:33,101302396362,一生跟你走,关注了主播,1232722,[等级8],
13:30:16,3751973176745351,用户84818155110,关注了主播,1232722,,
13:30:45,4429270896609613,小师弟,关注了主播,1232722,,
13:30:45,4429270896609613,小师弟,关注了主播,1232722,,
13:30:48,110053771562,一天只饿三顿,关注了主播,1232722,[等级12],
13:30:52,1754451971682654,查呼理斯,关注了主播,1232724,[等级38],
13:30:57,104419512741,富甲天下,关注了主播,1232724,[等级1],
13:31:10,3820166692216607,幻月筏,关注了主播,1232727,,
13:31:31,7579837945034523706,西西,关注了主播,1232727,,
13:31:56,3283561034561411,跟女友蒙眼玩4i结果发现进来的假牛有温度,关注了主播,1232728,[等级14],
13:32:29,2700837995162813,荷风寄六笺✨,关注了主播,1232729,[等级1],
13:32:39,98147759850,Zia,关注了主播,1232731,[等级14],
13:33:24,66045325941,收米,关注了主播,1232733,[等级4],
13:33:57,103261450420,彭嘢丶,关注了主播,1232735,[等级11],
13:34:08,2889979055581495,高冷小公举,关注了主播,1232735,[等级17],
13:34:09,98051402361,$$,关注了主播,1232735,[等级6],
13:34:11,3174990087728334,丘比特的箭有头木有箭,关注了主播,1232740,[等级2],
13:34:20,96777140100,🌈❦ ꔷ 暖阳・c・ ⚜️,关注了主播,1232734,[等级4],
13:34:36,2903149553658205,巅峰不及疯癫,关注了主播,1232740,[等级11],
13:34:46,3025461148649784,风哲,关注了主播,1232741,[等级9],
13:35:14,68303445308,晴空万里～,关注了主播,1232742,[等级25],
13:35:42,1125553803629447,巴毛,关注了主播,1232734,[等级1],
13:35:47,1086753429790248,开心的小钊,关注了主播,1232744,[等级1],
13:37:00,3402316601637913,抬头享受雨滴,关注了主播,1232745,[等级6],
13:37:12,2686795113043774,Garfield,关注了主播,1232746,[等级8],
13:37:32,3595840098664953,清风作别,关注了主播,1232746,,
13:37:50,96942815286,❤丶I M ok,关注了主播,1232747,,
13:37:54,734107023980119,宇宙是无敌,关注了主播,1232748,[等级5],
13:38:00,3223399231136535,🥔🥔🥔,关注了主播,1232749,[等级12],
13:38:12,2695649171082491,清水,关注了主播,1232749,[等级3],
13:38:16,267910236871784,:Team a.,关注了主播,1232752,[等级8],
13:38:49,244536801236848,辉帅,关注了主播,1232751,[等级15],
13:40:40,100401120106,廖不起,关注了主播,1232749,[等级3],
13:41:00,2465525509144111,甜心🍬,关注了主播,1232750,[等级1],
13:41:17,7545348764816180284,冷冰冰的小奶狗,关注了主播,1232750,[等级11],
13:41:26,73566541315,岁月,关注了主播,1232750,[等级14],[粉丝团 Lv1]
13:42:01,73711522919,Laymanོ་,关注了主播,1232751,[等级16],
13:42:18,92553689430,那你怎么办,关注了主播,1232752,[等级12],
13:42:22,2330570195472423,AIJIA,关注了主播,1232754,[等级6],
13:42:29,180746159654445,鹿小闲,关注了主播,1232756,[等级21],
13:42:43,7591827854225425466,爱财爱己,关注了主播,1232756,[等级10],
13:43:05,67820843956,☞🇨🇳,关注了主播,1232757,[等级17],[粉丝团 Lv4]
13:43:11,97374559518,小海,关注了主播,1232757,[等级18],
13:43:16,578757188661584,妮1117,关注了主播,1232760,,
13:43:18,3219021031282400,3.,关注了主播,1232760,[等级9],
13:43:20,954014868969982,三哥,关注了主播,1232761,[等级11],
13:43:23,69662115896,安静、,关注了主播,1232763,[等级20],
13:43:25,441358513082778,段.,关注了主播,1232767,,
13:43:25,2308601691515016,“kⅈꫛᧁ”🇨🇳,关注了主播,1232766,[等级16],
13:43:32,2181885211190504,游戏人生,关注了主播,1232767,[等级14],
13:43:34,97114511018,喜欢坏女人,关注了主播,1232767,[等级8],
13:43:34,3496921360239467,上禧造型发型工作室官方号,关注了主播,1232767,[等级17],
13:43:41,100049627191,七宝奶,关注了主播,1232769,[等级6],
13:43:44,102125577259,华天,关注了主播,1232771,[等级23],
13:43:46,51117644230,抖霸在此,关注了主播,1232772,[等级1],
13:43:47,60613277389,.L,关注了主播,1232772,[等级8],
13:43:53,93234018615,w  w,关注了主播,1232775,[等级17],
13:44:07,96353944613364,自愈星球🌍的🐒,关注了主播,1232757,[等级6],
13:44:08,85811110195,上岸、,关注了主播,1232775,[等级27],
13:44:21,3853154173859757,落沝,关注了主播,1232776,[等级9],
13:44:23,98947683406,萬歲爺,关注了主播,1232781,[等级7],
13:44:24,61115942128,Biuuy,关注了主播,1232780,[等级15],
13:44:40,66073939724,风花雪夜,关注了主播,1232780,[等级11],
13:44:46,2458112573572606,小贺与小郭,关注了主播,1232781,[等级2],
13:45:06,86481396930,三只♛,关注了主播,1232782,[等级10],
13:45:09,74261289065,乐乐,关注了主播,1232783,[等级33],[粉丝团 Lv5]
13:45:10,1023003075814189,TongTong🍂,关注了主播,1232783,[等级8],
13:45:15,76103873500,༊各有千ꦿ꯭邱꧔ꦿ᭄,关注了主播,1232786,[等级16],
13:45:22,2915506773560980,潇洒打工仔,关注了主播,1232788,[等级34],
13:45:23,67924507443,lntano,关注了主播,1232789,[等级3],
13:45:25,99425207665,无归,关注了主播,1232789,[等级12],
13:45:38,1920206347439040,ж,关注了主播,1232789,[等级7],
13:45:42,101300717552,久遇,关注了主播,1232789,[等级9],
13:45:44,87285727914,⑨⑤②⑦,关注了主播,1232791,[等级10],[粉丝团 Lv6]
13:45:48,80679418475931,祎季序歌,关注了主播,1232791,[等级16],
13:45:49,7488496804401890364,幸运儿,关注了主播,1232793,,
13:45:56,97100374932,TWG.,关注了主播,1232793,[等级25],
13:46:02,104650917781,陈一鸣,关注了主播,1232797,,
13:46:12,4055420963662791,白露露不白,关注了主播,1232796,,
13:46:17,84692903473,喜乐翻倍ღ,关注了主播,1232790,[等级25],
13:46:18,68382899230,A-楠,关注了主播,1232798,,
13:46:21,88638181558,☞永不止步☜,关注了主播,1232801,[等级2],
13:47:11,95454562487,牧夜,关注了主播,1232801,[等级11],
13:47:27,61286508205,社会毒瘤🎆🎆🎆,关注了主播,1232801,[等级17],
13:47:37,2031541766325335,来场大雨,关注了主播,1232790,[等级10],
13:47:40,3746771859942144,Mr.无名,关注了主播,1232807,[等级9],
13:47:48,111378973786,登一千次山,关注了主播,1232809,[等级1],
13:49:05,18005988740151,黎明,关注了主播,1232809,[等级16],
13:49:16,2657940587939496,真神宝,关注了主播,1232811,,
13:50:12,1090364939713821,Guan先森.,关注了主播,1232813,[等级3],
13:50:28,76425404322,自我飞翔,关注了主播,1232813,[等级5],
13:50:37,97106933581,An,关注了主播,1232815,[等级12],
13:50:37,1137351541403211,66,关注了主播,1232815,[等级8],
13:51:01,75747578163,黄小姐、💜,关注了主播,1232817,[等级14],
13:51:34,2692070660909640,小巧,关注了主播,1232817,,
13:51:53,980384048755739,绝世的容颜,关注了主播,1232818,[等级5],
13:53:00,99256402647,〆  啊窦 ҉　,关注了主播,1232819,[等级9],
13:53:56,104946237523,星愿～,关注了主播,1232819,[等级1],
13:54:12,4459235098231582,w红军,关注了主播,1232819,[等级13],
13:54:20,3953484817772888,玖辞,关注了主播,1232823,[等级28],
13:54:34,96238939294,白衣-,关注了主播,1232822,[等级12],
13:56:01,91659328880,阿里嘎多沸羊羊桑,关注了主播,1232824,[等级14],
13:56:13,73862622754,城镇,关注了主播,1232824,[等级13],
13:56:23,95059202828,Z.,关注了主播,1232827,[等级15],
13:56:26,1095581408434558,把快乐买断,关注了主播,1232827,[等级11],
13:56:36,57479024670,LuLu,关注了主播,1232828,[等级12],
13:56:52,3395722631981613,吾,关注了主播,1232830,[等级21],
13:57:26,622763838806171,风遇止心安.,关注了主播,1232830,[等级7],
13:57:28,92487185290,水到渠成,关注了主播,1232832,[等级22],
13:57:40,163203555270685,用户6704124333029,关注了主播,1232833,[等级1],
13:57:50,93599491092,冷然冷语,关注了主播,1232833,[等级19],
13:58:13,2515276335168495,,关注了主播,1232834,[等级24],
13:58:35,7540278855878362169,✘Ｔi ✪ω✪ ｍi  ✘,关注了主播,1232834,[等级1],
13:58:36,1062588503038185,Tom南亭,关注了主播,1232836,[等级20],
13:58:45,3364944449383767,3..,关注了主播,1232836,[等级14],[粉丝团 Lv4]
14:00:03,3282472386181354,不讲道理,关注了主播,1232839,[等级14],
14:00:04,2461155587263956,开心快乐1号,关注了主播,1232839,[等级7],
14:00:15,99688141056,宇泽Toys,关注了主播,1232840,[等级11],
14:00:19,105969506720,Mr.特昂唐,关注了主播,1232840,[等级18],[粉丝团 Lv1]
14:01:35,641711865866248,执着宾,关注了主播,1232842,[等级6],
14:02:00,95617041806,Qqqqq,关注了主播,1232841,[等级10],
14:02:05,2825107394552387,生日快乐，万事可期,关注了主播,1232841,,
14:02:07,91683918607,鲨鱼大王🦈,关注了主播,1232844,[等级26],
14:02:22,105187624887,遇见。,关注了主播,1232843,[等级29],
14:02:30,2579882250612220,柒夜ぎ,关注了主播,1232845,[等级34],[粉丝团 Lv1]
14:04:33,94232034335,铺垫,关注了主播,1232843,[等级1],
14:04:52,99430345811,ಣ,关注了主播,1232844,[等级23],
14:05:05,95590394894,棉陶,关注了主播,1232846,[等级5],[粉丝团 Lv9]
14:05:07,4092804898762852,Chris,关注了主播,1232846,[等级29],
14:05:09,100037439559,成长,关注了主播,1232848,,
14:05:10,2101865407072509,✐九⑦,关注了主播,1232850,[等级38],
14:05:11,2253314021143594,樱桃大碗酱,关注了主播,1232853,[等级5],
14:05:11,74575259866,Zoe,关注了主播,1232853,[等级1],
14:05:13,93151390457,壹点都不特别,关注了主播,1232858,[等级10],
14:05:14,2578806740102488,下雪,关注了主播,1232859,[等级2],
14:05:15,107954048492,kK,关注了主播,1232863,[等级17],
14:05:15,62257890995,陈生,关注了主播,1232863,[等级7],
14:05:16,3641227802577662,祝嘉伟,关注了主播,1232867,[等级21],
14:05:18,78265795768,小脑腐🐯,关注了主播,1232867,,
14:05:20,110274754598,Q-Q,关注了主播,1232866,[等级6],
14:05:34,3305561642763385,芝士兔精,关注了主播,1232868,[等级21],
14:05:38,3367117307259268,无敌大汉,关注了主播,1232869,[等级14],[粉丝团 Lv1]
14:06:26,97526763801,芥末加糖,关注了主播,1232869,[等级13],
14:06:58,52925916547,柠檬水~,关注了主播,1232869,[等级7],
14:07:11,101563489251,𓀠。,关注了主播,1232871,[等级18],
14:07:27,102292940734,༺^_^༻,关注了主播,1232871,[等级13],
14:07:50,7402064002887975996,谎言,关注了主播,1232871,[等级4],
14:07:50,85775421450,维尼,关注了主播,1232871,[等级4],
14:08:28,96093923852,A💋,关注了主播,1232873,[等级16],
14:08:46,3378173669290600,小虎🐯,关注了主播,1232873,[等级11],
14:09:02,94041715101,阿俊ლ-,关注了主播,1232873,[等级17],
14:09:30,96203006207,余温,关注了主播,1232876,[等级11],
14:10:06,2790977518437020,妙脆三角,关注了主播,1232875,,
14:10:11,919605394832206,🥂拾玖,关注了主播,1232875,[等级2],
14:10:17,89200745770,橘子猫.,关注了主播,1232878,[等级10],
14:10:29,3933424304260089,亚文,关注了主播,1232878,[等级2],
14:10:33,908657650304955,米池小鸟mix4,关注了主播,1232880,[等级6],
14:10:52,3567293736691757,赢多多,关注了主播,1232881,,
14:11:47,3258587841304477,别感冒.,关注了主播,1232882,[等级2],
14:12:11,1212082114266809,冰烬,关注了主播,1232882,,
14:12:24,99718157175,@孤舟蓑笠翁,关注了主播,1232882,[等级29],
14:12:28,97328679540,💞楠舟载梦💞,关注了主播,1232884,[等级13],
14:12:48,61803163679,(๑><๑）,关注了主播,1232875,,
14:13:20,2508435954872601,用户930075249841,关注了主播,1232886,,
14:13:24,3452087465945368,美味小汉堡,关注了主播,1232886,[等级14],
14:14:16,2990295500987566,二毛,关注了主播,1232887,[等级16],
14:14:29,62917722449,你我都心存敬畏,关注了主播,1232888,[等级5],
14:14:30,908657650304955,米池小鸟mix4,关注了主播,1232889,[等级6],
14:14:39,99343264405,玲玲玲玲,关注了主播,1232889,[等级4],
14:15:07,59084954315,一株四季豆🍀,关注了主播,1232890,[等级3],
14:15:19,58965105201,竹青人靖,关注了主播,1232889,[等级21],
14:15:23,1284695220828760,贰麻,关注了主播,1232890,[等级27],
14:15:24,2087327424849619,不能再吃了,关注了主播,1232890,[等级10],
14:15:28,1481775363397083,@亭宇,关注了主播,1232894,[等级10],
14:15:31,3446303578663850,🍀   俗人·,关注了主播,1232896,[等级12],
14:15:32,2051044781603475,用户2515904187142,关注了主播,1232896,,
14:15:35,71443603027,月亮吖.🌙,关注了主播,1232897,[等级6],
14:15:42,104492778406,两手空空,关注了主播,1232899,[等级16],
14:15:43,1239856698375431,蒋兰兰,关注了主播,1232904,[等级5],
14:15:44,61316228355,埋...心...葬...己,关注了主播,1232904,[等级16],[粉丝团 Lv4]
14:15:46,64248339609,令诚,关注了主播,1232905,[等级8],
14:15:46,2502954517013656,潇,关注了主播,1232905,[等级5],
14:15:47,71517320971,🥚,关注了主播,1232911,[等级26],
14:15:49,67576956837,我套你猴子,关注了主播,1232899,[等级10],
14:15:50,61120300741,八九不离食,关注了主播,1232927,[等级4],
14:15:51,85859793093,爱吃菠萝,关注了主播,1232928,[等级2],
14:15:51,105166140907,安艺汐,关注了主播,1232929,[等级15],
14:15:53,100710506409,公主好困,关注了主播,1232938,[等级15],
14:15:53,101392495548,#%,关注了主播,1232938,,
14:15:53,21745163153,害呀！,关注了主播,1232943,[等级13],
14:15:54,7463784788517471292,越来☀越好,关注了主播,1232946,,
14:15:55,96871401361,阿宝.🐯,关注了主播,1232951,[等级30],
14:15:57,63067309420,wl,关注了主播,1232957,[等级9],
14:15:57,2674515141,释怀了吗,关注了主播,1232956,[等级29],
14:15:57,2972729941960372,晓山青,关注了主播,1232960,[等级12],
14:15:58,101444564854,ppp,关注了主播,1232967,[等级15],
14:15:59,2708850929577383,Fʀᴏᴍ ɴᴇᴡ,关注了主播,1232962,[等级3],
14:16:00,3095857893474368,o,关注了主播,1232972,[等级18],[粉丝团 Lv2]
14:16:01,3888337103094461,用户papa,关注了主播,1232975,[等级4],
14:16:05,598554440901480,梦醒*,关注了主播,1232976,[等级12],
14:16:07,2587590712372635,来一杯QQ乃乃好喝到咩噗茶,关注了主播,1232976,[等级9],
14:16:09,3000987039316768,“”,关注了主播,1232976,,
14:16:10,106769994235,嗯哼,关注了主播,1232977,[等级3],
14:16:11,97427652381,噤若寒蝉,关注了主播,1232978,[等级3],
14:16:12,106034832387,郭东辉,关注了主播,1232979,[等级5],
14:16:16,2951503714716445,嘿丶你的益达,关注了主播,1232979,[等级14],
14:16:17,1071384766461523,莫忘.,关注了主播,1232980,[等级37],
14:16:20,550168460799835,真的很困,关注了主播,1232983,[等级10],
14:16:21,60814383336,低温冰美式,关注了主播,1232983,[等级14],
14:16:27,85849481143,华老湿,关注了主播,1232983,[等级30],
14:16:36,68114112219,Smoking克里斯,关注了主播,1232985,[等级20],
14:16:39,3844336817290895,悲画扇,关注了主播,1232988,[等级8],
14:16:40,1900385828086840,快乐加载中,关注了主播,1232988,[等级21],
14:16:44,2860278923155227,用户2854477985597,关注了主播,1232988,,
14:16:49,69972422778,想开CLS-63的仔,关注了主播,1232990,[等级13],
14:16:54,1494954603461358,清茶,关注了主播,1232991,[等级10],
14:16:59,111633910796,max,关注了主播,1232992,[等级9],
14:16:59,1909167654971117,崩,关注了主播,1232992,[等级8],
14:17:01,932851271862043,秋风扫落叶,关注了主播,1232995,[等级11],
14:17:07,4037024673706815,飞云直尚,关注了主播,1232995,,
14:17:13,1742045986691004,云烟,关注了主播,1232995,[等级16],
14:17:17,3993042588271790,🌈岁岁平安,关注了主播,1232995,[等级28],[粉丝团 Lv4]
14:17:24,94707325512,13141922,关注了主播,1232996,[等级4],
14:17:32,4408398338866953,用户4379974753379,关注了主播,1232998,,
14:17:42,108053106286,暖阳,关注了主播,1232998,[等级15],
14:17:42,2640352276396090,我好懵批啊,关注了主播,1233001,[等级2],
14:17:48,96380983866,别掰我智齿🍃,关注了主播,1233004,[等级2],
14:17:50,83572244460,火焰🔥,关注了主播,1233004,[等级19],
14:17:51,7626965687463035953,💝媛,关注了主播,1233004,,
14:18:02,67963015397,难在续,关注了主播,1233005,[等级19],
14:18:08,93184019293,乂氼,关注了主播,1233007,[等级25],[粉丝团 Lv10]
14:18:22,3287978331347648,岸上的鱼,关注了主播,1233006,,
14:18:35,1231921517174520,打杂的张飞,关注了主播,1233006,[等级11],
14:18:44,106421162450,王老十,关注了主播,1233008,[等级11],
14:18:52,78050604544,晓旭,关注了主播,1233009,[等级13],
14:18:57,448207373471454,🌈氵,关注了主播,1233011,[等级2],
14:19:06,3024071753472075,柯驰,关注了主播,1233011,[等级3],
14:19:31,79961332063,🌈世俗𖠚ᐝ,关注了主播,1233012,[等级21],
14:19:35,59417285969,宇宙过客,关注了主播,1233013,[等级2],
14:19:37,103358665061,@初心伴风雨,关注了主播,1233013,[等级32],
14:19:47,73597688483,Let down,关注了主播,1233014,,
14:19:50,93579590128,无言.,关注了主播,1233016,[等级19],
14:19:53,59223904397,自然力量,关注了主播,1233019,[等级11],
14:19:54,1936677281477225,只为遇见对的爱,关注了主播,1233019,[等级20],
14:19:54,1543313504350840,龙背墙,关注了主播,1233019,[等级2],
14:19:56,2236882370432104,樱花哪有桂花香,关注了主播,1233020,[等级4],
14:19:56,101283901562,等等等等再等等,关注了主播,1233023,[等级10],
14:19:56,2236882370432104,樱花哪有桂花香,关注了主播,1233022,[等级4],
14:19:58,2236882370432104,樱花哪有桂花香,关注了主播,1233023,[等级4],
14:20:06,2167891187992328,余生…,关注了主播,1233022,[等级24],
14:20:07,2944917508458484,筱二妮,关注了主播,1233025,[等级10],
14:20:07,2392170401631917,休🌊,关注了主播,1233026,[等级9],
14:20:09,1260497259472617,大魔王,关注了主播,1233027,,
14:20:13,98168229674,L .,关注了主播,1233028,[等级10],
14:20:35,7570392339090555962,5个小青蛙,关注了主播,1233028,[等级6],
14:20:50,100808954499,wyg,关注了主播,1233030,[等级4],
14:20:54,4173374111351693,🌈好久不见。,关注了主播,1233031,[等级15],
14:20:55,91707833824,一颗石子,关注了主播,1233032,[等级2],
14:21:04,109014081214,এཽ心声,关注了主播,1233034,[等级35],[粉丝团 Lv7]
14:21:06,3018628460195107,气泡水,关注了主播,1233034,[等级2],
14:21:24,99846017559,①,关注了主播,1233035,[等级6],
14:21:35,58502533050,泽宇,关注了主播,1233035,[等级19],
14:21:49,1867393147360183,难付,关注了主播,1233037,,
14:21:52,101688682316,用户9454746371653,关注了主播,1233039,[等级2],
14:22:06,88113344176,bubble,关注了主播,1233039,[等级12],
14:22:08,3813549443646094,0.2,关注了主播,1233039,[等级16],
14:22:12,2663478716018314,哎吆,关注了主播,1233041,,
14:22:53,2763499316457980,霖,关注了主播,1233043,,
14:23:02,3543059870791356,香菜是Winne,关注了主播,1233043,,
14:23:04,3065905797404062,butter bear,关注了主播,1233044,[等级9],
14:23:06,56031217519,又何必难过,关注了主播,1233045,[等级32],
14:23:07,3312209083761518,鸡蛋🥚🥚,关注了主播,1233047,[等级12],
14:23:16,4230534455629219,芒果味的芒果,关注了主播,1233047,[等级10],
14:23:18,95747268747,现哥,关注了主播,1233048,[等级7],
14:23:22,7470674646,魏某某某某某某,关注了主播,1233050,[等级10],
14:23:27,1947990442903095,清心,关注了主播,1233054,[等级26],
14:23:29,3289374287998301,你好时尚 文桀,关注了主播,1233054,[等级3],
14:23:35,2977920206781438,🌈✨达不溜^_^,关注了主播,1233054,[等级21],
14:23:57,1338584469079804,哀家要三宫六院七十二男妃,关注了主播,1233056,[等级20],
14:24:05,70972451072,👤🇳 🇦 風生水起,关注了主播,1233057,[等级28],[粉丝团 Lv10]
14:24:09,1033174858865783,散。,关注了主播,1233059,[等级34],[粉丝团 Lv10]
14:24:14,4226964623724238,H……,关注了主播,1233061,[等级5],[粉丝团 Lv3]
14:24:16,1173903380329763,zhanglianglovelili,关注了主播,1233061,[等级13],
14:24:20,1038361287730411,与秋赴约,关注了主播,1233062,[等级15],
14:24:25,2537304176213731,Find,关注了主播,1233067,[等级5],
14:24:30,2395209019949636,CR7,关注了主播,1233068,[等级16],
14:24:32,63257764344,Dicky,关注了主播,1233070,[等级16],
14:24:34,1028764123537933,给谁打电话,关注了主播,1233071,[等级17],
14:24:38,101479588973,忠芬投备戴酷,关注了主播,1233071,[等级14],
14:24:39,110721480929,。XU,关注了主播,1233071,[等级3],
14:24:41,4459211324926328,Dir,关注了主播,1233072,,
14:24:42,95315063213,睡个懒觉,关注了主播,1233074,[等级7],
14:24:43,99243010094,吃啥,关注了主播,1233074,[等级6],
14:24:44,2396582058668140,阿川,关注了主播,1233075,[等级3],
14:24:47,3447695962284039,今天的事明天弄,关注了主播,1233077,,
14:24:56,111021302658,夜曦,关注了主播,1233069,[等级20],
14:25:13,3705814328547700,你这是在危险的边缘试探吗？,关注了主播,1233063,[等级4],
14:25:14,4212923734436171,甜筒,关注了主播,1233066,[等级7],
14:26:16,520538795287716,查行,关注了主播,1233076,[等级3],
14:26:22,92694045450,赵赵赵！,关注了主播,1233063,[等级6],
14:27:40,82242725711,你们都下班了吗,关注了主播,1233063,[等级20],
14:27:51,4074162578793131,糊涂蛋,关注了主播,1233063,[等级8],
14:28:32,74567391098,皱纸函yu,关注了主播,1233063,[等级7],
14:29:47,801959967733783,用户9686447718627,关注了主播,1233065,,
14:29:54,640384565522148,佳哥！,关注了主播,1233066,[等级14],
14:29:55,1268153861543927,林林！,关注了主播,1233068,,
14:29:56,2661252847910800,峰。,关注了主播,1233069,[等级11],
14:30:15,102054616721,静等🌸开,关注了主播,1233070,[等级7],
14:30:17,102054616721,静等🌸开,关注了主播,1233070,[等级7],
14:30:33,725308674409372,哈哈还,关注了主播,1233071,[等级1],
14:31:33,101560743638,山山而川-,关注了主播,1233071,[等级24],
14:32:41,1983130510304844,我的风华绝代,关注了主播,1233071,[等级10],
14:32:42,95939475902,鬼见愁,关注了主播,1233072,[等级3],
14:32:50,110579527888,轩邈,关注了主播,1233073,[等级7],
14:33:15,7641581890563261477,小斗,关注了主播,1233075,[等级5],
14:33:37,96782999301,四姐手工折纸,关注了主播,1233074,[等级15],
14:33:49,94366421591,老司机,关注了主播,1233071,,
14:34:08,100382896811,小利利,关注了主播,1233076,[等级10],
14:34:35,1153808537762032,永远的永1,关注了主播,1233078,[等级2],
14:34:40,61654505767,巴兹防弹咖啡 (欣欣努力版）,关注了主播,1233079,[等级3],
14:34:43,62090086119,.。.。.。,关注了主播,1233079,[等级17],
14:35:09,4079622078886092,a,关注了主播,1233082,,
14:35:30,3021052633683848,且行且安,关注了主播,1233084,[等级2],
14:36:17,4494427470968062,蜗牛也是牛,关注了主播,1233084,[等级6],
14:37:02,1055155320526487,Damon3,关注了主播,1233075,[等级5],
14:37:16,2880373034586237,足⚽,关注了主播,1233086,[等级11],
14:37:20,7583996193768948785,月亮wan,关注了主播,1233087,[等级10],
14:37:28,1772007254921575,苏瑾,关注了主播,1233085,[等级9],
14:37:32,1754415538905768,3个...,关注了主播,1233088,[等级9],
14:37:56,98582026226,余味,关注了主播,1233088,[等级4],
14:38:29,104292612043,虎子,关注了主播,1233088,[等级23],
14:38:40,105442245939,终身美丽,关注了主播,1233091,[等级10],
14:39:01,54626548872,土牛,关注了主播,1233093,[等级3],
14:39:21,7570610923200201765,有趣的魂摆26正,关注了主播,1233093,[等级11],
14:39:22,2506479730166856,王七七,关注了主播,1233095,[等级9],
14:39:26,2698673678977849,雅栀𝑺.ᐟ𝒑𝗮☁︎,关注了主播,1233095,[等级1],
14:39:33,95856854105,27_,关注了主播,1233095,[等级34],
14:39:34,95856854105,27_,关注了主播,1233097,[等级34],
14:39:55,4073026384313095,悠闲的波哥,关注了主播,1233098,[等级25],
14:40:04,3466136944909336,安稳,关注了主播,1233098,[等级2],
14:41:02,4234924310407720,夏未凉,关注了主播,1233098,[等级2],
14:41:29,1091194398997678,熬夜小猫,关注了主播,1233100,[等级11],
14:41:36,62429815843,哎哟小柯爱,关注了主播,1233102,[等级7],
14:41:36,1203294379974804,澈,关注了主播,1233102,[等级18],
14:42:04,60556499260,尕丶多多,关注了主播,1233101,[等级20],
14:44:13,82559514925,🍪饼᳐干碎一地೨,关注了主播,1233100,[等级16],
14:44:21,7424879649447461946,呼噜,关注了主播,1233103,,
14:44:37,62969415268,虚幻猫,关注了主播,1233103,[等级8],
14:45:59,1827866002590995,饮茶🍵,关注了主播,1233104,,
14:46:10,79951377547,•Z•,关注了主播,1233105,[等级2],
14:46:28,2997689446571827,我是你亮哥,关注了主播,1233104,[等级5],
14:47:45,105019494986,小悍妇,关注了主播,1233104,[等级34],[粉丝团 Lv1]
14:47:50,2837216938175927,^O^糖糖^O^猫🐱,关注了主播,1233103,[等级6],
14:47:51,4065319430392953,Zero.,关注了主播,1233108,,
14:47:55,4485614923168839,枫声喝栗,关注了主播,1233107,[等级5],
14:47:58,3645628301717115,若安,关注了主播,1233108,[等级15],
14:48:34,97063064389,Yk,关注了主播,1233109,[等级15],[粉丝团 Lv9]
14:48:40,2861381970040219,With you in my eyes.,关注了主播,1233110,[等级37],
14:49:02,111621868315,请叫我10后,关注了主播,1233112,[等级10],
14:49:04,111621868315,请叫我10后,关注了主播,1233113,[等级10],
14:49:05,15440468117,八月云开,关注了主播,1233113,[等级12],
14:49:06,69902481415,🙊养猪去了,关注了主播,1233113,[等级11],
14:49:23,7586001080401839162,inyvrza,关注了主播,1233113,,
14:49:33,3663210854491860,用户57839271,关注了主播,1233116,,
14:50:12,3352859060213033,欧普照明西沣路大明宫灯光设计,关注了主播,1233116,,
14:51:03,2324792948570664,搅碎一湖月.,关注了主播,1233116,,
14:51:52,4299519764725770,国外赢了10块,关注了主播,1233116,[等级7],
14:52:56,1697298869922128,饿不胖,关注了主播,1233118,[等级9],
14:52:56,3526824597134167,李子、,关注了主播,1233120,[等级6],
14:53:38,4309687088448174,快乐老高,关注了主播,1233120,[等级11],
14:53:44,65580077432316,小姚爱吃鱼🐟,关注了主播,1233120,[等级15],
14:53:59,97645573188,小星🌟,关注了主播,1233123,[等级8],
14:54:14,72678818562,男澡堂的女搓澡师,关注了主播,1233123,[等级37],
14:54:15,1755257563777067,凌晨去看海,关注了主播,1233126,[等级13],
14:54:16,2597510199391529,椿池v,关注了主播,1233126,[等级11],
14:54:36,79715232208,江小白,关注了主播,1233126,[等级15],
14:54:57,1040584452356432,kk_7,关注了主播,1233126,,
14:55:01,1099142982804776,想要粉丝即兴人,关注了主播,1233130,[等级3],
14:55:54,76073667629,甩甩,关注了主播,1233128,[等级6],
14:56:07,7431096911418295355,学习雷锋,关注了主播,1233128,[等级2],
14:56:33,92483218703,🚬,关注了主播,1233128,,
14:56:38,93883775573,NO.1,关注了主播,1233128,[等级5],
14:56:40,1961184827290336,拉勾不说谎,关注了主播,1233131,[等级9],
