time,user_id,user_name,action,follow_count,grade,fans_club
21:02:41,104944124726,吉林《小宁》,关注了主播,1211711,[等级17],[粉丝团 Lv4]
21:02:59,65885052114,看透不说透,关注了主播,1211712,[等级11],[粉丝团 Lv2]
21:04:05,75632709813,鸡,关注了主播,1211713,[等级6],
21:04:09,3318798960045972,枫,关注了主播,1211714,,
21:04:14,342648954038303,是 阿信🤖,关注了主播,1211715,[等级12],
21:04:17,7455299958842573884,生椰拿铁☕️,关注了主播,1211715,[等级3],
21:04:21,69816048134,漫漫,关注了主播,1211716,[等级27],
21:06:10,2546060780649452,名字不好取,关注了主播,1211716,[等级5],
21:06:46,83157496610,H·๑e౪ᩚ,关注了主播,1211721,[等级13],
21:08:07,2217042465003886,²⁰²⁴Newlife,关注了主播,1211721,[等级18],
21:08:09,109937395119,林,关注了主播,1211722,[等级3],
21:09:31,75968518641,谁,关注了主播,1211723,[等级25],[粉丝团 Lv4]
21:10:20,60506804513,🎈Wangᴗᰔᩚ,关注了主播,1211721,[等级5],[粉丝团 Lv1]
21:11:22,2052139611340364,阿苏勒,关注了主播,1211724,[等级30],
21:12:07,2686835333807405,用户946886496,关注了主播,1211726,[等级3],
21:13:12,283011496552091,对方正在输入…,关注了主播,1211726,,
21:13:51,97481555624,魔力城堡,关注了主播,1211726,[等级11],
21:14:09,94758759264,赢嵛,关注了主播,1211727,[等级23],[粉丝团 Lv10]
21:14:21,98586302965,沉静在黑夜中,关注了主播,1211730,[等级11],
21:16:16,2282224872334494,晚柠,关注了主播,1211727,[等级3],
21:17:15,3162625661482845,哇哈哈哈哈,关注了主播,1211728,,
21:17:30,446878771323532,嗳仔≡ω≡杭雅,关注了主播,1211726,[等级1],
21:18:43,18873556009,陈大帅,关注了主播,1211728,[等级9],[粉丝团 Lv1]
21:19:29,166764192996408,koi…,关注了主播,1211728,[等级6],
21:20:05,60102037494,🐟锦鲤小仙仙🐟,关注了主播,1211728,[等级17],
21:20:09,3696998778681344,小星,关注了主播,1211729,,
21:20:38,96898369878,。。！？,关注了主播,1211733,[等级2],
21:20:49,59076467531,俗世iu,关注了主播,1211734,[等级1],
21:21:39,106658279529,易枫,关注了主播,1211734,[等级25],[粉丝团 Lv10]
21:22:15,1242922111741674,ㅤㅤㅤ   ㅤㅤㅤ,关注了主播,1211735,,
21:22:57,7460780732916319290,康仔,关注了主播,1211735,,
21:23:11,712137185704029,炸鸡,关注了主播,1211735,[等级13],
21:23:49,102987000696,叮叮佳🧚🏻‍♀️,关注了主播,1211736,[等级8],
21:24:12,145601554549479,小阳不是小烊,关注了主播,1211734,,
21:24:46,2902337822656752,九幽👿👻👽,关注了主播,1211737,[等级36],
21:25:19,107767140512,丹妮妮妮呀～🌈,关注了主播,1211738,[等级3],
21:25:28,101990682622,W15,关注了主播,1211738,[等级10],
21:26:13,66918026465,阿嗯阿嗯阿,关注了主播,1211739,[等级5],
21:26:23,1924620699310148,用户6953313337804,关注了主播,1211739,,
21:26:37,69797230095,戴希善,关注了主播,1211741,,
21:27:02,51212534006,Book,关注了主播,1211741,[等级21],
21:28:07,51008864009465,阿飞,关注了主播,1211743,[等级2],
21:28:50,111428216309,三生有幸,关注了主播,1211743,[等级6],
21:29:18,60606102009,孙慢慢,关注了主播,1211743,[等级40],
21:29:38,96822817938,丿簡丶單,关注了主播,1211743,,
21:29:45,97137894718,人间正道,关注了主播,1211747,,
21:30:06,1051560453088583,ಡ自渡ω自愈ಡ,关注了主播,1211747,[等级26],
21:30:44,747307305274360,盼TvT,关注了主播,1211753,,
21:31:25,2858343512678979,丘壑,关注了主播,1211755,[等级9],
21:31:28,73968115056,1,关注了主播,1211755,[等级25],
21:31:49,538119358658025,幸福一生,关注了主播,1211757,,
21:31:51,61044399914,锦掌门｜南京江宁 ❤️婷婷|美业,关注了主播,1211758,[等级20],[粉丝团 Lv2]
21:32:16,2858343512678979,丘壑,关注了主播,1211756,[等级9],[粉丝团 Lv1]
21:32:53,100481862060,敌敌畏,关注了主播,1211755,[等级21],
21:33:16,2049902002850573,伟,关注了主播,1211757,,
21:33:18,1275030813020887,水瓶·新,关注了主播,1211758,[等级39],
21:33:45,108003028888,回忆的沙漏,关注了主播,1211759,,
21:34:30,2251403650413949,甩小敏,关注了主播,1211755,[等级11],
21:34:40,92811102334,吃猫的鱼,关注了主播,1211762,[等级2],
21:34:46,95806709165,AD钙奶,关注了主播,1211762,,
21:34:58,1047195788786173,薛炎宇,关注了主播,1211763,[等级22],
21:35:15,1558477841639228,云边信使,关注了主播,1211764,,
21:35:18,17017143034,陌顾北,关注了主播,1211765,[等级29],
21:35:22,103456543600,缘起,关注了主播,1211767,[等级1],
21:35:30,2670091508647560,红民,关注了主播,1211767,,
21:35:42,72193412384,醒在深海里的猫🐱,关注了主播,1211769,[等级2],
21:35:49,1790444368835032,贺布烦,关注了主播,1211769,[等级18],
21:35:51,73559055499,顶峰࿆ྃ  @相见࿐,关注了主播,1211769,[等级1],
21:35:51,1602431099079900,失去,关注了主播,1211772,,
21:35:56,3584837355571037,友,关注了主播,1211772,,
21:36:50,36760235281683,尘陌,关注了主播,1211764,[等级2],[粉丝团 Lv3]
21:37:02,71628500148,ゞ过客╰→,关注了主播,1211775,[等级14],
21:37:17,59382163940,然,关注了主播,1211775,[等级14],
21:38:11,329448934874851,大意,关注了主播,1211764,[等级21],
21:39:27,726144806554968,心@情,关注了主播,1211779,[等级16],
21:40:07,2455639321745824,小小青稞,关注了主播,1211782,[等级2],
21:40:14,2674479104270812,用户1530584229282,关注了主播,1211782,,
21:43:13,78466173316,王蜀黍,关注了主播,1211782,[等级1],
21:43:51,2359981435797379,人间看客,关注了主播,1211783,[等级2],
21:44:51,105614299326,潵z悾尐誋憶,关注了主播,1211787,[等级15],[粉丝团 Lv11]
21:45:31,62823704564,雪儿🎀,关注了主播,1211787,[等级19],
21:46:06,2528515193584664,Ruthless,关注了主播,1211788,[等级15],
21:46:25,1559119004039,长痛不如短痛,关注了主播,1211788,,
21:46:28,100166938173,茶*,关注了主播,1211789,[等级32],
21:46:44,70651993372,溪,关注了主播,1211791,[等级5],
21:47:35,70468419690,晚梦🍀,关注了主播,1211791,[等级8],
21:49:40,60751998657,光伏项目投资,关注了主播,1211787,[等级1],
21:50:00,93164344461,别冒老坛,关注了主播,1211788,[等级10],
21:50:04,2265434744426636,向杰,关注了主播,1211790,[等级21],[粉丝团 Lv6]
21:51:28,53538557894,🍭冰言冰语,关注了主播,1211788,[等级21],
21:52:33,2430345081531444,XDM.,关注了主播,1211789,,
21:52:52,65787657698,石头,关注了主播,1211788,[等级22],
21:52:57,91575178871,时间的尘埃,关注了主播,1211788,[等级11],
21:53:19,76482832026,历史奇闻,关注了主播,1211789,[等级1],
21:54:30,4195340479372136,尹辻弌ᩚ💞࿐,关注了主播,1211789,,
21:54:43,1711262134961134,✍公道在人心，做人别贪心🇨🇳🇨🇳🇨🇳,关注了主播,1211789,,
21:55:03,97744282396,@王,关注了主播,1211791,[等级18],
21:55:07,111505266802,听风看月123,关注了主播,1211791,[等级12],
21:55:47,46637127833084,为拯救你而来,关注了主播,1211792,,
21:56:37,1453991128732624,彦祖,关注了主播,1211792,,
21:58:23,3581531828283552,八宝粥1,关注了主播,1211795,,
21:58:38,52418740233534,无方,关注了主播,1211792,,
21:58:44,765685846511965,8.12,关注了主播,1211798,[等级5],
21:58:52,4381991116735724,@Chovy,关注了主播,1211799,[等级5],
21:59:13,96815272282,小布丁他爸,关注了主播,1211800,[等级3],
21:59:44,1283847107650830,科技,关注了主播,1211802,[等级11],
22:00:27,78703856717,石中,关注了主播,1211802,[等级6],
22:00:42,1810235311261097,雾,关注了主播,1211802,,
22:01:41,54587139307,老刘食量大如牛,关注了主播,1211803,[等级11],
22:01:59,99294924849,사랑해 、,关注了主播,1211804,[等级11],
22:02:16,82907977259,再见,关注了主播,1211803,[等级26],
22:03:09,104742263344,Linvng,关注了主播,1211803,[等级5],[粉丝团 Lv1]
22:03:47,82608333441,赵祥,关注了主播,1211806,[等级5],
22:04:01,2739581082156024,时间占线,关注了主播,1211807,[等级1],
22:04:43,152155963537956,单字与,关注了主播,1211806,,
22:05:28,3109032674730963,朵朵花在等你回来,关注了主播,1211806,[等级6],
22:05:29,1063936697317667,赴秋安,关注了主播,1211807,[等级10],
22:05:36,108050488052,我狠懒,关注了主播,1211807,,
22:06:49,1046378021914119,Nancy🏂🏻,关注了主播,1211806,[等级27],
22:06:49,72994652377,摆渡人,关注了主播,1211808,[等级16],
22:06:54,4186539397746093,鴻禹飛,关注了主播,1211808,,
22:07:04,1858588210633400,凯迪之家,关注了主播,1211808,[等级15],
22:07:22,93468979961,Abiubiu,关注了主播,1211811,[等级2],
22:07:32,937242712606179,MIN,关注了主播,1211813,[等级16],
22:07:41,3162651161272955,miky🐾,关注了主播,1211813,[等级20],
22:07:41,96309553316,终结者,关注了主播,1211813,[等级5],
22:07:44,60638986522,💞࿐ღ 从不困于女士 💞࿐,关注了主播,1211815,[等级4],
22:07:49,64676776387,☞旧言虐心💔☜,关注了主播,1211815,[等级15],
22:07:54,105004954628,飞毯,关注了主播,1211815,[等级8],
22:07:56,58801861747,权限,关注了主播,1211816,[等级14],
22:08:08,1849858468101896,晚风🍁,关注了主播,1211816,[等级2],
22:08:56,3333318748675816,别期待,关注了主播,1211818,[等级14],
22:08:57,111360885854,Len,关注了主播,1211818,[等级31],
22:09:02,1484768521764067,"9,",关注了主播,1211819,[等级17],
22:09:04,3140628495207183,🎫 🎖️ 🏅闹闹哥哥,关注了主播,1211821,[等级21],
22:09:33,90601371207005,🐯 9 🐯,关注了主播,1211820,[等级25],
22:09:41,4406477877155667,森,关注了主播,1211821,[等级1],
22:09:44,3819026927860087,搁浅的鱼！！,关注了主播,1211824,[等级20],
22:09:48,2097486671134267,她是我的你别碰@,关注了主播,1211827,[等级24],
22:09:48,102939309957,爱你❤️,关注了主播,1211827,[等级17],
22:09:50,3151649521546221,果果,关注了主播,1211831,,
22:09:50,25973518268,一亿达不刘,关注了主播,1211831,[等级8],[粉丝团 Lv2]
22:09:52,111372578021,JeffF.,关注了主播,1211830,[等级15],[粉丝团 Lv1]
22:09:54,75860402018,゛_______Yu,关注了主播,1211830,[等级2],
22:10:51,108118479867,话不多说，直接找小刘,关注了主播,1211830,[等级17],
22:11:06,4432883348409063,茄子小蓝,关注了主播,1211831,[等级16],
22:12:36,2305002941459310,一只鱼☜,关注了主播,1211832,[等级21],[粉丝团 Lv10]
22:12:36,2305002941459310,一只鱼☜,关注了主播,1211832,[等级21],[粉丝团 Lv10]
22:13:20,81479013784,6866,关注了主播,1211833,[等级9],
22:13:36,69612053701,牛逼又活了一天,关注了主播,1211833,[等级11],
22:13:53,3951016761912560,静心聆听世界,关注了主播,1211834,,
22:13:59,97976850849,初初,关注了主播,1211834,,
22:14:15,83594111925,小神仙🤴🏻,关注了主播,1211835,[等级32],[粉丝团 Lv11]
22:15:29,4164606178102589,不装饰你的梦,关注了主播,1211833,,
22:16:15,83591433649,大王同学🐻,关注了主播,1211837,[等级12],
22:16:18,896826106973853,晚睡小猫。🐱,关注了主播,1211837,,
22:16:48,63613279842,酒酒。,关注了主播,1211839,[等级6],
22:17:23,373471792601539,吾心亦殇,关注了主播,1211839,[等级1],
22:18:03,3001027778062588,辻辷,关注了主播,1211840,,
22:19:11,1709116514641357,用户2174607585563,关注了主播,1211841,,
22:19:56,102003787699,港湾,关注了主播,1211844,[等级21],
22:21:02,3208854117830377,吃糖💙,关注了主播,1211844,[等级21],
22:21:14,606554616498679,寂寞的人,关注了主播,1211844,,
22:22:32,803095190449680,Seven7,关注了主播,1211844,,
22:23:12,100222315970,卧轨,关注了主播,1211846,[等级13],
22:23:14,1401250211430441,隔壁老张,关注了主播,1211846,[等级10],
22:24:02,68108336845,心中刻着八和一,关注了主播,1211847,[等级20],
22:24:23,59223620907,V.,关注了主播,1211847,[等级17],
22:24:25,67079537006,十一粑粑,关注了主播,1211848,[等级14],
22:24:28,2352605266969591,惜辰,关注了主播,1211850,[等级14],
22:24:36,103209854147,与晚风同行,关注了主播,1211850,,
22:25:22,1544132196307236,小龙,关注了主播,1211850,,
22:25:33,96248146541,快乐的北辰✨,关注了主播,1211853,[等级11],
22:26:38,2875956621214208,八方聚运,关注了主播,1211852,[等级2],
22:26:57,101762916531,邵全,关注了主播,1211853,,
22:26:58,2761579700160568,拾月🫧,关注了主播,1211856,[等级18],[粉丝团 Lv3]
22:26:58,58657400808,会飞的胖头鱼,关注了主播,1211856,[等级27],
22:27:15,76180346817,笑对人生.,关注了主播,1211855,[等级19],
22:28:11,3247327384449850,澜,关注了主播,1211857,[等级4],
22:28:36,2911124596464542,无聊,关注了主播,1211856,[等级1],
22:28:42,3325393219886718,A级卷帘门,关注了主播,1211857,[等级9],
22:29:46,423725259301705,忘忧草🐟,关注了主播,1211859,,
22:30:14,102061314943,嘶,关注了主播,1211859,[等级9],
22:30:15,93343924883,@@,关注了主播,1211861,,
22:30:25,2719517385173114,陆泽川,关注了主播,1211863,,
22:31:04,2307226402034484,oo哦oo,关注了主播,1211863,,
22:31:36,602980038753143,叾屾,关注了主播,1211867,[等级1],
22:32:53,95986767786,🌈车大炮,关注了主播,1211867,[等级14],
22:33:40,90094162699,六个6,关注了主播,1211866,[等级8],
22:34:01,980396066480381,小九儿,关注了主播,1211866,[等级22],
22:34:04,4427098577449562,三角形,关注了主播,1211869,,
22:34:22,110259675228,阿拉丁神灯Q,关注了主播,1211870,[等级17],
22:34:32,2338002922908707,小福猪❤️,关注了主播,1211870,[等级12],
22:35:27,98480847017,“周日见”💕,关注了主播,1211870,[等级3],
22:36:26,102907141472,干中学,关注了主播,1211872,[等级3],
22:37:08,102263760366,Kingman,关注了主播,1211872,[等级1],
22:37:32,69554039545,瑶颉相随💕🫐,关注了主播,1211873,[等级10],
22:38:28,4232475899078903,帅逼666,关注了主播,1211873,,
22:38:33,65086833221,1 ᅟᅠ,关注了主播,1211873,[等级5],
22:38:41,2766793470911229,wsGoO,关注了主播,1211875,[等级4],
22:39:33,2962555391185916,独来独往,关注了主播,1211872,[等级16],
22:41:16,60455165646,铁甲小宝丶,关注了主播,1211872,[等级20],
22:42:00,3494675790175764,沉默的小贼,关注了主播,1211875,,
22:42:37,91635032246,忆白,关注了主播,1211875,[等级16],[粉丝团 Lv1]
22:43:01,70691449635,会飞的蜗牛,关注了主播,1211877,[等级14],
22:43:29,1951014101977145,困困困,关注了主播,1211878,[等级2],
22:43:34,67971881536,多财多亿老司机,关注了主播,1211878,,
22:43:36,2560143647312003,夏司柠,关注了主播,1211878,[等级3],
22:43:49,99588874217,走心,关注了主播,1211879,[等级16],
22:43:53,1068354926817111,了无,关注了主播,1211880,[等级5],
22:44:16,3079052246915732,谁不福 就福钱,关注了主播,1211881,[等级1],
22:44:59,109881104951,372923,关注了主播,1211883,[等级3],
22:45:04,3483700081210894,Jayce,关注了主播,1211885,[等级10],
22:46:00,52584954561,器械师,关注了主播,1211883,[等级16],
22:46:20,4059003691994957,张老板,关注了主播,1211884,[等级13],
22:46:27,1980664755272439,用户2278471359296,关注了主播,1211887,[等级1],
22:46:54,50401887427,ღ᭄ꦿ꯭王ঞ者💞归来ℳ🥀ꦿ꯭,关注了主播,1211888,[等级25],
22:47:03,4047735396771146,goodyer,关注了主播,1211888,[等级2],
22:47:24,111566204905,星晨与海洋,关注了主播,1211888,[等级15],
22:47:34,91615436079,Z|,关注了主播,1211889,[等级12],
22:48:07,95881702290,库车发型设计. 云夏,关注了主播,1211892,[等级33],
22:48:11,1794822707363470,凌风,关注了主播,1211892,[等级12],
22:48:54,7599491612510585905,699,关注了主播,1211893,,
22:49:20,2950739416058189,新安,关注了主播,1211892,[等级16],
22:49:45,108954991189,小小魚.,关注了主播,1211893,[等级1],
22:50:09,7491702758957958202,着🥝,关注了主播,1211896,,
22:50:46,3722283086542603,玻璃心,关注了主播,1211896,,
22:51:36,82367766022,怀锡家居旗舰店,关注了主播,1211897,[等级2],
22:52:37,1051607095320235,💮这个世界是有趣的，没意思的是我,关注了主播,1211898,[等级26],
22:52:50,62735414572,责任,关注了主播,1211899,[等级7],
22:52:54,3734398625392943,有事别@我,关注了主播,1211901,[等级8],
22:53:37,3544418872986936,VP啤酒狗狗,关注了主播,1211901,[等级2],
22:54:00,2999938390169099,HAHA,关注了主播,1211910,[等级2],
22:54:01,4496366411202347,天空的玉米,关注了主播,1211910,,
22:54:02,110187635851,拾壹✔,关注了主播,1211911,[等级26],
22:54:05,101390875439,胡ℋ𝓊 ᥫᩣ,关注了主播,1211912,[等级12],[粉丝团 Lv6]
22:54:06,2775639998604174,鲁鲁力,关注了主播,1211911,[等级12],
22:54:10,2784432303384248,爱意随钟起,关注了主播,1211911,[等级34],[粉丝团 Lv10]
22:54:15,89340704811,无敌牛牛牛,关注了主播,1211911,[等级7],
22:54:16,886641661065396,秋风,关注了主播,1211916,,
22:54:16,355879667638380,77 二十七,关注了主播,1211916,[等级16],[粉丝团 Lv2]
22:54:22,67772966697,迃幵,关注了主播,1211914,[等级17],
22:54:25,91496942412,叽里咕噜,关注了主播,1211915,[等级2],[粉丝团 Lv1]
22:54:44,522965723394283,对方正在输入、、、、,关注了主播,1211919,[等级11],
22:54:49,2784422412694999,爆裂的蛋,关注了主播,1211924,[等级1],[粉丝团 Lv1]
22:54:52,102479424473,风～～～,关注了主播,1211925,[等级13],
22:54:54,7499470668275942458,珊瑚恋,关注了主播,1211929,,
22:54:59,686509598447006,L..,关注了主播,1211929,,
22:55:36,98320747198,等风。,关注了主播,1211927,[等级3],[粉丝团 Lv1]
22:55:50,92339808392,十二,关注了主播,1211927,,
22:56:30,3958702371514515,LaLa,关注了主播,1211928,[等级20],[粉丝团 Lv10]
22:57:11,897670158232734,呆呆糕•ᴗ•,关注了主播,1211927,[等级1],
22:57:17,4202755901632148,用户8881911914990,关注了主播,1211928,,
22:57:38,3945509496828111,一只喜羊羊,关注了主播,1211931,,
22:57:40,1651919460252602,Cns,关注了主播,1211931,[等级6],
22:57:43,3540886128431735,vcvvcs,关注了主播,1211932,[等级22],
22:57:45,3597200516460896,久、,关注了主播,1211933,[等级17],
22:57:49,83094454170,路过,关注了主播,1211935,[等级23],
22:57:52,83953072792,铭星,关注了主播,1211935,,
22:57:54,476531380723920,意未满,关注了主播,1211939,[等级9],[粉丝团 Lv4]
22:58:03,110801985557,韩志会,关注了主播,1211942,[等级7],
22:58:07,3843534301959447,斑马还没有睡,关注了主播,1211941,[等级16],[粉丝团 Lv4]
22:58:11,2296226678322015,昊,关注了主播,1211943,[等级1],[粉丝团 Lv1]
22:58:17,3430091679343453,右耳369,关注了主播,1211944,[等级16],
22:58:26,2379790142945788,可乐味瑞士卷,关注了主播,1211947,[等级32],
22:58:36,1257438338098462,Y。,关注了主播,1211947,[等级4],
22:58:49,4372080299619311,元宇,关注了主播,1211948,[等级16],
23:00:57,61486431568,🌈ꪝ、,关注了主播,1211949,[等级3],
23:01:34,36760235281683,尘陌,关注了主播,1211948,[等级2],[粉丝团 Lv3]
23:02:03,107981348856,鱌,关注了主播,1211948,[等级12],
23:02:43,1214276377785496,尐懒猫🫧,关注了主播,1211950,[等级39],[粉丝团 Lv11]
23:02:47,3896306257364510,放开那个小姐姐,关注了主播,1211950,[等级9],
23:04:14,103897139882,小东,关注了主播,1211952,[等级8],
23:04:34,59808367976,.叁,关注了主播,1211954,[等级5],
23:04:52,4054625572367469,@艾山江,关注了主播,1211957,[等级20],[粉丝团 Lv1]
23:04:59,1103555926950647,韬哥,关注了主播,1211958,[等级8],
23:05:15,3078249041633309,古 月,关注了主播,1211959,[等级34],
23:05:58,63268855191,流年💫,关注了主播,1211958,[等级17],
23:06:45,1808024896813479,@浪子,关注了主播,1211959,[等级7],
23:06:53,3513678056925220,陳樂,关注了主播,1211959,[等级24],[粉丝团 Lv10]
23:06:55,55505598568,你的张张张,关注了主播,1211958,,
23:07:36,3184605477470472,用户2407605848836,关注了主播,1211960,,
23:07:43,838307371550691,0,关注了主播,1211961,[等级7],
23:08:30,215977234011368,千鹤良,关注了主播,1211960,[等级5],
23:08:52,4251162765179091,李宝贝,关注了主播,1211960,,
23:09:32,100447120733,小八叭叭叭叭,关注了主播,1211961,[等级15],
23:09:37,64264319390,十一,关注了主播,1211961,[等级25],
23:09:57,97074099475,，得鹿梦鱼，,关注了主播,1211964,[等级3],
23:10:32,57655379073,$心想事陈,关注了主播,1211964,[等级4],[粉丝团 Lv1]
23:11:09,4336098094886350,猫玖,关注了主播,1211966,[等级3],
23:11:15,110143611659,红包🧧,关注了主播,1211969,[等级6],[粉丝团 Lv10]
23:12:33,3600266234705987,嗨喽,关注了主播,1211971,,
23:13:01,7587283480012522533,泪离情,关注了主播,1211972,,
23:13:43,102011183585,定軍山,关注了主播,1211972,[等级31],
23:13:45,99626206287,W--旭,关注了主播,1211975,[等级8],
23:14:09,97093143639,大脸嘟嘟,关注了主播,1211977,[等级25],
23:14:30,107977773654,➷金丝猴™121,关注了主播,1211977,[等级8],
23:14:33,673327502078759,人胜定天,关注了主播,1211978,[等级5],
23:14:43,7421486913226589243,🆔지、🎨,关注了主播,1211976,,
23:14:50,3806984576970316,X J Y,关注了主播,1211979,[等级2],
23:15:33,21808294301,hjs,关注了主播,1211979,[等级15],
23:16:34,108274752403,宁缺毋滥,关注了主播,1211973,[等级11],
23:16:49,75011777971,🌈行大运,关注了主播,1211980,[等级11],
23:17:03,1869649273715943,CCC,关注了主播,1211978,[等级7],
23:17:04,1011206550725134,再无微风,关注了主播,1211982,[等级20],
23:17:25,7440484484640670745,钱坤坤,关注了主播,1211982,[等级10],
23:19:17,105957164200,RingdiNg丶,关注了主播,1211983,[等级9],
23:19:41,104896370309,@樊轕,关注了主播,1211983,[等级15],
23:19:47,71172388396,修,关注了主播,1211984,[等级24],
23:20:21,2489763629901948,修改名字,关注了主播,1211985,,
23:20:51,3085646906542780,青蛙公主,关注了主播,1211982,[等级8],
23:20:59,93404232947,双裕,关注了主播,1211989,[等级26],
23:21:06,94300814076,张三岁⭐,关注了主播,1211989,[等级16],
23:21:07,4124971351940077,用户6324131632327,关注了主播,1211990,,
23:21:13,83695568404,发福冰墩墩,关注了主播,1211992,[等级17],
23:21:19,3861913772760045,起名字真令人头大呀！,关注了主播,1211992,[等级15],
23:21:21,1021861725470938,十一,关注了主播,1211994,[等级1],
23:21:22,7541023693947192380,乐宝,关注了主播,1211996,,
23:22:18,61564364546,一直在路上🚗,关注了主播,1211994,[等级7],
23:23:05,94812067391,Loeyan-1125,关注了主播,1211995,[等级3],
23:23:05,67972595374,杨参谋,关注了主播,1211995,[等级23],
23:23:06,69820207109,天凉好个秋,关注了主播,1212000,[等级12],
23:23:07,739335045126606,井成丶,关注了主播,1212001,[等级6],
23:23:08,4275370527296364,旺旺加冰,关注了主播,1212005,[等级4],
23:23:09,60924306177,春晓·,关注了主播,1212007,[等级13],
23:23:11,3204443171193880,@&自渡自愈~/@余生安好@,关注了主播,1212007,,
23:23:12,93917382741,蟹 小谢,关注了主播,1212013,[等级3],
23:23:13,97009244474,叹,关注了主播,1212013,[等级10],
23:23:14,1742066780219672,: 正落樱,关注了主播,1212013,[等级22],
23:23:17,1845423225446986,小仔爷,关注了主播,1212013,[等级13],[粉丝团 Lv4]
23:23:20,7633691818802562085,合肥程经理,关注了主播,1212015,,
23:23:36,60843476736,拿跟紫云来咂咂,关注了主播,1212015,[等级7],
23:24:44,2487567338183443,⇞2,关注了主播,1211994,[等级15],
23:25:01,104697692309,星河映鑫,关注了主播,1212012,[等级21],[粉丝团 Lv1]
23:25:13,2753637961438141,舒,关注了主播,1212012,[等级3],
23:28:16,101166548876,魔都七七,关注了主播,1212008,[等级6],
23:28:33,2182967523818956,🦋🦋粥粥❤️❤️,关注了主播,1212015,,
23:28:44,3976298540579768,耄耋,关注了主播,1212015,[等级2],
23:30:09,2875954045397320,歪歪,关注了主播,1212015,[等级15],
23:31:06,68211195331,哈尔滨市道外区鑫恒通汽车维修中心,关注了主播,1212009,[等级3],
23:31:08,3943291458683534,一辈子读书,关注了主播,1212016,[等级1],
23:31:09,4406431153140685,主,关注了主播,1212016,[等级7],
23:31:18,3993877494111405,小千大梦,关注了主播,1212017,[等级8],
23:32:23,3940284154000877,￴ ￴￴ ￴ ￴ ￴ ￴ ￴ ￴,关注了主播,1212019,[等级13],
23:32:27,2141468374337939,一 一,关注了主播,1212019,[等级8],
23:32:33,1802831499638173,足坛小将,关注了主播,1212019,,
23:32:37,75215190103196,九妹,关注了主播,1212021,[等级21],
23:32:40,58839768816,九岳名酒城,关注了主播,1212022,[等级27],
23:32:43,1980648570494555,防,关注了主播,1212024,,
23:32:54,3191221511522090,专业贴砖（小何师傅）,关注了主播,1212024,[等级3],
23:32:55,103951972091,贾胖子,关注了主播,1212027,[等级19],
23:33:00,73880468522,🔅,关注了主播,1212027,[等级14],
23:33:03,3318771383009283,用户5569277092389,关注了主播,1212027,[等级1],
23:33:03,62440022451,Occ,关注了主播,1212027,[等级6],
23:33:05,1196691050229567,信念,关注了主播,1212029,[等级9],
23:33:09,1019949437689240,北方黑虎,关注了主播,1212029,,
23:33:11,189588894394044,J🍃,关注了主播,1212031,[等级14],
23:33:12,2450140267552558,A🍉,关注了主播,1212032,[等级28],
23:33:13,2071123333230174,帅团仔,关注了主播,1212032,[等级24],
23:33:18,1028733801596847,东子,关注了主播,1212018,[等级3],
23:33:20,104376417957,碎冰蓝.,关注了主播,1212034,[等级6],
23:33:28,92657966280,俊豪奔驰新能源维修中心,关注了主播,1212036,[等级13],
23:33:32,105286428059,西昌同城安装灯具开关插座与维修,关注了主播,1212036,[等级14],
23:33:40,1179126896795928,一顿八碗米饭,关注了主播,1212036,[等级13],
23:33:43,2598900609334804,🌈G z,关注了主播,1212040,[等级14],
23:33:44,3705797003183227,允诺,关注了主播,1212041,[等级3],
23:33:48,4130183403811807,俗人y,关注了主播,1212043,[等级16],
23:33:52,61662520245,不喜欢阴天,关注了主播,1212043,[等级3],
23:33:53,109530379797,利源电器,关注了主播,1212046,[等级11],
23:33:53,2409772005476759,亦难,关注了主播,1212046,[等级2],
23:33:54,1629934988564779,过路的,关注了主播,1212049,[等级3],
23:33:55,105541553532,小祖宗,关注了主播,1212049,[等级16],
23:33:55,101166080173,≮默༒念≯,关注了主播,1212050,[等级8],[粉丝团 Lv11]
23:33:56,466673890236944,有点牛逼,关注了主播,1212051,[等级2],
23:33:57,1679682989465453,Zsyqslo,关注了主播,1212054,,
23:33:58,7573716705048265765,小苝,关注了主播,1212054,,
23:33:59,1838802754608360,ginkgotree,关注了主播,1212054,,
23:34:00,103623410647,Mr  Zᴳᵀ兜里只有叁拾,关注了主播,1212059,[等级31],
23:34:01,105476027093,西红柿拌白糖～,关注了主播,1212067,[等级1],
23:34:02,53359628610,双肩,关注了主播,1212069,[等级12],
23:34:03,101692944497,-MrZat,关注了主播,1212070,[等级11],
23:34:04,1064800461788158,搞钱,关注了主播,1212077,[等级3],
23:34:05,4376517317765123,难舍ya,关注了主播,1212085,[等级17],
23:34:06,1560929817070076,友达人力,关注了主播,1212088,[等级14],
23:34:07,476538558224938,用户9819520570587,关注了主播,1212091,,
23:34:09,67616206165,ʚ♡⃛ɞ邂逅好运🍀,关注了主播,1212091,[等级23],
23:34:10,13942796428,໑ຼₒ໑ຼ₅࿚໌ᮨ້韦๑ᩚ࿐,关注了主播,1212097,[等级3],
23:34:10,4270133884757960,没有誰唯有你,关注了主播,1212096,[等级1],
23:34:11,108447164779,见贤思齐,关注了主播,1212098,[等级6],
23:34:12,3345133574293752,屠夫奥德辉,关注了主播,1212099,[等级14],
23:34:13,1852029136547006,贝利亚,关注了主播,1212101,[等级2],
23:34:14,4339110402067072,牛魔 王,关注了主播,1212102,[等级2],
23:34:15,104971726758,菠萝大王,关注了主播,1212106,[等级21],
23:34:16,71907372454,AAA铝单板生产厂家,关注了主播,1212107,[等级1],
23:34:17,1073586465149624,难哄的李逍遥,关注了主播,1212109,[等级24],
23:34:19,4353721897067259,媛儿,关注了主播,1212109,[等级1],
23:34:21,4482069939893323,Aaa辉,关注了主播,1212112,[等级31],
23:34:21,584564332307592,树杈上的神✌️,关注了主播,1212112,[等级3],
23:34:22,2112597085681033,若水三千,关注了主播,1212115,,
23:34:25,101020271506,钢铁直男,关注了主播,1212115,[等级20],[粉丝团 Lv3]
23:34:31,78635540474,^.小谕大王💤（找粉丝）,关注了主播,1212118,[等级2],
23:34:40,3707178311221484,大自然搬运工,关注了主播,1212118,[等级17],
23:34:44,4059047166476516,辉,关注了主播,1212118,[等级11],
23:34:45,2939455961039767,用户7616443458305,关注了主播,1212120,,
23:34:55,1317630637521904,念南都,关注了主播,1212122,[等级12],
23:34:59,2332516629351212,和平,关注了主播,1212124,,
23:35:21,2774803079772163,小田.,关注了主播,1212124,[等级2],
23:35:28,2383381384662167,明经龙,关注了主播,1212127,[等级6],
23:35:34,7626046097862444090,用户1754875778984,关注了主播,1212128,,
23:35:40,3148621440090621,…………………,关注了主播,1212131,,
23:35:44,2955906824823408,𝓡𝓪𝓲,关注了主播,1212132,[等级12],[粉丝团 Lv9]
23:35:50,1212112307231369,瑜圆,关注了主播,1212135,[等级2],
23:36:10,2881193540333951,零和无数零,关注了主播,1212135,,
23:36:15,93570990658,杨先生Kiro,关注了主播,1212135,,
23:36:35,1165120937928107,dy56km3q2f0e,关注了主播,1212136,[等级5],
23:36:36,97905464281,小石头~,关注了主播,1212138,[等级12],
23:36:37,13610643363805,ㅤㅤㅤ,关注了主播,1212140,[等级16],
23:37:00,110879347097,🌈牛肉羊肉是肉🐻,关注了主播,1212139,[等级11],
23:37:02,31250498467639,yuan。,关注了主播,1212141,[等级5],
23:37:17,4202756000722387,@11%,关注了主播,1212141,[等级10],
23:37:25,2101871069377064,白沙倍耐力轮胎,关注了主播,1212142,[等级1],
23:37:42,102191303122,🌈翔子,关注了主播,1212143,[等级24],
23:38:23,9446658770,海阔天空.,关注了主播,1212145,[等级8],
23:38:23,1258318807445064,未止风,关注了主播,1212145,,
23:38:38,75395743032,俺福禄有,关注了主播,1212145,[等级19],
23:38:47,2562302130793258,沐林,关注了主播,1212146,[等级20],
23:39:12,104937507456,心里话,关注了主播,1212147,[等级4],[粉丝团 Lv4]
23:39:14,104937507456,心里话,关注了主播,1212147,[等级4],[粉丝团 Lv4]
23:39:18,4124957518074247,卄 乆,关注了主播,1212151,[等级10],
23:39:19,505372189138547,大峻,关注了主播,1212150,[等级6],
23:39:29,3762983131939812,霖冬岛,关注了主播,1212150,[等级3],
23:39:33,70972451072,²⁰²⁶₆₆₆₆⁸⁸⁸⁸👤,关注了主播,1212150,[等级28],[粉丝团 Lv10]
23:40:10,748119529359267,✨,关注了主播,1212141,[等级6],
23:40:24,103340083195,涵涵爸,关注了主播,1212154,[等级11],
23:40:27,990004217912040,Hygge,关注了主播,1212154,[等级6],[粉丝团 Lv3]
23:40:29,106880954198,￰￰ ￰,关注了主播,1212157,[等级15],
23:40:38,3869870714520800,，。。,关注了主播,1212157,,
23:40:40,3869870714520800,，。。,关注了主播,1212159,,
23:40:45,7522155854118077498,昔日旧梦浮现,关注了主播,1212159,[等级1],
23:40:52,93070103065,鱼🥚,关注了主播,1212159,[等级20],
23:40:54,3747548681733535,钢铁加鲁鲁,关注了主播,1212163,[等级19],
23:41:11,3977375121685258,簡单,关注了主播,1212162,[等级6],
23:41:13,103979303537,旅途风景,关注了主播,1212166,[等级18],
23:41:33,1455359605095949,那个人,关注了主播,1212166,[等级20],
23:41:41,54930567561,禾歺何,关注了主播,1212168,[等级3],
23:41:43,85265674135,大边缘,关注了主播,1212168,[等级9],
23:41:45,3704674562101075,Vv,关注了主播,1212170,[等级2],
23:41:47,58210153174,🌈演太过,关注了主播,1212171,[等级32],
23:41:51,4309675418078653,娜旎妮🌶️,关注了主播,1212172,[等级15],
23:41:53,1656307798250695,土匪头子谢宝庆,关注了主播,1212177,[等级18],
23:41:54,96746269926,金尘,关注了主播,1212177,[等级23],
23:41:56,3985052983888600,248,关注了主播,1212179,[等级21],
23:41:57,92736356078,Y🚥,关注了主播,1212183,[等级2],
23:41:58,2485358849695028,罗狮粉什么味道,关注了主播,1212185,[等级9],
23:41:59,268744560492430,上进心,关注了主播,1212186,[等级15],
23:42:00,113950156132612,你该幸福了,关注了主播,1212186,[等级11],
23:42:00,111633741840,向天再借5厘米,关注了主播,1212191,[等级38],[粉丝团 Lv12]
23:42:02,57712130917,〆 ﹏为 你 伏笔。,关注了主播,1212193,[等级8],
23:42:03,63056364493,少年,关注了主播,1212198,[等级15],
23:42:04,92011651307,刘凯迪.,关注了主播,1212202,[等级2],
23:42:04,101241162207,ItookapillinLA.,关注了主播,1212202,[等级22],
23:42:04,53318670518,小苏,关注了主播,1212203,[等级33],
23:42:06,72084836532,🌈ss,关注了主播,1212210,[等级9],
23:42:07,4292946723090695,小饭,关注了主播,1212212,[等级16],
23:42:08,105800292858,已阅,关注了主播,1212212,[等级3],
23:42:09,59045524519,陌缘,关注了主播,1212223,[等级8],
23:42:10,95258957395,🍓,关注了主播,1212228,[等级20],[粉丝团 Lv7]
23:42:10,52458840338,⍩⃝⃜,关注了主播,1212228,[等级7],
23:42:11,2727246737977063,瑞士卷卷卷,关注了主播,1212233,[等级1],
23:42:12,4130512367,我是超级大富翁💰,关注了主播,1212237,[等级13],
23:42:12,1665117262978332,肯斯,关注了主播,1212237,,
23:42:13,96880737392,歖、,关注了主播,1212243,,
23:42:14,63134594423,x.,关注了主播,1212245,[等级10],
23:42:14,1881969712702168,Hilarious🍺,关注了主播,1212245,[等级6],
23:42:15,176392914349309,过客而已,关注了主播,1212245,[等级1],
23:42:17,2968286960553251,Ｑ．,关注了主播,1212248,[等级3],
23:42:18,102356680728,@M,关注了主播,1212247,[等级5],
23:42:57,4165362868297496,后海不是海,关注了主播,1212224,[等级2],
23:43:07,231370103729091,瀺海,关注了主播,1212223,[等级4],
23:43:16,69603726444,🌈✨🌈,关注了主播,1212224,[等级4],
23:43:46,109105164521,悦鸣,关注了主播,1212224,[等级11],
23:44:34,1836654786263850,1️⃣9️⃣,关注了主播,1212224,,
23:45:01,84162267506,✈️,关注了主播,1212225,[等级23],
23:45:29,3126643918904701,djzz小宝,关注了主播,1212224,[等级20],
23:45:38,3159335208782411,January,关注了主播,1212227,,
23:46:57,1789615191367438,阳光721,关注了主播,1212224,[等级4],
23:47:13,4420510890861432,不知道,关注了主播,1212226,[等级28],
23:47:21,72062187836,家住海边就爱浪,关注了主播,1212228,[等级11],
23:47:34,81209938757,驰,关注了主播,1212230,[等级13],[粉丝团 Lv12]
23:48:25,21574374924,imfine,关注了主播,1212232,[等级12],
23:49:28,716490035445943,随便看看吧,关注了主播,1212231,[等级17],
23:49:29,30389844320387,林（记一下美好的回忆）,关注了主播,1212231,[等级32],
23:51:20,69392027384,胖大海,关注了主播,1212228,[等级22],
23:52:43,94059128125,不瘦二十斤不改名.,关注了主播,1212230,[等级6],
23:52:57,4441642763564061,王小姐,关注了主播,1212228,[等级1],
23:53:44,74324639583,D7Z,关注了主播,1212227,[等级10],
23:54:12,95810176166,HS-,关注了主播,1212231,[等级6],
23:54:41,1895188745948163,Jennifer _Zhang,关注了主播,1212232,[等级5],
23:54:52,79337884987,一口吃不夏啊,关注了主播,1212234,,
23:54:55,109626734129,秃然,关注了主播,1212235,[等级12],
23:55:20,59262903914,买不起宾利的7系车主,关注了主播,1212236,[等级14],
23:55:22,84842555872,十一哥,关注了主播,1212236,[等级16],
23:55:28,1490573769064109,彗星的余温,关注了主播,1212237,[等级16],
23:55:54,3606878711716283,r烬,关注了主播,1212235,,
23:55:55,502891385222592,庭,关注了主播,1212237,[等级1],
23:56:37,187362708562000,我心本无泪,关注了主播,1212236,,
23:56:48,1706880566573901,森林的鹿,关注了主播,1212237,[等级10],[粉丝团 Lv2]
23:57:00,101266487464,向上的小彭,关注了主播,1212237,[等级6],
23:57:03,833863019937258,来了来了来了,关注了主播,1212237,,
23:57:04,1621159529167735,杰尼-968,关注了主播,1212239,,
23:57:05,1924589224211888,欣✨,关注了主播,1212239,,
23:57:09,98043770940,乘风破浪,关注了主播,1212240,[等级10],
23:57:11,2937491049950936,Caᴗo'☪︎.,关注了主播,1212242,[等级8],
23:57:17,91497209422,0.01%（今晚不熬夜）,关注了主播,1212242,[等级22],[粉丝团 Lv9]
23:57:19,3161850240565639,- 风随宇行 ✨,关注了主播,1212242,[等级28],
23:57:23,1722296901838384,七彩祥泉,关注了主播,1212242,,
23:57:42,76923371554,胡萝卜,关注了主播,1212243,[等级3],
23:57:44,4413888340957338,光光,关注了主播,1212243,[等级2],
23:57:52,75981838146,只因你在,关注了主播,1212245,[等级2],
23:58:04,2921882443844219,hero,关注了主播,1212245,[等级8],
23:58:11,100513732239,额哥,关注了主播,1212246,[等级24],
23:58:36,361062402108520,福福福福福福宝宝,关注了主播,1212246,[等级1],
23:59:00,1271465011861150,@链接也断开,关注了主播,1212247,[等级12],
23:59:09,86168616590,烁..,关注了主播,1212247,[等级18],
23:59:18,2059860866508618,小孙.钓路亚,关注了主播,1212248,,
23:59:27,992210008675600,RRc-ni,关注了主播,1212248,,
23:59:49,2366589542606237,李铭,关注了主播,1212249,[等级16],
23:59:50,4355580026952092,果子,关注了主播,1212249,[等级16],
00:00:03,97623889962,宇宙太阳系地球第一终极至尊无敌暴龙战士,关注了主播,1212250,,
00:00:11,82506941958,“”洋芋粑”,关注了主播,1212251,[等级20],
00:00:14,3913912864484381,豆包麦格,关注了主播,1212251,[等级3],
00:00:26,2578824968798432,磕头,关注了主播,1212252,,
00:00:28,83774499090,哇藕,关注了主播,1212254,[等级24],
00:00:52,926234481787532,好像天气晴,关注了主播,1212252,[等级7],
00:01:15,3949085332084468,点横撇捺不是六,关注了主播,1212253,[等级16],[粉丝团 Lv13]
00:01:29,106638365678,ojm,关注了主播,1212253,[等级4],
00:01:46,353360982584506,跑跑,关注了主播,1212253,,
00:03:26,3151630388434616,爱要饭的金礼物,关注了主播,1212256,[等级18],
00:03:45,56929763147,良朾,关注了主播,1212256,[等级4],
00:04:03,95678215081,小胖子,关注了主播,1212258,[等级17],
00:04:12,62003383777,MXC,关注了主播,1212258,[等级4],
00:05:06,2260191160051224,矮油，你真der。,关注了主播,1212260,[等级9],
00:05:19,1860792211998797,龚淑涵,关注了主播,1212261,[等级12],
00:05:21,59192512327,柒柒,关注了主播,1212261,[等级4],
00:05:22,97103824505,家有卷发大眼妹,关注了主播,1212261,[等级14],
00:05:24,514990707841261,美式泡鲁达,关注了主播,1212264,,
00:05:26,63556891262,鲈鱼虾,关注了主播,1212267,[等级9],
00:05:26,2400969402889214,小夏骑不快,关注了主播,1212268,[等级31],
00:05:27,1852048413048717,心理委员,关注了主播,1212273,[等级4],
00:05:28,3817138195536375,谁家烀苞米呢？,关注了主播,1212277,[等级6],
00:05:29,86226782707,意联,关注了主播,1212281,[等级1],
00:05:31,96663182229,我兜里有糖-,关注了主播,1212281,[等级8],
00:05:33,515024398597470,Violet,关注了主播,1212281,[等级3],
00:05:37,68603033850,比奇堡垫脚石派哥,关注了主播,1212282,[等级15],
00:05:39,1859994435206744,银狼啸月,关注了主播,1212284,[等级8],
00:05:49,72747227674,**^_^** 冰,关注了主播,1212283,[等级5],
00:06:16,107997405518,高先生,关注了主播,1212284,[等级10],
00:06:29,98690236644,星耀,关注了主播,1212286,[等级9],
00:06:35,3712419909869655,妖狐丷,关注了主播,1212287,[等级8],
00:07:07,101891613740,祥鑫景观🍂,关注了主播,1212287,[等级16],
00:07:13,93410472842,江湖快递员,关注了主播,1212285,[等级21],
00:07:14,58656495489,30而已,关注了主播,1212287,[等级20],
00:07:42,4199747051075454,dyz33w5217xb,关注了主播,1212287,,
00:07:51,752546355883271,艹,关注了主播,1212291,[等级12],
00:08:42,97467531068,1516,关注了主播,1212292,[等级2],
00:10:18,69786374088,ぃ嗨丶张先生。、,关注了主播,1212285,[等级21],
00:10:28,104286095261,六 月,关注了主播,1212290,[等级10],
00:10:47,3743175897517912,知不道,关注了主播,1212293,,
00:10:54,3492466830348903,人,关注了主播,1212294,[等级12],
00:11:57,615346352693975,🍊海,关注了主播,1212294,[等级26],
00:12:18,64132788699,V,关注了主播,1212295,[等级15],
00:15:07,1137373984069363,庆幸,关注了主播,1212292,[等级2],
00:15:47,4487553433734268,t,关注了主播,1212292,[等级1],
00:16:43,719518295662868,墨小邪,关注了主播,1212294,,
00:17:00,3200020380652723,用户2723182105757,关注了主播,1212295,,
00:17:21,76705856390,7🎣,关注了主播,1212296,[等级29],
00:18:08,63285439261,YOLO,关注了主播,1212296,[等级12],
00:18:14,102089271494,喔尔福冈,关注了主播,1212294,[等级28],
00:18:21,96409294584,雲淚,关注了主播,1212298,[等级18],
00:18:44,97594469382,欭惗,关注了主播,1212300,[等级15],
00:18:47,3817969440522280,发誓不再熬夜,关注了主播,1212300,[等级3],
00:21:29,97927163843,陈思青.,关注了主播,1212300,[等级11],
00:22:33,89859147590,𝔀𝓲𝓷𝓮𝓵𝓵𝓲𝓪.,关注了主播,1212300,[等级15],
00:23:23,57351343728,名字🍂,关注了主播,1212300,[等级18],
00:23:58,2374536525538606,讨厌坏天气,关注了主播,1212301,[等级12],
00:24:01,3036199779318650,情堪忘,关注了主播,1212302,[等级1],
00:24:04,102075618464,咕咕咕叽,关注了主播,1212302,[等级14],
00:24:09,102412217453,༄℘⃝兜℘⃝有℘⃝米࿐,关注了主播,1212304,[等级13],
00:25:22,84918726586,好运@常伴,关注了主播,1212305,[等级3],
00:25:38,1587350801484333,☆,关注了主播,1212305,[等级3],
00:25:52,100697476620,航航0424,关注了主播,1212307,[等级7],
00:26:00,386632016215277,匚丅,关注了主播,1212307,[等级3],
00:26:21,553756149690413,本性,关注了主播,1212308,[等级26],
00:26:22,2077432098589239,涛,关注了主播,1212309,[等级2],
00:26:38,1399029615830606,Hovr,关注了主播,1212311,[等级3],
00:27:21,873450137716475,临沧国源红旗李朝稳,关注了主播,1212313,[等级1],
00:27:23,94057625910,盖了帽了,关注了主播,1212313,[等级14],
00:28:34,783330060803895,啊明明,关注了主播,1212313,,
00:29:51,63608497517,影子的幸福_2304,关注了主播,1212313,[等级8],
00:31:01,95468996222,张秋庭,关注了主播,1212313,[等级20],
00:31:32,58964081325,Zhg!,关注了主播,1212313,,
00:31:41,4244556907026520,楔子,关注了主播,1212315,[等级10],
